split,genre,graph_path,feature_path,ytid,start_s,end_s,caption,tags,mood
train,jazz,C:\Users\user\Downloads\gnn_bert_music_context\data\processed\graphs\jazz\jazz.00040.pkl,C:\Users\user\Downloads\gnn_bert_music_context\data\processed\features\jazz\jazz.00040.npy,qm8sJxsZ5VY,30,40,"The song is an instrumental. The song has ambient room noises like hair trimming tones and funny tones. The song has slick drumming rhythm, groovy bass line, guitar rhythm and keyboard accompaniment. The song is groovy and funny. The song is a soundtrack for a funny prank video.","['funky jazz music', 'instrumental music', 'medium tempo', 'funny pranks', 'medium tempo', 'youtube funny videos', 'just for laughs', 'funny video soundtrack', 'funny tones', 'guitar strumming', 'funk jazz hits', 'energising', 'emotional', 'spirited', 'groove', 'trimmer tones', 'groovy bass line', 'keyboard accompaniment', 'slick drumming rhythm']",happy
train,country,C:\Users\user\Downloads\gnn_bert_music_context\data\processed\graphs\country\country.00008.pkl,C:\Users\user\Downloads\gnn_bert_music_context\data\processed\features\country\country.00008.npy,R1RGIgC-xKw,30,40,"This music clip is a Lively Banjo instrumental. The tempo is fast with a spirited Banjo lead harmony. The music is simple, cheerful, happy, festive, upbeat and vivacious. The audio is not very clear as it is a home recording. The music has a country or folk song vibe.","['instrumental', 'fast tempo', 'lively', 'spirited', 'country music', 'folk song', 'regional music', 'banjo', 'banjo lead', 'no accompaniment', 'world music', 'melodious', 'poor audio quality', 'home recording', 'stringed instrument', 'country', 'bluegrass', 'folk', 'high pitched sounds']",energetic
train,rock,C:\Users\user\Downloads\gnn_bert_music_context\data\processed\graphs\rock\rock.00070.pkl,C:\Users\user\Downloads\gnn_bert_music_context\data\processed\features\rock\rock.00070.npy,zjsWFvUkh7M,30,40,"A male vocalist sings this energetic song. The tempo is fast with enthusiastic drumming , rhythmic electric and keyboard harmony. The song is muffled because of poor audio quality and several sounds that are superimposed on it. There are sounds of water, static, bubbles, scuffling and a female voice speaking. The song is incoherent but from what can be heard it sounds like Pop Rock.","['male vocalist', 'medium  tempo', 'spirited', 'scuffling', 'bubbles', 'sound of water', 'static', 'person talking', 'superimposed sounds over song', 'muffled sound', 'home recording', 'amateur recording', 'rock', 'energetic drumming', 'female voice talking']",energetic
train,jazz,C:\Users\user\Downloads\gnn_bert_music_context\data\processed\graphs\jazz\jazz.00021.pkl,C:\Users\user\Downloads\gnn_bert_music_context\data\processed\features\jazz\jazz.00021.npy,nVsAyArtEh0,30,40,The music features an electric guitar playing what sounds to be a solo over a backing track or an actual recording of a song. The notes played in this passage are played fast. The vocabulary used by the guitarist resembles that of the jazz-fusion genre.,"['electric guitar', 'solo', 'backing track', 'fast notes', 'jazz-fusion genre']",energetic
train,jazz,C:\Users\user\Downloads\gnn_bert_music_context\data\processed\graphs\jazz\jazz.00065.pkl,C:\Users\user\Downloads\gnn_bert_music_context\data\processed\features\jazz\jazz.00065.npy,V1A4wBgvPgI,250,260,This jazz song features the main melody played on a flugelhorn and a saxophone. Both instruments play in harmony with variations in melody. These instruments compliment each other. This is accompanied by percussion playing a jazz beat with constant strokes on the ride cymbal. The bass guitar plays a groovy bassline starting with a descending lick. This is then followed with an ascending lick to reach the higher notes before descending back. The guitar plays chords with string muting in a jazz rhythm.  The mood of this song is upbeat. This song can be played in an advertisement for a luxury car.,"['jazz', 'flugelhorn', 'saxophone', 'percussion', 'groovy bass', 'jazz guitar', 'moderate tempo', 'happy mood', 'no voices', 'instrumental']",happy
train,hiphop,C:\Users\user\Downloads\gnn_bert_music_context\data\processed\graphs\hiphop\hiphop.00064.pkl,C:\Users\user\Downloads\gnn_bert_music_context\data\processed\features\hiphop\hiphop.00064.npy,cbq6Q2htPRM,30,40,"The music contains an energetic female voice which is sharp and clear. It is between rapping and singing. In the background are electronic music effects, at medium to high pitch. The atmosphere is smooth and confident. A drum kit plays a mid tempo pattern and It is very digital sounding.","['female singer', 'r&b', 'hip-hop', 'fuzzy synth', 'kick', 'guitar', 'electronic bass', 'smooth', 'electronic drum kit']",energetic
train,country,C:\Users\user\Downloads\gnn_bert_music_context\data\processed\graphs\country\country.00058.pkl,C:\Users\user\Downloads\gnn_bert_music_context\data\processed\features\country\country.00058.npy,whIj6mrUGzQ,30,40,Someone is playing an acoustic guitar while a female voice is singing/yodeling in a higher pitch. in the background voices can be heard. This is an amateur recording. This song may be playing at a local folk-event.,"['country/yodeling', 'acoustic guitars', 'female voice singing/yodeling', 'higher register', 'amateur recording', 'slow tempo', 'background voices']",calm
train,pop,C:\Users\user\Downloads\gnn_bert_music_context\data\processed\graphs\pop\pop.00093.pkl,C:\Users\user\Downloads\gnn_bert_music_context\data\processed\features\pop\pop.00093.npy,qknDM3pcoD0,140,150,"This song carries a powerful air of conviction with it that is aided by  the singer's soulful performance. It's a heartbreak song and although it feels sad, it also feels like a reclamation of power. It's a live performance with a full band including guitarists, violinists, a pianist and a drummer who plays a pop beat. The genre for this song could be classified as pop-soul.","['live performance', 'soulful song', 'soulful female singer', 'electric guitars', 'violins', 'piano', 'simple pop drum beat', 'emotional', 'heartbreak', 'conviction', 'powerful']",energetic
train,reggae,C:\Users\user\Downloads\gnn_bert_music_context\data\processed\graphs\reggae\reggae.00084.pkl,C:\Users\user\Downloads\gnn_bert_music_context\data\processed\features\reggae\reggae.00084.npy,Ou2rEaq28PM,350,360,This is a reggae/dub music piece. There is a fat sounding bass guitar playing a groovy bass line. An electric guitar with heavy delay and reverb effects is playing a vague tune. There is a reggae acoustic drum beat in the rhythmic background. The atmosphere is trippy. This piece could be used in the soundtrack of a movie during scenes where a character would be under the influence of substances.,"['reggae', 'dub', 'electric guitar', 'heavy effects', 'bass guitar', 'acoustic drums', 'chill', 'trippy', 'groovy']",neutral
train,rock,C:\Users\user\Downloads\gnn_bert_music_context\data\processed\graphs\rock\rock.00015.pkl,C:\Users\user\Downloads\gnn_bert_music_context\data\processed\features\rock\rock.00015.npy,hVVrl9FkKnY,240,250,"This is an instrumental rock music piece recording in the style of blues. There is an electric guitar playing a solo using the shredding technique. The backing track consists of a piano, a bass guitar and acoustic drums. There is a groovy feel to it. Parts of this recording could be sampled for use in beat-making.","['rock music', 'jam', 'no singer', 'instrumental', 'electric guitar', 'guitar solo', 'shredding', 'backing track', 'piano', 'bass guitar', 'acoustic drums', 'groovy', 'blues']",neutral
train,country,C:\Users\user\Downloads\gnn_bert_music_context\data\processed\graphs\country\country.00078.pkl,C:\Users\user\Downloads\gnn_bert_music_context\data\processed\features\country\country.00078.npy,lwQVcLxFBIQ,20,30,A male voice is singing in the mid range accompanied by acoustic drums with a groove on the ride cymbal and a bass playing a simple line. In the background you can hear a keyboard playing short chords while a trumpet is playing its own melody at the end of the singer's phrases.  This song may be playing in a repair workshop.,"['country/rock', 'acoustic drums', 'male voice singing', 'e-bass', 'trumpet', 'keys', 'medium tempo', 'uplifting mood']",happy
train,pop,C:\Users\user\Downloads\gnn_bert_music_context\data\processed\graphs\pop\pop.00029.pkl,C:\Users\user\Downloads\gnn_bert_music_context\data\processed\features\pop\pop.00029.npy,SLq-Co_szYo,30,40,"This song is an upbeat pop song. The tempo is medium fast with energetic drumming, groovy bass lines, keyboard harmony, synthesiser arrangements and female vocal riff. The song is fresh, youthful, perky, catchy, cheerful and energetic. There are sounds of wind, breeze and some metal clanking. This song sounds like a Jingle.","['sound of wind', 'energetic drumming', 'cheerful', 'energetic', 'catchy', 'perky', 'metallic sound', 'ambient nature music', 'punchy basslines', 'keyboard harmony', 'synthesiser arrangements', 'whooshing sound', 'windy', 'breezy', 'catchy vocal riff', 'female choral harmony', 'perky', 'peppy', 'cheerful', 'energetic', 'melodious', 'pop', 'jingle']",energetic
train,rock,C:\Users\user\Downloads\gnn_bert_music_context\data\processed\graphs\rock\rock.00042.pkl,C:\Users\user\Downloads\gnn_bert_music_context\data\processed\features\rock\rock.00042.npy,-Umconw-CRE,30,40,"The low quality recording features a cover of a rock song with a rock instrumental playback playing in the background and electric guitar solo melody playing on top of it. It sounds muffled and noisy, as it was probably recorded with a low quality microphone, but it is still passionate and emotional.","['low quality', 'noisy', 'muffled', 'electric guitar solo melody', 'cover', 'rock instrumental playback', 'passionate', 'emotional']",romantic
train,metal,C:\Users\user\Downloads\gnn_bert_music_context\data\processed\graphs\metal\metal.00015.pkl,C:\Users\user\Downloads\gnn_bert_music_context\data\processed\features\metal\metal.00015.npy,2xQuWif8axE,30,40,This is a live recording of an instrumental progressive metal piece. A solo is being played on the electric guitar at a very fast pace using the technique of shredding. Rapid jumps from medium to high range notes can be heard. The atmosphere is aggressive.,"['live recording', 'progressive metal', 'instrumental', 'no singer', 'single instrument', 'electric guitar', 'guitar solo', 'shredding', 'fast-paced', 'aggressive']",energetic
train,pop,C:\Users\user\Downloads\gnn_bert_music_context\data\processed\graphs\pop\pop.00051.pkl,C:\Users\user\Downloads\gnn_bert_music_context\data\processed\features\pop\pop.00051.npy,pqsU95TNNP8,220,230,"The low quality recording features a cover of a pop song and it features passionate female vocal singing over acoustic rhythm guitar. There is a quiet playback playing in the background - it sounds like it is coming from headphones. The recording is a bit resonant and noisy, but it sounds emotional and heartfelt regardless.","['low quality', 'cover', 'pop', 'passionate female vocal', 'acoustic rhythm guitar', 'quiet playback', 'noisy', 'resonant', 'emotional', 'heartfelt']",romantic
train,rock,C:\Users\user\Downloads\gnn_bert_music_context\data\processed\graphs\rock\rock.00011.pkl,C:\Users\user\Downloads\gnn_bert_music_context\data\processed\features\rock\rock.00011.npy,KV99GJg0tvA,30,40,This is a doo wop music piece. There are male vocals singing melodically. The main tune is being played by the electric guitar and the keyboard while the bass guitar is playing in the background. The rhythm is provided by the acoustic drums. The atmosphere is danceable and joyful. This piece could be playing at a dance club for an oldies night.,"['doo wop', 'rock', 'male vocals', 'melodic singing', 'electric guitar', 'bass guitar', 'keyboard', 'acoustic drums', 'danceable', 'energetic', 'joyful']",energetic
train,pop,C:\Users\user\Downloads\gnn_bert_music_context\data\processed\graphs\pop\pop.00012.pkl,C:\Users\user\Downloads\gnn_bert_music_context\data\processed\features\pop\pop.00012.npy,XaqVAF-ADWU,10,20,"This song is a vocal duet of male singers in a foreign language . The tempo is medium fast with an animated electric guitar melody, boomy bass drops, digital drums and synthesiser arrangements. The music is buoyant, youthful,punchy, groovy and emphatic with mellow vocals. This song is contemporary Pop.","['male vocalist', 'duet', 'medium fast tempo', 'foreign language', 'electric guitar lead', 'boomy bass drops', 'synthesiser arrangements', 'cymbals', 'electronic sounds', 'digital drums', 'youthful', 'energetic', 'enthusiastic', 'groovy', 'punchy music', 'mellow vocals', 'electro pop']",energetic
train,pop,C:\Users\user\Downloads\gnn_bert_music_context\data\processed\graphs\pop\pop.00045.pkl,C:\Users\user\Downloads\gnn_bert_music_context\data\processed\features\pop\pop.00045.npy,IPO79GrOYjg,270,280,"A male singer sings this passionately with backup singers in vocal harmony. The song is medium tempo with a steady drumming rhythm, various percussion, percussive bass line, guitar rhythm and keyboard harmony . The song is passionate and romantic with a cool dance groove. The song has poor audio quality.","['male singer', 'backup singers', 'african rhythms', 'poor audio quality', 'guitar rhythm', 'xylophone', 'vocal harmony', 'groovy drumming rhythm', 'percussive bass line', 'various percussion hits', 'medium tempo', 'groovy dance rhythm', 'pop hits', 'dance hits', 'love song', 'passionate', 'emotional', 'spirited', 'bad audio quality', 'high pitched singing', 'romantic']",romantic
train,blues,C:\Users\user\Downloads\gnn_bert_music_context\data\processed\graphs\blues\blues.00011.pkl,C:\Users\user\Downloads\gnn_bert_music_context\data\processed\features\blues\blues.00011.npy,NlUf1ppoSG4,130,140,"This music is instrumental , the tempo is slow with an electric guitar lead and a strong bass guitar accompaniment. The music is assertive and emphatic but sounds sad, melancholic,nostalgic, romantic , wistful and sentimental. This music is Blues Harmony.","['instrumental', 'slow tempo', 'electric guitar lead', 'melancholic', 'nostalgia', 'sad', 'wistful', 'romantic', 'sentimental', 'emotional', 'bass guitar accompaniment', 'groovy', 'blues', 'r&b', 'jazz', 'dissonant harmony', 'melancholic', 'somber', 'blues lessons', 'electric guitar lesson', 'simple melody']",sad
train,classical,C:\Users\user\Downloads\gnn_bert_music_context\data\processed\graphs\classical\classical.00090.pkl,C:\Users\user\Downloads\gnn_bert_music_context\data\processed\features\classical\classical.00090.npy,YAYp2E5vMNw,310,320,"The low quality recording features a live performance of a classical song that consists of sustained strings, woodwinds melody, aggressive strings lick, wooden percussion and repetitive violin melody. It sounds suspenseful and intense.","['low quality', 'live performance', 'classical', 'sustained strings', 'woodwinds melody', 'aggressive strings lick', 'wooden percussion', 'repetitive violin melody', 'suspenseful', 'intense']",dark
train,blues,C:\Users\user\Downloads\gnn_bert_music_context\data\processed\graphs\blues\blues.00035.pkl,C:\Users\user\Downloads\gnn_bert_music_context\data\processed\features\blues\blues.00035.npy,CD3OyaDW348,30,40,"A jazz organ trio playing a swing blues song with a male singer accompanied by electric guitar, Hammond organ, a steady ride pattern on the cymbals. The whole band hits on beat one with the drum breaks, as is common in this style of music.","['jazz', 'swing', 'blues', 'jazz electric guitar', 'male vocalist', 'drum breaks', 'organ trio', 'hammond organ', 'b3', 'steady ride pattern']",neutral
train,reggae,C:\Users\user\Downloads\gnn_bert_music_context\data\processed\graphs\reggae\reggae.00056.pkl,C:\Users\user\Downloads\gnn_bert_music_context\data\processed\features\reggae\reggae.00056.npy,Ex0ukzO5z9M,30,40,"The low quality recording features a reggae song that consists of passionate male vocal singing over groovy bass, simple hi hats and punchy snare. There are some loud stuttering low frequency audio crackly noises in the recording, which makes it a bit uncomfortable to listen. It sounds groovy and chill regardless.","['low quality', 'noisy', 'reggae', 'passionate male vocal', 'loud stuttering low frequency audio crackle', 'groovy bass', 'simple hi hat', 'punchy snare', 'groovy', 'chill']",romantic
train,metal,C:\Users\user\Downloads\gnn_bert_music_context\data\processed\graphs\metal\metal.00028.pkl,C:\Users\user\Downloads\gnn_bert_music_context\data\processed\features\metal\metal.00028.npy,0fCpAuxrQ_I,380,390,"This song is a Rock instrumental. The tempo is medium fast with an aggressive electric guitar harmony, steady drumming, keyboard accompaniment, groovy bass lines. The audio quality is inferior so the finer aspects; are hard to detect. Overall the vibe of the song is intense,dangerous, sinister, spooky, goth, threatening and suspenseful. This song is Hard Rock/Metal.","['instrumental', 'fast tempo', 'hard rock', 'no vocals', 'inferior audio quality', 'metal', 'suspenseful', 'dangerous', 'youthful', 'spirited', 'intense', 'hard metal', 'aggressive electric guitar', 'sinister keyboard harmony', 'steady drumming', 'groovy bass line', 'eerie', 'suspenseful', 'spooky', 'goth rock']",dark
train,hiphop,C:\Users\user\Downloads\gnn_bert_music_context\data\processed\graphs\hiphop\hiphop.00093.pkl,C:\Users\user\Downloads\gnn_bert_music_context\data\processed\features\hiphop\hiphop.00093.npy,NsYVaRI6rXg,30,40,"The song is an upbeat pop song with a slight hip hop influence. It's a live performance and features a breathy, seductive female vocalist. The backup singers almost chant or laugh in a staccato way that creates a vocal riff. There are string instruments in the background. This is a live performance.","['live performance', 'laughing vocals', 'seductive female pop vocals', 'strings motif', 'pop dance music', 'upbeat', 'breathy female vocals', 'hip hop']",energetic
train,rock,C:\Users\user\Downloads\gnn_bert_music_context\data\processed\graphs\rock\rock.00094.pkl,C:\Users\user\Downloads\gnn_bert_music_context\data\processed\features\rock\rock.00094.npy,8KUV2TFTpGo,410,420,"This is a live acoustic performance of a folk rock music piece. There are male vocals singing melodically in the lead. The melody consists of a wide range of elements such as the acoustic guitar, the bass guitar, the piano and the saxophone. The acoustic drums are being played with brushes in the rhythmic background. The atmosphere is easygoing and joyful. This piece could be playing in the soundtrack of a feelgood movie during a road trip scene.","['folk rock', 'soul', 'acoustic live performance', 'male vocals', 'melodic singing', 'acoustic guitars', 'bass guitar', 'saxophones', 'piano', 'acoustic drums', 'easygoing', 'joyful']",happy
train,blues,C:\Users\user\Downloads\gnn_bert_music_context\data\processed\graphs\blues\blues.00084.pkl,C:\Users\user\Downloads\gnn_bert_music_context\data\processed\features\blues\blues.00084.npy,Ypuv3htJlpg,150,160,This is an amateur recording of a harmonica solo being performed over a blues/rock-n-roll music piece. The piece is instrumental. The harmonica plays a melodic solo in the style of blues. The backing track consists of the electric guitar and the bass guitar playing a simple tune while the medium tempo acoustic drums are playing a basic blues rock beat. The atmosphere is easygoing. This piece could be playing from the radio during a road trip in a movie.,"['amateur recording', 'blues', 'rock-n-roll', 'instrumental', 'harmonica solo', 'backing track', 'electric guitar', 'bass guitar', 'acoustic drums', 'easygoing']",calm
train,hiphop,C:\Users\user\Downloads\gnn_bert_music_context\data\processed\graphs\hiphop\hiphop.00091.pkl,C:\Users\user\Downloads\gnn_bert_music_context\data\processed\features\hiphop\hiphop.00091.npy,yZRTQX8pcMY,490,500,"This music is a percussive instrumental. The tempo is fast with a beatboxing rhythm. The beat is a vigorous, rapid, youthful, energetic, enthusiastic imitation of the drum machine. The audio quality is inferior so the music is muffled.","['instrumental', 'fast tempo', 'percussion', 'beat boating', 'rapid', 'vocal drumming', 'rap', 'hip-hop', 'vocal percussion', 'rhythmic beats', 'home recording', 'amateur recording', 'inferior audio quality', 'digital drum imitation', 'vigorous', 'energetic', 'youthful']",energetic
train,disco,C:\Users\user\Downloads\gnn_bert_music_context\data\processed\graphs\disco\disco.00041.pkl,C:\Users\user\Downloads\gnn_bert_music_context\data\processed\features\disco\disco.00041.npy,1DNoynuGLV4,30,40,This song starts with a glitter sound and the drums hitting a soft crash. Followed by piano chords and a higher pitched melody accompanied by a stringlike synthesizer sound repeating a simple melody. The drums sound repetitive and programmed accompanied by some bongos  and a bass giving the song a funky groove. There is a beeping sound that sounds like it's not part of the song. This song may be playing while stuck on the telephone-line.,"['discofunk/pop', 'beeping noises', 'drums', 'bongos', 'piano', 'e-bass', 'synthesizer pad', 'upbeat']",energetic
train,rock,C:\Users\user\Downloads\gnn_bert_music_context\data\processed\graphs\rock\rock.00037.pkl,C:\Users\user\Downloads\gnn_bert_music_context\data\processed\features\rock\rock.00037.npy,XDBxMQrRaFY,30,40,"This song is an instrumental. It is slow tempo with only an Electric guitar harmony. The music is emphatic, loud , clear and pleasant. This is instrumental soft rock.","['instrumental', 'electric guitar', 'catchy riff', 'amplified guitar', 'electronic instruments', 'magnified tone', 'slow', 'emphatic', 'soft rock', 'mellow', 'amateur recording', 'youtube video', 'youtube music', 'mellow', 'pleasant', 'home video']",calm
train,hiphop,C:\Users\user\Downloads\gnn_bert_music_context\data\processed\graphs\hiphop\hiphop.00086.pkl,C:\Users\user\Downloads\gnn_bert_music_context\data\processed\features\hiphop\hiphop.00086.npy,z9UJD6O7EAE,70,80,This recording has been done live in a room with speakers. It features a DJ scratching the desks live to create these squeaky scratching sound effects. The song is a mellow hip hop song featuring a  relaxed drum beat and bassline.,"['disk jockey', 'dj', 'records', 'decks', 'deck scratching', 'hip hop', 'mellow', 'scratching sounds', 'chilled hip hop beat', 'simple drum beat', 'live recording']",calm
train,reggae,C:\Users\user\Downloads\gnn_bert_music_context\data\processed\graphs\reggae\reggae.00071.pkl,C:\Users\user\Downloads\gnn_bert_music_context\data\processed\features\reggae\reggae.00071.npy,_Ra1Y6K7nSs,0,10,This reggae song features male voices singing the main melody in harmony. The clip starts off with the sound of a chalk writing on a board. This is followed by a percussion roll. The voices start singing the main melody. This is accompanied by percussion playing a reggae beat. The bass plays a reggae style bassline. The keyboard plays staccato chords in a reggae rhythm. The mood of this song is happy. This song can be played in a birthday scene in a movie when a family is on a holiday on an island.,"['chalk writing on blackboard', 'bass', 'male voices', 'percussion', 'reggae', 'happy mood', 'celebration song', 'keyboard', 'moderate tempo']",happy
train,metal,C:\Users\user\Downloads\gnn_bert_music_context\data\processed\graphs\metal\metal.00026.pkl,C:\Users\user\Downloads\gnn_bert_music_context\data\processed\features\metal\metal.00026.npy,W7i4LkdSfjw,520,530,"The low quality recording features a live performance of a metal song that consists of manic drums played over aggressive electric guitar melodies and distorted bass guitar. The drums consist of a punchy double pedal kick, punchy snare hits and energetic cymbals. There are some crowd cheering sounds in the background. It sounds aggressive, and energetic overall.","['low quality', 'live performance', 'metal', 'aggressive', 'energetic', 'crowd cheering', 'manic drums', 'aggressive electric guitar melodies', 'distorted bass guitar', 'punchy double pedal kick', 'punchy snare', 'energetic cymbals']",energetic
train,blues,C:\Users\user\Downloads\gnn_bert_music_context\data\processed\graphs\blues\blues.00096.pkl,C:\Users\user\Downloads\gnn_bert_music_context\data\processed\features\blues\blues.00096.npy,itgeNVRhBKs,490,500,"This music is a lively instrumental. The tempo is fast with an animated trumpet harmony, infectious drumming, groovy bass lines and synthesiser arrangement. The Brass lead, harmony and flourish is the main layer of this instrumental . The music is youthful, buoyant, fresh, cheerful, happy and energetic. This instrumental is an Urban Blues.","['instrumental', 'fast tempo', 'lively trumpets', 'jazz', 'blues', 'r&b', 'contemporary blues', 'urban blues', 'trumpet harmony', 'groovy bass line', 'infectious drumming', 'synthesiser arrangement', 'youthful', 'playful', 'cheerful', 'happy', 'sunny', 'engaging', 'ambient', 'bright', 'vivacious', 'mood', 'trumpet flourish', 'brass band', 'trombone']",happy
train,blues,C:\Users\user\Downloads\gnn_bert_music_context\data\processed\graphs\blues\blues.00068.pkl,C:\Users\user\Downloads\gnn_bert_music_context\data\processed\features\blues\blues.00068.npy,-7B9tPuIP-w,450,460,"A male voice narrates a monologue to the rhythm of a song in the background. The song is fast tempo with enthusiastic drumming, groovy bass lines,cymbal ride, keyboard accompaniment ,electric guitar and animated vocals. The song plays softly  in the background as the narrator speaks and burgeons when he stops. The song is a classic Rock and Roll and the narration is a Documentary.","['male vocalist', 'medium fast tempo', 'monologue', 'background music', 'hit songs', 'retro', 'narrator', 'narration', 'documentary', 'animated singing', 'enthusiastic drumming', 'cymbal ride', 'electric guitar', 'groovy bass lines', 'rock and rock', 'classic rock and rock', 'muffled', 'blues', 'rock hits', 'vocalisation']",energetic
train,metal,C:\Users\user\Downloads\gnn_bert_music_context\data\processed\graphs\metal\metal.00074.pkl,C:\Users\user\Downloads\gnn_bert_music_context\data\processed\features\metal\metal.00074.npy,KnZeEWVHaLc,230,240,"The low quality recording features a metallic scraping sound effect, soft scratching sound effect, water leaking sound effect, breathy flute melody and birds chirping sound effects. It sounds relaxing and calming.","['low quality', 'metallic scraping sound effect', 'soft scratching sound effect', 'water leaking sound effect', 'breathy flute melody', 'birds chirping sound effect', 'relaxing', 'calming']",calm
train,classical,C:\Users\user\Downloads\gnn_bert_music_context\data\processed\graphs\classical\classical.00044.pkl,C:\Users\user\Downloads\gnn_bert_music_context\data\processed\features\classical\classical.00044.npy,iLIBaMceZQc,30,40,This is a classical music piece that is being performed live by a philharmonic orchestra. There is a wide array of instruments in the brass and the strings sections playing an epic tune. There is a grandiose atmosphere to this piece. It could be used in the soundtrack of an adventure movie where the protagonist begins his odyssey and explores wonderful scenes.,"['classical music', 'philharmonic orchestra', 'live performance', 'strings', 'brass', 'epic', 'grandiose', 'maximalist', 'movie music']",neutral
train,blues,C:\Users\user\Downloads\gnn_bert_music_context\data\processed\graphs\blues\blues.00093.pkl,C:\Users\user\Downloads\gnn_bert_music_context\data\processed\features\blues\blues.00093.npy,E3F9bzeCgTQ,30,40,The song is an instrumental. The song is fast tempo with  soloists playing an enthusiastic guitar strumming and harmony. The song is energetic and entertaining. The audio is poor and the song is played in front of a live audience that is cheering and hooting in approval.,"['poor audio quality', 'instrumental music', 'virtuous guitarist', 'classic guitar hits', 'adrenaline rush', 'people cheering', 'groovy', 'hooting', 'guitar player', 'soloist', 'fast strumming rhythm', 'energetic', 'passionate', 'dance rhythm', 'groovy music', 'jazz blues', 'gypsy guitar music', 'blues music', 'fast tempo']",energetic
train,disco,C:\Users\user\Downloads\gnn_bert_music_context\data\processed\graphs\disco\disco.00073.pkl,C:\Users\user\Downloads\gnn_bert_music_context\data\processed\features\disco\disco.00073.npy,4a1a-lmDVaY,30,40,This funk song features a male voice singing the main melody. Other voices sing backing vocals in harmony. A saxophone plays a repetitive melody. This is accompanied by percussion playing a funk beat. The bass plays a funky bassline. A guitar plays muted chords using a tron effect. This song is upbeat and has a happy mood. This song can be played at a retro style disco.,"['funk song', 'male voice', 'backing voices', 'tambourine', 'saxophone', 'percussion', 'guitar', 'funk bass', 'moderate tempo', 'upbeat', 'repetitive melody', 'guitar tron effect']",energetic
train,rock,C:\Users\user\Downloads\gnn_bert_music_context\data\processed\graphs\rock\rock.00098.pkl,C:\Users\user\Downloads\gnn_bert_music_context\data\processed\features\rock\rock.00098.npy,zx_vcwOsDO4,50,60,The rock music is purely instrumental and features an electric guitar with a distortion effect on. The guitarist is playing a lot of notes with virtuosity. This music excerpt would make for a really good electric guitar solo.,"['instrumental', 'no voice', 'electric guitar', 'distortion effect', 'virtuosity', 'rock genre', 'solo']",neutral
train,hiphop,C:\Users\user\Downloads\gnn_bert_music_context\data\processed\graphs\hiphop\hiphop.00094.pkl,C:\Users\user\Downloads\gnn_bert_music_context\data\processed\features\hiphop\hiphop.00094.npy,2Ui85-AOLyo,30,40,This is a live recording of a DJ doing deck scratching on a hip hop song.,"['deck scratching', 'hip hop', 'melodic hip hop', 'electric guitar', 'bass line', 'live recording', 'fuzzy squeaky effect']",neutral
train,jazz,C:\Users\user\Downloads\gnn_bert_music_context\data\processed\graphs\jazz\jazz.00095.pkl,C:\Users\user\Downloads\gnn_bert_music_context\data\processed\features\jazz\jazz.00095.npy,eSsadT6mh7g,120,130,"The low quality recording features some camera shuttering sound effects and a jazz song playing in the background. The song consists of a cool saxophone solo melody over groovy bass, easygoing electric guitar chords in the left channel of the stereo image and energetic drums. It sounds easygoing and energetic at the same time.","['low quality', 'camera shuttering sound effect', 'jazz', 'energetic drums', 'groovy bass', 'easygoing electric guitar chords', 'cool saxophone solo melody', 'easygoing', 'energetic']",energetic
train,pop,C:\Users\user\Downloads\gnn_bert_music_context\data\processed\graphs\pop\pop.00031.pkl,C:\Users\user\Downloads\gnn_bert_music_context\data\processed\features\pop\pop.00031.npy,66B46E_hrrk,140,150,"The song is an instrumental. The tempo is medium with a groovy drumming rhythm, percussive bass line, keyboard accompaniment and various percussive and sonic effects. The song is youthful and exciting with a trance element. The song is a modern tench pop dance tune.","['techno dance music', 'electronic dance music', 'trance dance music', 'medium tempo', 'groovy bas slime', 'techno drumming rhythm', 'keybiard accompaniment', 'percussion hits', 'sonic effects', 'dj', 'dance floor', 'dance club', 'people dancing', 'groovy dance rhythm', 'trance music', 'enthusiastic', 'passionate', 'youthful', 'exciting']",energetic
train,rock,C:\Users\user\Downloads\gnn_bert_music_context\data\processed\graphs\rock\rock.00060.pkl,C:\Users\user\Downloads\gnn_bert_music_context\data\processed\features\rock\rock.00060.npy,tz2TlSMmTp4,30,40,A lot of high frequencies that are produced by an e-bass and two distorted electric guitars are running through amps that are sounding highly overdriven. The drums silently build up the atmosphere before all instruments are loudly breaking into the next part of the song. The drums with crash hits and the guitars and bass with one single low note while a male voice is screaming. This song may be playing at a festival.,"['punkrock', 'overdrive amps', 'e-guitars', 'male voice screaming', 'acoustic drums', 'aggressive buildup', 'medium tempo']",energetic
train,classical,C:\Users\user\Downloads\gnn_bert_music_context\data\processed\graphs\classical\classical.00066.pkl,C:\Users\user\Downloads\gnn_bert_music_context\data\processed\features\classical\classical.00066.npy,C9e2k030QcY,30,40,The song is an instrumental. The tempo is medium with a  Harpsichord being played by an elder gentleman in classic baroque style. The music is engaging and exciting. The song audio quality is poor.,"['harpsichord player', 'harpsichord', 'baroque music', 'poor audio quality', 'traditional music', 'kings and queens', 'western classical music', 'slow tempo', 'staggered play', 'instrumental music', 'engaging', 'emotional', 'melancholic', 'youthful', 'spirited', 'passionate', 'tragedy', 'great composers', 'sight reading']",calm
train,hiphop,C:\Users\user\Downloads\gnn_bert_music_context\data\processed\graphs\hiphop\hiphop.00034.pkl,C:\Users\user\Downloads\gnn_bert_music_context\data\processed\features\hiphop\hiphop.00034.npy,QBMM1ocXkhY,30,40,"A male vocalist sings this spirited hip-hop. The tempo is fast with synthesiser articulation, digital drum arrangements and vocal backup. The music is a youthful , enthusiastic, bouncy, punchy rhythmic patter with a dance groove. This song is contemporary Hip-Hop/ Rap.","['male vocalist', 'fast tempo', 'hip-hop', 'rap', 'bouncy', 'punchy', 'funk rap', 'punk rap', 'rhythmic patter', 'rhythmic speech', 'engaging', 'passionate', 'energetic', 'enthusiastic', 'vocal backup', 'recurring beat', 'youthful', 'keyboard harmony', 'digital drum arrangement', 'drum machine', 'synth articulation', 'vocal backup', 'dance groove', 'dj', 'club music', 'dance music', 'hip-hop hits']",energetic
train,jazz,C:\Users\user\Downloads\gnn_bert_music_context\data\processed\graphs\jazz\jazz.00026.pkl,C:\Users\user\Downloads\gnn_bert_music_context\data\processed\features\jazz\jazz.00026.npy,lDCDayKyOQA,30,40,"The low quality recording features a jazz song playing on a speaker and it consists of groovy hi hats, brass melody, bells melody, punchy snare and smooth trombone. The recording is noisy and it sounds thin and like it is played in a lobby.","['low quality', 'jazz', 'speaker', 'noisy', 'groovy hi hats', 'brass melody', 'bells melody', 'thin', 'smooth trombone', 'punchy snare']",energetic
train,jazz,C:\Users\user\Downloads\gnn_bert_music_context\data\processed\graphs\jazz\jazz.00016.pkl,C:\Users\user\Downloads\gnn_bert_music_context\data\processed\features\jazz\jazz.00016.npy,kdxW11WBlQE,150,160,"This song contains a fast and silent jazz drum rhythm with a fast groove on the ride. Someone is playing an arpeggio melody on an acoustic piano in the midrange, adding a little melody on top being played in the upper register. A upright bass is playing a walking bassline. A saxophone is playing the main melody. This song may be playing live as a concert.","['jazz', 'amateur recording', 'upright bass', 'acoustic drums', 'acoustic piano', 'saxophone', 'fast tempo', 'calm']",energetic
train,reggae,C:\Users\user\Downloads\gnn_bert_music_context\data\processed\graphs\reggae\reggae.00072.pkl,C:\Users\user\Downloads\gnn_bert_music_context\data\processed\features\reggae\reggae.00072.npy,nW6Naj6eeI4,30,40,"This audio contains acoustic drums playing something like a reggae groove along with an e-bass. A e-guitar strumming chords, piano, organ saxophones and trumpets are playing a short melody on the backbeat giving this song its reggae feeling. In-between the instruments are playing a short loud melody to break into the next part. The instruments are spread across the sides of the speakers. This audio may be playing in an urban coffee shop.","['cuban ska', 'e-guitar', 'trumpets', 'saxophones', 'organ', 'piano', 'acoustic drums', 'e-bass', 'upbeat', 'energetic']",energetic
train,classical,C:\Users\user\Downloads\gnn_bert_music_context\data\processed\graphs\classical\classical.00092.pkl,C:\Users\user\Downloads\gnn_bert_music_context\data\processed\features\classical\classical.00092.npy,VdYakZ4Yciw,30,40,A classical composition containing strings playing a short repeating melody. You can hear a lot of background noises that seem to come from cars racing. This is an amateur recording. This song may be playing sitting in a limousine.,"['classical music', 'string composition', 'background car driving sounds', 'amateur recording', 'slow tempo']",calm
train,disco,C:\Users\user\Downloads\gnn_bert_music_context\data\processed\graphs\disco\disco.00091.pkl,C:\Users\user\Downloads\gnn_bert_music_context\data\processed\features\disco\disco.00091.npy,ZEuY5HnECuo,70,80,This disco song features a male voice singing the main melody. Another voice sings in harmony with the main voice. This is accompanied by programmed percussion playing a simple melody. There is a distinctive hi-hat ring at alternate strokes giving this a unique sound. The bass plays a groovy bassline using the root notes of the chords. A synth plays chords in the background. This song is at a moderate tempo. This song can be played in a club.,"['disco song', 'groovy bassline', 'male voice', 'backing voice', 'vocal harmony', 'programmed percussion', 'synth chords', 'moderate tempo', 'dance song']",neutral
train,reggae,C:\Users\user\Downloads\gnn_bert_music_context\data\processed\graphs\reggae\reggae.00018.pkl,C:\Users\user\Downloads\gnn_bert_music_context\data\processed\features\reggae\reggae.00018.npy,-kpR93atgd8,30,40,An acoustic drum is playing along with a bassline giving the song a ska/reggae feeling. The e-guitar strumming on the offbeat supports that feeling while a keyboard is playing a bell-sounding chord. Bongos are setting little accents at the end. A saxophone is playing a melody along. This song may be playing at a festival outside while the sun is shining.,"['ska', 'saxophone', 'e-guitar', 'acoustic drums', 'percussion', 'keys', 'e-bass', 'fast tempo', 'uplifting energy']",energetic
train,reggae,C:\Users\user\Downloads\gnn_bert_music_context\data\processed\graphs\reggae\reggae.00012.pkl,C:\Users\user\Downloads\gnn_bert_music_context\data\processed\features\reggae\reggae.00012.npy,GkB_BkyVyPs,30,40,"The low quality recording features a live performance of a reggae song that consists of shimmering cymbals, addictive brass melody and muffled male vocal singing over it. It is noisy and in mono, and it sounds thin, harsh, muddy, messy and energetic.","['low quality', 'shimmering cymbals', 'noisy', 'mono', 'addictive brass melody', 'muffled male vocal', 'live performance', 'reggae', 'loud', 'thin', 'harsh', 'muddy', 'messy', 'energetic']",energetic
train,pop,C:\Users\user\Downloads\gnn_bert_music_context\data\processed\graphs\pop\pop.00004.pkl,C:\Users\user\Downloads\gnn_bert_music_context\data\processed\features\pop\pop.00004.npy,U8XdDv5ERu4,30,40,"The low quality recording features an orchestral pop song that consists of a synth acid arpeggiated melody, claps, punchy kick, synth orchestral drums, some snare rolls, strings licks and a low male vocal choir. There are occasional ticking sound effects. It sounds epic, powerful and groovy.","['orchestral pop', 'low quality', 'synth acid arpeggiated melody', 'ticking sound effects', 'claps', 'punchy kick', 'epic', 'powerful', 'synth orchestral drums', 'strings licks', 'low male vocal choir', 'snare rolls', 'groovy']",energetic
train,country,C:\Users\user\Downloads\gnn_bert_music_context\data\processed\graphs\country\country.00025.pkl,C:\Users\user\Downloads\gnn_bert_music_context\data\processed\features\country\country.00025.npy,ET6HVZ8muVE,30,40,This country song features a male voice singing the main melody. This is accompanied by percussion playing a simple country beat in common time. A pedal steel guitar plays sliding notes as fills in between lines. The bass plays the root note and the lower fifth of the chords being played. The other instruments are not audible as the audio quality is low. This song can be played in a square dancing party.,"['low quality audio', 'country song', 'pedal steel guitar', 'male voice', 'percussion', 'bass', 'moderate tempo', 'square dancing dance']",neutral
train,blues,C:\Users\user\Downloads\gnn_bert_music_context\data\processed\graphs\blues\blues.00069.pkl,C:\Users\user\Downloads\gnn_bert_music_context\data\processed\features\blues\blues.00069.npy,KmBaE7ozWow,30,40,"A male vocalist sings this melodic jazz/blues. The tempo is medium fast with a piano accompaniment, groovy bass lines, infectious drumming and guitar accompaniment. There is a sound of syncopated ukulele and another string instrument playing over the song. The song is melodic and ambient but the superimposed strings melody is making it chaotic, busy, confusing and confusing.","['male vocalist', 'fast tempo', 'jazz', 'blues', 'dissonant strings', 'groovy bass', 'steady drumming', 'intense', 'keyboard harmony', 'lively drumming', 'superimposed syncopated strings', 'syncopated music', 'groovy bass lines', 'two tracks playing', 'unrelated tracks', 'chaotic', 'confusing', 'ukele', 'acustic guitar', 'bass guitar', 'boomy']",energetic
train,country,C:\Users\user\Downloads\gnn_bert_music_context\data\processed\graphs\country\country.00011.pkl,C:\Users\user\Downloads\gnn_bert_music_context\data\processed\features\country\country.00011.npy,WySgNm8qH-I,30,40,"The excerpt features three different songs stitched together like a collage. The first one lasts for a few seconds and features a male voice being accompanied by an acoustic guitar, drums, electric guitar and bass. The second one lasts for one second and features a male voice accompanied by drums, bass guitar and electric guitar. After a silence that lasts for a few seconds the third piece of the collage features a male voice accompanied by an acoustic guitar.","['various male voices', 'acoustic guitar', 'electric guitar', 'drums', 'bass guitar', 'country rock genre', 'collage']",neutral
train,hiphop,C:\Users\user\Downloads\gnn_bert_music_context\data\processed\graphs\hiphop\hiphop.00071.pkl,C:\Users\user\Downloads\gnn_bert_music_context\data\processed\features\hiphop\hiphop.00071.npy,jlIbJVfnHB4,30,40,"A male singer sings this passionate melody with backup singers in vocal harmony. The song is medium tempo with a slick drumming rhythm, keyboard accompaniment, beep tones, strong bass line and slick percussion hits. The song is groovy and story telling in nature. The song has poor audio quality.","['male singer', 'backup singers', 'rap music', 'drum rolls', 'hip hop music', 'hood', 'ghetto boys', 'piano accompaniment', 'slick drumming rhythm', 'solid drum play', 'story telling', 'energetic', 'emotional', 'beep tones', 'hi- hop dance hits', 'medium tempo', 'hip hop dance hits', 'poor audio quality', 'strong bass line']",energetic
train,disco,C:\Users\user\Downloads\gnn_bert_music_context\data\processed\graphs\disco\disco.00089.pkl,C:\Users\user\Downloads\gnn_bert_music_context\data\processed\features\disco\disco.00089.npy,ABWE9tjTvuI,130,140,"This song has a characteristically disco-like groove, with its funky bassline. There is an electric guitar where single notes are being plucked. The vocalist has an alternative indie type voice.","['dance music', 'electric guitar plucking', 'four on the floor', 'indie alternative vocal', 'disco bassline', 'contemporary pop dance']",neutral
train,jazz,C:\Users\user\Downloads\gnn_bert_music_context\data\processed\graphs\jazz\jazz.00015.pkl,C:\Users\user\Downloads\gnn_bert_music_context\data\processed\features\jazz\jazz.00015.npy,AtWf5OAE8aM,30,40,"Quirky, cheeky, jazzy music featuring a lead trombone melody, a triangle playing a swing pattern, a cheesy organ and a medium tempo.","['lead trombone melody', 'triangle', 'swing pattern', 'medium tempo', 'cheesy organ', 'jazzy', 'quirky', 'cheeky']",neutral
train,country,C:\Users\user\Downloads\gnn_bert_music_context\data\processed\graphs\country\country.00047.pkl,C:\Users\user\Downloads\gnn_bert_music_context\data\processed\features\country\country.00047.npy,75UH33tO0Bo,30,40,This country song features a female voice singing the main melody. The melody is a contemporary country song melody. This is accompanied by the kick drum playing on every count. A synth is playing a repetitive melody in the background using two note groups. A guitar plays chords in the background. The bass plays the root notes of the chords. The mood of this song is romantic. This song can be played in a romantic movie.,"['country song', 'female voice', 'bass', 'kick drum', 'guitar', 'synth', 'romantic mood', 'moderate tempo']",romantic
train,hiphop,C:\Users\user\Downloads\gnn_bert_music_context\data\processed\graphs\hiphop\hiphop.00003.pkl,C:\Users\user\Downloads\gnn_bert_music_context\data\processed\features\hiphop\hiphop.00003.npy,vqRFzhWik2c,240,250,"A male vocalist sings this catchy Hip-Hop. The tempo is medium with an acoustic guitar riff, boomy bass drops, punchy drumming, digital beats and synthesiser arrangement with enthusiastic vocal backup. The song is youthful, buoyant, punchy, groovy, pulsating with a dance groove. This song is Contemporary Hip-Hop.","['male vocalist', 'medium tempo', 'emotional', 'passioante', 'rhythmic patter', 'groovy', 'dance pop', 'dance groover', 'dj', 'club music', 'dance music', 'enthusiastic vocal backup', 'digital drums', 'punchy drums', 'drum machine', 'boomy bass line', 'acoustic guitar riff', 'synthesiser arrangement', 'hip-hop', 'rap', 'contemporary hip-hop', 'alternative']",energetic
train,blues,C:\Users\user\Downloads\gnn_bert_music_context\data\processed\graphs\blues\blues.00044.pkl,C:\Users\user\Downloads\gnn_bert_music_context\data\processed\features\blues\blues.00044.npy,g_bgmnJ1b_g,30,40,"The low quality recording features an acoustic guitar blues melody. The recording is very noisy, roomy and you can hear cars passing by in the background.","['low quality', 'blues', 'acoustic guitar melody', 'noisy', 'roomy', 'cars passing']",neutral
train,hiphop,C:\Users\user\Downloads\gnn_bert_music_context\data\processed\graphs\hiphop\hiphop.00024.pkl,C:\Users\user\Downloads\gnn_bert_music_context\data\processed\features\hiphop\hiphop.00024.npy,IlUcHzBzZvg,30,40,"A male vocalist sings a lively hip hop. The tempo is fast with energetic drumming, groovy bass lines and keyboard accompaniment with female backup vocals. The song is incoherent and muffled with a loud scratching like sound dominating the audio. The audio is chaotic, confusing, incoherent and unpleasant to the ears.","['male vocalist', 'fast tempo', 'rap', 'hip-hop', 'keyboard harmony', 'unpleasant sound', 'female backup', 'groovy bass line', 'energetic drumming', 'rhythmic patter', 'muffle audio', 'inferior sound quality', 'scratching sound', 'chaotic', 'confusing']",energetic
train,country,C:\Users\user\Downloads\gnn_bert_music_context\data\processed\graphs\country\country.00036.pkl,C:\Users\user\Downloads\gnn_bert_music_context\data\processed\features\country\country.00036.npy,sVF7NNvdoJc,120,130,"The low quality recording features a traditional song that consists of reverberant, fruity male vocal singing over wooden & percussive elements, sizzling triangle hits, sustained strings melody, plucked strings melody and breathy flute melody. It sounds soulful, passionate, emotional, calming and relaxing - like something you would hear in a small village in a foreign country, full of joy and innocence.","['low quality', 'reverberant fruity male vocal', 'wooden percussive elements', 'sizzling triangle', 'plucked strings melody', 'sustained strings melody', 'breathy flute melody', 'soulful', 'passionate', 'emotional', 'calming', 'relaxing', 'joyful']",calm
train,metal,C:\Users\user\Downloads\gnn_bert_music_context\data\processed\graphs\metal\metal.00087.pkl,C:\Users\user\Downloads\gnn_bert_music_context\data\processed\features\metal\metal.00087.npy,GrbrWNohr6Y,30,40,"A female vocalist sings this mellow song. The tempo is slow with a subtle electric guitar accompaniment. The audio quality is inferior making it difficult to hear the song well. There is another track superimposed over the song which has sound so footsteps, metal being dragged, crickets, cricket chirping, breeze and some rustling. This is an audio of a song being played outdoors.","['female vocalist', 'slow tempo', 'static', 'growling sound', 'crickets', 'ambient outdoor sounds', 'rustling', 'mellow', 'soft', 'two tracks', 'outdoors', 'subtle electric guitar', 'metal being dragged', 'white noise', 'cricket chirping']",calm
train,country,C:\Users\user\Downloads\gnn_bert_music_context\data\processed\graphs\country\country.00030.pkl,C:\Users\user\Downloads\gnn_bert_music_context\data\processed\features\country\country.00030.npy,D9893od03Sc,0,10,"The low quality recording features a live performance of a country song that consists of an acoustic rhythm guitar, groovy bass guitar, shimmering hi hats, simple kick, punchy snare and steel guitar repetitive melody. At the end of the loop, there is a short snippet of passionate male vocal singing, while at the beginning there is a crowd clapping sound. It sounds joyful and addictive.","['low quality', 'live performance', 'country', 'acoustic rhythm guitar', 'groovy bass guitar', 'shimmering hi hats', 'simple kick', 'punchy snare', 'steel guitar repetitive guitar', 'passionate male vocal', 'crowd clapping', 'joyful', 'addictive']",romantic
train,reggae,C:\Users\user\Downloads\gnn_bert_music_context\data\processed\graphs\reggae\reggae.00025.pkl,C:\Users\user\Downloads\gnn_bert_music_context\data\processed\features\reggae\reggae.00025.npy,OB7GyVqufwQ,120,130,A digital drum is playing a reggaeton groove along with some acoustic percussion while someone is playing a turkish baglama. A male voice is singing/shouting. This is an amateur recording. This song may be playing outside busking with a band.,"['oriental music', 'turkish baglama', 'acoustic/digital percussion', 'male voice singing/shouting', 'medium to uptempo']",energetic
train,jazz,C:\Users\user\Downloads\gnn_bert_music_context\data\processed\graphs\jazz\jazz.00038.pkl,C:\Users\user\Downloads\gnn_bert_music_context\data\processed\features\jazz\jazz.00038.npy,4TDtUHo5cSE,30,40,"The low quality recording features a jazz song that consists of shimmering hi hats and ride cymbals, soft kick and snare hits, groovy walking bass and smooth organ keys melody. It sounds easygoing, groovy and warm - almost like a theme song for some old cartoon.","['low quality', 'groovy walking bass', 'smooth organ keys melody', 'shimmering hi hats', 'soft snare hits', 'groovy drums', 'soft kick hits', 'shimmering ride cymbal', 'jazz', 'easygoing', 'warm']",calm
train,jazz,C:\Users\user\Downloads\gnn_bert_music_context\data\processed\graphs\jazz\jazz.00082.pkl,C:\Users\user\Downloads\gnn_bert_music_context\data\processed\features\jazz\jazz.00082.npy,e6lTl9JIW5Y,40,50,"The low quality recording features a jazz performance that consists of saxophone solo melody played over shimmering cymbals, followed by trombone melody and walking double bass. It sounds warm, but dark, due to the poor quality microphone it was recorded with.","['low quality', 'mono', 'noisy', 'shimmering cymbals', 'trombone melody', 'saxophone solo melody', 'walking double bass', 'jazz', 'warm', 'dark']",dark
train,classical,C:\Users\user\Downloads\gnn_bert_music_context\data\processed\graphs\classical\classical.00018.pkl,C:\Users\user\Downloads\gnn_bert_music_context\data\processed\features\classical\classical.00018.npy,02Qntw26enM,90,100,This audio contains a theremin playing a melody in the higher register along to an acoustic piano recording in the background. This song may be practicing theremin playing along with a backing track.,"['classical', 'amateur recording', 'theremin', 'acoustic piano', 'medium to uptempo']",energetic
train,disco,C:\Users\user\Downloads\gnn_bert_music_context\data\processed\graphs\disco\disco.00048.pkl,C:\Users\user\Downloads\gnn_bert_music_context\data\processed\features\disco\disco.00048.npy,DyPmDDN8m78,30,40,"The song is an instrumental. The song is medium tempo with keyboard harmony, string section harmony, piano playing melody and a poignant new age influence to the music. The song is emotional and ethereal in nature.","['instrumental music', 'piano accompaniment', 'philharmonic orchestra', 'mind-bending', 'heart felt', 'emotional', 'connected for ever', 'cosmic bonds', 'new age music', 'ethereal harmony', 'string section harmony', 'special sound effects', 'age of discovery', 'new wonders', 'space travel', 'instrumental music', 'medium tempo', 'supernatural', 'cosmic journey']",sad
train,classical,C:\Users\user\Downloads\gnn_bert_music_context\data\processed\graphs\classical\classical.00030.pkl,C:\Users\user\Downloads\gnn_bert_music_context\data\processed\features\classical\classical.00030.npy,FdPaa6WR2F8,30,40,This is a techno music remix of a classical music piece. It is an instrumental piece. The melody is being played by a melodic pad. There is a constantly shifting synth sound. The rhythm is being played by an electronic drum beat. The atmosphere is trippy and eccentric. This piece could be used in the soundtrack of a psychedelic movie during a hallucination scene.,"['techno', 'remix', 'classical influence', 'no singer', 'instrumental', 'synth brass', 'melodic pad', 'electronic drums', 'trippy', 'eccentric', 'danceable']",energetic
train,jazz,C:\Users\user\Downloads\gnn_bert_music_context\data\processed\graphs\jazz\jazz.00061.pkl,C:\Users\user\Downloads\gnn_bert_music_context\data\processed\features\jazz\jazz.00061.npy,IGyDtKAU1u8,550,560,"This is a jazz music piece. It is an instrumental piece. The saxophone and the trumpet are playing the melody. The piano, the electric guitar and the bass guitar are accompanying them in the background. The tempo is slow. The atmosphere is chill. This piece could be playing in the background at a coffee shop.","['jazz music', 'instrumental', 'saxophone', 'trumpet', 'electric guitar', 'piano', 'bass guitar', 'acoustic drums', 'slow tempo', 'chill']",calm
train,pop,C:\Users\user\Downloads\gnn_bert_music_context\data\processed\graphs\pop\pop.00009.pkl,C:\Users\user\Downloads\gnn_bert_music_context\data\processed\features\pop\pop.00009.npy,FGoDfNZezh0,210,220,"A female vocalist sings this soft love song in a foreign language. The tempo is medium with a mellifluous violin harmony, keyboard accompaniment, subtle bass, steady drumming and rhythmic acoustic guitar. The song is sweet, youthful, simple, romantic, sentimental, melancholic and pensive. This song is Romantic Pop.","['female vocalist', 'medium tempo', 'foreign language', 'romantic pop', 'soft pop', 'subtle bass line', 'asian music', 'soundtrack', 'melodic violin harmony', 'keyboard accompaniment', 'flute', 'romantic', 'love song', 'young love', 'first love', 'sentimental', 'nostalgic', 'pensive', 'melancholic', 'rhythmic acoustic guitar']",romantic
train,country,C:\Users\user\Downloads\gnn_bert_music_context\data\processed\graphs\country\country.00005.pkl,C:\Users\user\Downloads\gnn_bert_music_context\data\processed\features\country\country.00005.npy,YuiQRYaF9SA,30,40,Someone is playing a melody on acoustic guitar and then continues strumming chords along with a soft e-bass playing a melody along. These two instruments are panned on to the left and the other to the right side of the speakers. A male voice is sitting in-between singing in a higher pitch. This song may be playing in a movie scene of someone being in the countryside.,"['rock/singer-songwriter', 'acoustic guitar', 'e-bass', 'male voice singing', 'medium to uptempo']",energetic
train,pop,C:\Users\user\Downloads\gnn_bert_music_context\data\processed\graphs\pop\pop.00097.pkl,C:\Users\user\Downloads\gnn_bert_music_context\data\processed\features\pop\pop.00097.npy,tJHFSRTPyew,120,130,"A female vocalist sings this spirited pop. The tempo is  medium fast with percussion accompaniment like congas, bongos and drums , tambourine beats,along with amplified flute like the Ney and rhythmic oud. The music is catchy, youthful, groovy, breezy, romantic, pleasant and spirited. This music is contemporary Folk Pop.","['female vocalist', 'medium fast tempo', 'simple melody', 'romantic', 'breezy fresh', 'pleasant', 'groovy', 'dance music', 'dance pop', 'club music', 'tambourine beats', 'catchy', 'punchy', 'perky', 'amplified flute', 'ney', 'oud', 'electronic music', 'pop folk', 'bulgarian', 'middle eastern music', 'hand percussion', 'congas', 'bongos', 'steady drumming', 'synthesiser arrangements', 'amplified ney', 'oud rhythm']",energetic
train,pop,C:\Users\user\Downloads\gnn_bert_music_context\data\processed\graphs\pop\pop.00079.pkl,C:\Users\user\Downloads\gnn_bert_music_context\data\processed\features\pop\pop.00079.npy,Aro-HcWNsHI,30,40,"The low quality recording features an acoustic rhythm guitar playing over a pop song played on playback in the background. It sounds joyful and happy, while the recording is in mono and noisy.","['low quality', 'playback', 'pop', 'passionate male vocal', 'snappy snare', 'synth pad', 'acoustic rhythm guitar', 'noisy', 'mono', 'joyful', 'happy']",happy
train,reggae,C:\Users\user\Downloads\gnn_bert_music_context\data\processed\graphs\reggae\reggae.00075.pkl,C:\Users\user\Downloads\gnn_bert_music_context\data\processed\features\reggae\reggae.00075.npy,jPOWgfA0zAo,30,40,"The low quality recording features a passionate male vocal, alongside passionate female vocal in the left channel of the stereo image, singing over shimmering hi hats, which are also in the left channel, widely spread funky electric guitar chords, synth keys melody in the right channel, groovy bass, wooden percussions and mellow rimshots. It sounds happy, joyful, easygoing and chill.","['reggae', 'passionate male vocal', 'passionate female vocals', 'funky electric guitar melodies', 'synth keys melody', 'wooden percussions', 'groovy bass', 'mellow rimshots', 'shimmering hi hats', 'happy', 'joyful', 'easygoing', 'chill']",romantic
train,metal,C:\Users\user\Downloads\gnn_bert_music_context\data\processed\graphs\metal\metal.00017.pkl,C:\Users\user\Downloads\gnn_bert_music_context\data\processed\features\metal\metal.00017.npy,AgCSBCsHkMk,60,70,"The low quality recording features water and some metallic sound effects, followed by a dynamic orchestra that consists of a mellow string section, simple plucked harp and mystical woodwinds playing in the background. In the first part of the loop, the sound is completely muffled. It sounds like something you would hear in old movies.","['low quality', 'muffled', 'dynamic orchestra', 'mellow strings section', 'simple plucked harp', 'mystical woodwinds', 'water sound effects', 'metallic sound effects']",calm
train,country,C:\Users\user\Downloads\gnn_bert_music_context\data\processed\graphs\country\country.00020.pkl,C:\Users\user\Downloads\gnn_bert_music_context\data\processed\features\country\country.00020.npy,q-sJu8CoZts,50,60,"A male vocalist sings this high energy Country Song. The tempo is fast with animated Banjo, fiddle, auto harp, acoustic guitar and cello. The song is cheerful, happy, enthusiastic, fervent, pulsating, buoyant and animated with vocalising and backup. This song is a spirited Country Folk Song.","['male vocalist', 'fast tempo', 'country music', 'lively vocals', 'lively backup', 'banjo', 'cello', 'auto harp', 'fiddle', 'acoustic guitar', 'country music', 'country folk music', 'vocalisation', 'high energy', 'fun', 'merry', 'cheerful', 'live performance', 'concert', 'live audience', 'enthusiastic', 'animated', 'regional music']",energetic
train,reggae,C:\Users\user\Downloads\gnn_bert_music_context\data\processed\graphs\reggae\reggae.00096.pkl,C:\Users\user\Downloads\gnn_bert_music_context\data\processed\features\reggae\reggae.00096.npy,8HHrlxQuZKE,60,70,This audio contains reggae-like drums playing along with a bass. An e-guitar is strumming short chords on the backbeat giving this song its typical reggae feel. An organ is playing a melody panned to the left side of the speakers playing short fast chords. A male voice is singing a melody in a higher pitch than a piano is walking down the scale creating a melody then a chime comes in getting the song ready for the next part. This song may be playing while sitting by a lake with your friends.,"['reggae', 'e-bass', 'e-guitar', 'acoustic drums', 'male voice singing', 'higher pitch', 'organ', 'piano', 'chimes', 'uptempo']",energetic
train,hiphop,C:\Users\user\Downloads\gnn_bert_music_context\data\processed\graphs\hiphop\hiphop.00048.pkl,C:\Users\user\Downloads\gnn_bert_music_context\data\processed\features\hiphop\hiphop.00048.npy,ZAT2_-x59pY,10,20,This audio contains someone playing a rhythm using acoustic drum samples along with synth pad sounds with a lot of reverb creating harmonies and a melody. This song may be playing and producing music at home.,"['amateur recording', 'hip-hop', 'acoustic drum samples', 'synth pads', 'medium tempo', 'atmospheric']",neutral
train,metal,C:\Users\user\Downloads\gnn_bert_music_context\data\processed\graphs\metal\metal.00051.pkl,C:\Users\user\Downloads\gnn_bert_music_context\data\processed\features\metal\metal.00051.npy,_VmCPixy9GQ,50,60,"Ambient music full of textures. Present are a slow descending glissando from a high-pitched metallic screech, a bowed string bass, atmospheric reverb. The mood is foreboding and ominous. Good for an unsettling horror soundtrack.","['atmospheric', 'ambient', 'texture', 'slow descending glissando', 'unsettling', 'horror soundtrack', 'high pitched', 'bowed string bass', 'foreboding', 'ominous', 'metallic', 'screech']",dark
train,hiphop,C:\Users\user\Downloads\gnn_bert_music_context\data\processed\graphs\hiphop\hiphop.00027.pkl,C:\Users\user\Downloads\gnn_bert_music_context\data\processed\features\hiphop\hiphop.00027.npy,OvX68hqDjeA,30,40,"The low quality recording features a hip hop song, that consists of flat male vocal rapping over widely spread shimmering bells, punchy kicks and claps, playing in the background. Right before the beat drops there is a short flat female vocal. There are some people talking to each other, while one of them is yelling. It sounds noisy and haunting and energetic thanks to the song.","['low quality', 'wide shimmering bells', 'noisy', 'people chattering', 'man yelling', 'flat male vocal', 'short flat female vocal', 'punchy kick', 'clapping', 'hip hop', 'energetic', 'haunting']",energetic
train,disco,C:\Users\user\Downloads\gnn_bert_music_context\data\processed\graphs\disco\disco.00071.pkl,C:\Users\user\Downloads\gnn_bert_music_context\data\processed\features\disco\disco.00071.npy,vrMmkVV4SOE,30,40,An organ is playing low notes serving as a bassline while a drummer is hitting the drums with a lot of fill-ins losing the rhythm and shouting. This recording is of poor quality.,"['funk/disco', 'acoustic drums', 'organ', 'amateur recording', 'medium tempo']",neutral
train,jazz,C:\Users\user\Downloads\gnn_bert_music_context\data\processed\graphs\jazz\jazz.00030.pkl,C:\Users\user\Downloads\gnn_bert_music_context\data\processed\features\jazz\jazz.00030.npy,YpOHemscGCk,0,10,"The low quality recording features a sipping sound effect and some repetitive, weird burping sounds, while the jazz song is playing in the background. It sounds like it is an audio from some cartoon on a TV, as it sounds mono and a bit noisy too - like it was recorded with a phone.","['low quality', 'noisy', 'sipping sound effect', 'repetitive weird burping sounds', 'mono', 'jazz', 'mono']",neutral
train,country,C:\Users\user\Downloads\gnn_bert_music_context\data\processed\graphs\country\country.00014.pkl,C:\Users\user\Downloads\gnn_bert_music_context\data\processed\features\country\country.00014.npy,3vEsFxolnFs,100,110,This clip is an instrumental with a female voice speaking. The tempo is medium with a banjo riff. This is a Banjo lesson on chord progression for country dance music. It is clear and crisp.,"['instrumental', 'medium tempo', 'female voice speaking', 'banjo lesson', 'banjo tutorial', 'country music', 'country string instruments', 'plucked string instrument', 'dance music', 'learning banjo']",neutral
train,metal,C:\Users\user\Downloads\gnn_bert_music_context\data\processed\graphs\metal\metal.00086.pkl,C:\Users\user\Downloads\gnn_bert_music_context\data\processed\features\metal\metal.00086.npy,hBQFoDI3NMI,30,40,"This music is an Electric Guitar instrumental. The tempo is fast with a dissonant background score . There is the sound of people talking in the background. The music is superimposed on a track which doesn’t seem to be in sync. The lead however is powerful, loud, intense and emphatic. This is a Rock Instrumental.","['instrumental', 'electric guitar', 'people talking in the background', 'home recording', 'amateur recording', 'rock instrumental', 'intense', 'loud', 'amplified guitar', 'youthful', 'enthusiastic', 'vehement', 'spirited', 'sonic power’', 'medium tempo', 'background noises', 'accompanying music', 'people talking', 'loud', 'powerful', 'intense', 'rock', 'hard rock', 'metal', 'dissonant']",energetic
train,hiphop,C:\Users\user\Downloads\gnn_bert_music_context\data\processed\graphs\hiphop\hiphop.00045.pkl,C:\Users\user\Downloads\gnn_bert_music_context\data\processed\features\hiphop\hiphop.00045.npy,5s0yPPrQWxs,100,110,This is a British hip-hop music piece. There is a male vocal rapping in the lead. The beat in the background has its main melody being played by the acoustic guitar. A faint bass sound can be heard in the background. The rhythm is provided by an electronic drum beat. The atmosphere is hip and the sound is urban. This piece could be used in the soundtrack of a teenage drama movie that takes place in Great Britain.,"['british hip-hop music', 'male vocal', 'rapping', 'acoustic guitar', 'bass', 'electronic drums', 'hip', 'urban']",neutral
train,pop,C:\Users\user\Downloads\gnn_bert_music_context\data\processed\graphs\pop\pop.00055.pkl,C:\Users\user\Downloads\gnn_bert_music_context\data\processed\features\pop\pop.00055.npy,tV3rvUSlVnY,30,40,"This music is a cheerful instrumental. The tempo is medium with the lead harmony on a Xylophone, energetic drumming, keyboard accompaniment and rhythmic acoustic guitar. The audio quality is inferior and the music is muffled and muddy. There are background sounds like people talking, laughing and ambient nature sounds like a breeze. The music is fun, youthful, simple, enjoyable, chirpy and vivacious.","['instrumental', 'medium tempo', 'rhythmic acoustic guitar', 'background sounds', 'ambient nature sounds', 'people talking', 'sound of laughter', 'cheering', 'tapping', 'merry', 'happy', 'chirpy', 'cheerful', '’ enjoyable', 'xylophone harmony', 'energetic drumming', 'muffled audio', 'keyboard harmony', 'lively beat', 'catchy', 'rhythmic beat', 'pop song', 'popular', 'simple']",happy
train,jazz,C:\Users\user\Downloads\gnn_bert_music_context\data\processed\graphs\jazz\jazz.00007.pkl,C:\Users\user\Downloads\gnn_bert_music_context\data\processed\features\jazz\jazz.00007.npy,GWxiiDBK5s8,30,40,"This is the poor quality recording of a bebop jazz music performance. The organ is playing an insanely complex improvised solo. In the background, there is a bass guitar and a jazz acoustic drum beat. The atmosphere is energetic.","['poor quality', 'no singer', 'instrumental', 'bebop jazz', 'organ', 'solo', 'improvisation', 'bass guitar', 'acoustic drums', 'energetic', 'complex']",energetic
train,metal,C:\Users\user\Downloads\gnn_bert_music_context\data\processed\graphs\metal\metal.00067.pkl,C:\Users\user\Downloads\gnn_bert_music_context\data\processed\features\metal\metal.00067.npy,z9hRQiJMnIw,30,40,This heavy metal song features a high pitched male voice. This is accompanied by percussion playing an aggressive metal beat. The kick drum plays double kicks matching the picking pattern of the guitars. The distortion guitars play twin parts. One guitar plays the low parts while the other plays the same riff at a higher octave. The bass guitar follows the distortion guitars and plays the notes from the same riffs but ending earlier than the guitars. This song has a romantic theme. This song can be played in a superhero movie.,"['heavy metal song', 'high pitched male voice', 'distortion guitars', 'twin guitars', 'aggressive guitars', 'aggressive percussion', 'bass guitar', 'romantic theme']",romantic
train,hiphop,C:\Users\user\Downloads\gnn_bert_music_context\data\processed\graphs\hiphop\hiphop.00097.pkl,C:\Users\user\Downloads\gnn_bert_music_context\data\processed\features\hiphop\hiphop.00097.npy,rVymW4Nb4NU,0,10,"The low quality recording features an alarm beeping sound effect, after which the hip hop song starts playing and it has a stuttering DJ scratching sound effect. The recording is noisy and in mono.","['low quality', 'noisy', 'hip hop', 'stuttering dj scratching sound effect', 'alarm beeping', 'mono']",neutral
train,jazz,C:\Users\user\Downloads\gnn_bert_music_context\data\processed\graphs\jazz\jazz.00017.pkl,C:\Users\user\Downloads\gnn_bert_music_context\data\processed\features\jazz\jazz.00017.npy,BkOfrw3c3EE,30,40,"This is a jazz piece played in the background of a video game. A trumpet plays the main melody while a xylophone and a bass guitar is supporting the tune in the background. A playful jazz drum beat carries the rhythmic background. Occasional electric guitar fills in the form a strum can be heard. There are a lot of sound effects related to the game such as squeaking, chewing and explosions.","['jazz', 'trumpet', 'acoustic drums', 'xylophone', 'electric guitar', 'bass guitar', 'sound effects', 'squeaking', 'chewing', 'explosions', 'playful', 'jovial']",happy
train,metal,C:\Users\user\Downloads\gnn_bert_music_context\data\processed\graphs\metal\metal.00005.pkl,C:\Users\user\Downloads\gnn_bert_music_context\data\processed\features\metal\metal.00005.npy,rLtXML8Y5wo,0,10,The low quality recording features a shimmering bell melody that sounds haunting. There is a metallic impact. The recording sounds very noisy as it was probably recorded with a bad quality microphone.,"['low quality', 'shimmering bells melody', 'metallic impact', 'noisy', 'haunting']",dark
train,rock,C:\Users\user\Downloads\gnn_bert_music_context\data\processed\graphs\rock\rock.00048.pkl,C:\Users\user\Downloads\gnn_bert_music_context\data\processed\features\rock\rock.00048.npy,CKO35LsM0XI,30,40,"The low quality recording features an indie rock song that consists of passionate female vocal singing over energetic drums, electric guitar solo melody and groovy bass, over which there is a flat, nasal and muffled male vocal narrating. The song sounds energetic and uplifting.","['low quality', 'flat male vocal', 'indie rock', 'passionate female vocal', 'energetic drums', 'electric guitar solo melody', 'groovy bass guitar', 'energetic', 'uplifting', 'muffled', 'nasal']",romantic
train,jazz,C:\Users\user\Downloads\gnn_bert_music_context\data\processed\graphs\jazz\jazz.00031.pkl,C:\Users\user\Downloads\gnn_bert_music_context\data\processed\features\jazz\jazz.00031.npy,CphwhKgYHaM,70,80,"A male vocalist sings this mellow jazz song. The tempo is medium with a spirited saxophone accompaniment, jazzy piano, groovy bass lines, slick drumming and trumpet . The song is melodic, catchy, ambient, romantic, groovy, light and breezy with a swing rhythm. This song is a lively Jazz song.","['male singer', 'medium tempo', 'jazz piano', 'trumpets', 'romantic', 'pleasant', 'saxophone accompaniment', 'wind instruments', 'brass instruments', 'slick drumming', 'groovy bass lines', 'animated piano', 'swing', 'jazz', 'blues', 'ambient', 'pleasant', 'syncopated harmony', 'improvisations']",romantic
train,reggae,C:\Users\user\Downloads\gnn_bert_music_context\data\processed\graphs\reggae\reggae.00002.pkl,C:\Users\user\Downloads\gnn_bert_music_context\data\processed\features\reggae\reggae.00002.npy,QHNREJJRTS4,20,30,This reggae song features a male voice singing the main melody. This is accompanied by percussion playing a simple reggae beat. The bass plays notes in reggae style. A guitar plays fills in the beginning and in between lines. Hand claps are played in groups of two and one in an alternating pattern. This song can be played in a romantic movie.,"['reggae song', 'male voice', 'guitar', 'bass', 'simple percussion', 'moderate tempo', 'romantic mood', 'hand claps']",romantic
train,disco,C:\Users\user\Downloads\gnn_bert_music_context\data\processed\graphs\disco\disco.00013.pkl,C:\Users\user\Downloads\gnn_bert_music_context\data\processed\features\disco\disco.00013.npy,fhs7AkJsYao,30,40,"This is an instrumental rock-sounding gear showcase jam. There is an electric guitar playing improvised disconnected riffs with varying accentuations. There is an echo delay pedal being used on the guitar that makes the notes being played echo repeatedly in a fading manner. Due to the usage of numerous riffs, an electric guitar sample could be lifted from this piece to be used in a beat.","['jam', 'rock', 'improvisation', 'no singer', 'instrumental', 'single instrument', 'electric guitar', 'guitar solo', 'echo delay', 'effect pedal', 'gear showcase']",neutral
train,disco,C:\Users\user\Downloads\gnn_bert_music_context\data\processed\graphs\disco\disco.00010.pkl,C:\Users\user\Downloads\gnn_bert_music_context\data\processed\features\disco\disco.00010.npy,MvnC1TfNiPY,90,100,"This song is an energetic dance pop. The tempo is medium fast with keyboard accompaniment, synthesiser articulation,infectious digital drumming and vocal backup supporting the male and female duet. The song is a youthful, upbeat, energetic, spirited, bouncy and pulsating Disco Pop.","['duet', 'medium fast tempo', 'electronic music', 'edm', 'vocal backup', 'synth pop', 'youthful', 'energetic', 'dance music', 'disco pop', 'animated synthesiser', 'infectious digital drumming', 'reverb', 'auto tune', 'vocal backup', 'male and female vocals', 'punchy', 'peppy', 'buoyant', 'dj', 'club music']",energetic
train,metal,C:\Users\user\Downloads\gnn_bert_music_context\data\processed\graphs\metal\metal.00046.pkl,C:\Users\user\Downloads\gnn_bert_music_context\data\processed\features\metal\metal.00046.npy,IJcLW4arT6s,70,80,"The low quality recording features a background sound ambience and atmosphere of a video game that consists of clothes movement, loud wind, exhale, background industrial impacts, metallic impact and wooden impact sound effects. It sounds like an action act, judging by the exhale and some metallic and wooden impacts.","['loud wind sound effects', 'clothes movement sound effects', 'exhale sound effect', 'background industrial impacts', 'metallic impact sound effect', 'wooden impact sound effect', 'video game ambience', 'low quality']",neutral
train,disco,C:\Users\user\Downloads\gnn_bert_music_context\data\processed\graphs\disco\disco.00066.pkl,C:\Users\user\Downloads\gnn_bert_music_context\data\processed\features\disco\disco.00066.npy,mpikDeSk-mM,30,40,"A female singer sings this cool dance melody. The song is medium-fast tempo with a cool dance groove, percussive bass line, steady dance rhythm, keyboard accompaniment and various percussion hits. The song is groovy and proper electronic dance music hit,","['electronic dance music', 'dj', 'female singer', 'beach party hits', 'retro pop hits', 'diva', 'groovy bas slime', 'strong drumming rhythm', 'various percussion hits', 'exciting', 'cheerful', 'romantic', 'groovy', 'love song', 'party all night', 'party hits', 'dance hits', 'retro dance music', 'miami larry', 'happening paces', 'dance floor', 'keyboard accompaniment', 'disco hits']",romantic
train,metal,C:\Users\user\Downloads\gnn_bert_music_context\data\processed\graphs\metal\metal.00062.pkl,C:\Users\user\Downloads\gnn_bert_music_context\data\processed\features\metal\metal.00062.npy,hWiAoE4u4y8,180,190,This is an alternative metal music piece. There is a male vocal singing loudly initially with a cleaner character and then with a heavy vocal fry. The distorted electric guitar is playing a heavy riff with the bass guitar in the background. The rhythmic background consists of an aggressive acoustic drum metal beat. The atmosphere is rebellious and violent. This piece can be used in the soundtrack of an action video game or a thriller movie during scenes of a face-off or a combat.,"['alternative metal', 'male vocal', 'loud singing', 'vocal fry', 'distorted electric guitar', 'bass guitar', 'acoustic drums', 'rebellious', 'energetic', 'aggressive', 'violent']",energetic
train,country,C:\Users\user\Downloads\gnn_bert_music_context\data\processed\graphs\country\country.00048.pkl,C:\Users\user\Downloads\gnn_bert_music_context\data\processed\features\country\country.00048.npy,H18aK9HhNSM,30,40,"The low quality recording features a live performance of a country song played by ukulele orchestra, smooth double bass and sung by fruity male vocals. It is uptempo and it sounds energetic, even without drums, and passionate.","['low quality', 'live performance', 'fruity male vocal', 'country', 'ukulele orchestra chord progressions', 'smooth double bass', 'uptempo', 'energetic', 'passionate']",energetic
train,pop,C:\Users\user\Downloads\gnn_bert_music_context\data\processed\graphs\pop\pop.00081.pkl,C:\Users\user\Downloads\gnn_bert_music_context\data\processed\features\pop\pop.00081.npy,4i1aizhCnfg,30,40,"A male vocalist sings this mellow pop. The tempo is slow in contrast to the enthusiastic introductory bit in this section. The song is soft, mellow, emotional, repetitive, melancholic, nostalgic and passionate with a soft acoustic guitar accompaniment. This could be a song fade. This song is a Korean Pop/K-Pop song.","['male vocalist', 'slow tempo', 'vigorous introduction', 'synthesiser arrangements', 'contrast song fade', 'soft acoustic guitar accompaniment', 'korean pop', 'k-pop', 'k-pop hits', 'mellow guitar', 'song fade', 'love song', 'romantic', 'emotional', 'passionate', 'mellow', 'soft', 'calm']",calm
train,classical,C:\Users\user\Downloads\gnn_bert_music_context\data\processed\graphs\classical\classical.00079.pkl,C:\Users\user\Downloads\gnn_bert_music_context\data\processed\features\classical\classical.00079.npy,as7MhTe961k,170,180,This is a live performance of a movie music piece. The recording has a very poor quality. The saxophone is playing the main tune while the piano can be heard providing a melodic background. The atmosphere is romantic and it is probably a wedding setting.,"['movie music', 'classical', 'live performance', 'no singer', 'instrumental', 'saxophone', 'saxophone solo', 'piano', 'romantic', 'emotional', 'poor quality']",romantic
train,pop,C:\Users\user\Downloads\gnn_bert_music_context\data\processed\graphs\pop\pop.00040.pkl,C:\Users\user\Downloads\gnn_bert_music_context\data\processed\features\pop\pop.00040.npy,cp8t27oT_ww,0,10,The song is an instrumental. The tempo is medium with a guitar accompaniment and leads into a strong drumming rhythm and bass line. The song is exciting and energetic. The song is a movie soundtrack for a travel show or a documentary.,"['instrumental music', 'song introduction', 'travel show', 'new places', 'senseof adventure', 'a great day', 'positive', 'good vibes', 'pop music', 'adventure', 'sense of adventure', 'building anticipation', 'groovy rhythm', 'energetic', 'passionate', 'movie soundtrack', 'guitar accompaniment', 'strong drum rhythm', 'modern pop instrumental', 'documentary soundtrack', 'medium tempo']",energetic
train,classical,C:\Users\user\Downloads\gnn_bert_music_context\data\processed\graphs\classical\classical.00078.pkl,C:\Users\user\Downloads\gnn_bert_music_context\data\processed\features\classical\classical.00078.npy,WSMdqFEjGXE,120,130,"This is a live performance of a classical music piece from the impressionist school. It is being performed by a string quartet of two violins, one viola and one cello. The quartet is playing a dramatic tune. The atmosphere is gloomy. This piece could be used in the soundtrack of a drama movie during tragic scenes.","['classical music', 'live performance', 'impressionist', 'instrumental', 'string quartet', 'violin', 'viola', 'cello', 'dramatic', 'profound', 'gloomy']",neutral
train,jazz,C:\Users\user\Downloads\gnn_bert_music_context\data\processed\graphs\jazz\jazz.00072.pkl,C:\Users\user\Downloads\gnn_bert_music_context\data\processed\features\jazz\jazz.00072.npy,8zcogfmAD_o,180,190,"A woman talks before the beginning of the music track. The song is instrumental with a trumpet playing a swing melody accompanied by a brass band and jazz orchestra. The tempo is medium with a walking bass line, piano accompaniment, steady rhythm and clapping percussion. The song is a classic swing jazz tune.","['woman talks', 'trumpet melody', 'jazz music', 'walking bass line', 'new orleans', 'video soundtrack', 'big band orchestra', 'brass instruments', 'piano accompaniment', 'trombones', 'jazz music', 'vintage jazz', 'retro jazz hits', 'swing music', 'steady drumming rhythm', 'clapping rhythm', 'jazz classics', 'swing era', 'instrumental music']",neutral
train,disco,C:\Users\user\Downloads\gnn_bert_music_context\data\processed\graphs\disco\disco.00017.pkl,C:\Users\user\Downloads\gnn_bert_music_context\data\processed\features\disco\disco.00017.npy,9PMoI31ncIs,30,40,This is a house music piece. There is a synth with a crisp sound playing the melody while a lot of turntable scratches can be heard in the background. An electronic drum beat with lots of snare beat repeat sounds provide the rhythm. The atmosphere is energetic and upbeat. This piece could be played at nightclubs or dance clubs.,"['house', 'disco music', 'no singer', 'electronic', 'synth', 'turntable', 'electronic drums', 'energetic', 'dance', 'upbeat', 'club music']",energetic
train,hiphop,C:\Users\user\Downloads\gnn_bert_music_context\data\processed\graphs\hiphop\hiphop.00002.pkl,C:\Users\user\Downloads\gnn_bert_music_context\data\processed\features\hiphop\hiphop.00002.npy,0abzD7hBTRk,30,40,"This music clip is of a male vocalist doing a beat box. The tempo is medium fast with the vocalist imitating the digital drums, turntable and Dj mixer to a perfection. This vocal percussion is lively, rhythmic, youthful and engaging.","['vocalisation', 'medium fast tempo', 'male vocalist', 'punchy', 'boomy', 'buoyant', 'rap', 'dance groove', 'vocal percussionist', 'youthful', 'rhythmic', 'skilled', 'engaging', 'beat boxing', 'turn table imitation', 'vigorous', 'youthful', 'vocal percussion', 'vocal turntablism', 'mouth and throat coordinated sounds', 'dj', 'hip-hop-rap', 'digital drum imitation']",energetic
train,disco,C:\Users\user\Downloads\gnn_bert_music_context\data\processed\graphs\disco\disco.00032.pkl,C:\Users\user\Downloads\gnn_bert_music_context\data\processed\features\disco\disco.00032.npy,yPzhMx3NPW4,30,40,"This disco song features male voices singing the main melody in harmony. This is accompanied by programmed percussion playing a simple beat. The bass plays funk style bass notes. A synth plays a string voice in the background with short bursts of chords. After the first line, a guitar strum is played. This song is uptempo and has a happy mood. This song can be played in a celebratory event.","['disco song', 'male voice', 'vocal harmony', 'foreign language', 'funk bass', 'guitar strums', 'hand claps', 'happy mood', 'synth string backing', 'upbeat', 'moderate tempo', 'celebration song']",energetic
train,country,C:\Users\user\Downloads\gnn_bert_music_context\data\processed\graphs\country\country.00097.pkl,C:\Users\user\Downloads\gnn_bert_music_context\data\processed\features\country\country.00097.npy,2ZogsGp-T4o,30,40,"This song is a mandolin instrumental. The tempo is medium with a lively melody on the mandolin. The music is minimalist without  any other instruments. The music is high pitched, melodious and charming. This audio ends abruptly indicating that this could be a mandolin tutorial.","['instrumental', 'medium tempo', 'mandolin', 'folk', 'classical', 'jazz', 'ethnic music', 'country songs', 'tutorial', 'string instrument', 'mandolin instrumental', '8 stringed instrument', 'country song', 'bluegrass', 'high notes', 'melodious', 'sweet', 'lute instrument', 'soprano tone']",energetic
train,rock,C:\Users\user\Downloads\gnn_bert_music_context\data\processed\graphs\rock\rock.00073.pkl,C:\Users\user\Downloads\gnn_bert_music_context\data\processed\features\rock\rock.00073.npy,EXRKJRL0TDU,50,60,"The low quality recording features an alternative rock song that consists of crushed snare hits, punchy kick, shimmering hi hats, groovy bass guitar, widely spread electric rhythm guitar and wide mellow synth pad, followed by some squeaky sound effects. It sounds groovy.","['low quality', 'alternative rock', 'crushed snare', 'squeaky sound effect', 'groovy bass guitar', 'wide electric rhythm guitar', 'wide mellow synth pad', 'shimmering hi hats', 'punchy kick', 'groovy']",energetic
train,classical,C:\Users\user\Downloads\gnn_bert_music_context\data\processed\graphs\classical\classical.00073.pkl,C:\Users\user\Downloads\gnn_bert_music_context\data\processed\features\classical\classical.00073.npy,0OhtODbKajw,350,360,This audio contains people playing a melody in the higher register using violins and a viola. Some are playing the melody upwards while others are playing downwards. A cello or upright bass is providing a melody line in the lower register. This song may be playing during a classical concert.,"['classical', 'violins', 'viola', 'uprightbass/cello', 'uptempo']",energetic
train,metal,C:\Users\user\Downloads\gnn_bert_music_context\data\processed\graphs\metal\metal.00034.pkl,C:\Users\user\Downloads\gnn_bert_music_context\data\processed\features\metal\metal.00034.npy,kVYXcbvw9u4,580,590,"This music is an electronic instrumental; the tempo is medium with a solo electric guitar lead and no accompanying instruments. The music is melodic, rhythmic, and groovy.","['instrumental', 'electric guitar', 'amplified', 'vibration', 'string instrument', 'electric guitar lead', 'minimalist', 'groovy', 'external amplification', 'heavy metal', 'rock', 'reggae', 'jazz', 'funk']",neutral
train,pop,C:\Users\user\Downloads\gnn_bert_music_context\data\processed\graphs\pop\pop.00071.pkl,C:\Users\user\Downloads\gnn_bert_music_context\data\processed\features\pop\pop.00071.npy,MVAXHT67Na4,10,20,"This is a parody montage of a K-pop music piece. There is a girl band singing in the original track. On the parts where the girls are hollering, the sounds of goats bleating were added. The original track has a keyboard playing the melody while there is a strong bass in the background. The rhythm is played by the electronic drums. There is an amusing atmosphere.","['comedy', 'parody', 'k-pop', 'goat bleating', 'female vocals', 'hollering', 'keyboard', 'strong bass', 'electronic drums', 'amusing']",happy
train,hiphop,C:\Users\user\Downloads\gnn_bert_music_context\data\processed\graphs\hiphop\hiphop.00042.pkl,C:\Users\user\Downloads\gnn_bert_music_context\data\processed\features\hiphop\hiphop.00042.npy,GOujNXEtDmg,30,40,"The low quality recording features a hip hop song that consists of flat male vocals, alongside background male ad libs, rapping over boomy bass, punchy kick, slap snare, shimmering hi hats, tinny percussive elements and weird, funny and repetitive percussion. It sounds groovy and boomy, but also muddy and poorly mixed.","['low quality', 'hip hop', 'reverberant vocal chant', 'boomy bass', 'punchy kick', 'slap snare', 'flat male vocal', 'shimmering hi hats', 'tinny percussive elements', 'weird funny repetitive percussion', 'groovy', 'background male ad libs', 'poor mix', 'boomy', 'muddy']",energetic
train,rock,C:\Users\user\Downloads\gnn_bert_music_context\data\processed\graphs\rock\rock.00006.pkl,C:\Users\user\Downloads\gnn_bert_music_context\data\processed\features\rock\rock.00006.npy,-taO6N-rxv4,30,40,This is a rock music piece playing in the background of a tutorial video. There is an electric guitar playing a simple tune as the lead while another provides a rhythmic backing by playing the same note repeatedly in rapid procession. There is an acoustic drum beat playing. There are water sound effects related to the video. The piece has a generic feeling. It does not evoke much excitement. It could be used as a jingle for an advertisement or in the background of an instructive video.,"['rock music', 'tutorial', 'electric guitar', 'acoustic drums', 'sound effects', 'underwater', 'loud', 'generic', 'common sounding']",neutral
train,disco,C:\Users\user\Downloads\gnn_bert_music_context\data\processed\graphs\disco\disco.00002.pkl,C:\Users\user\Downloads\gnn_bert_music_context\data\processed\features\disco\disco.00002.npy,2ZgEbNi--8Q,30,40,"A male singer sings this aggressive vocal. The song is medium tempo with a slick drumming rhythm, groovy bass line, sonic tones, keyboard harmony and various percussive hits. The song is a modern electronic dance music with trance influences. The song has bad quality audio issues.","['bad audio quality', 'electronic dance music', 'dj', 'strong drumming rhythm', 'trance music', 'medium tempo', 'string drumming rhythm', 'groovy bass line', 'keyboard harmony', 'energetic', 'youthful', 'robotic harmony tones', 'male singer', 'dance music', 'disco club', 'edm', 'people dancing', 'aggressive vocals', 'explicit  trance keyboard tones']",energetic
train,blues,C:\Users\user\Downloads\gnn_bert_music_context\data\processed\graphs\blues\blues.00072.pkl,C:\Users\user\Downloads\gnn_bert_music_context\data\processed\features\blues\blues.00072.npy,4ueN2gGsH5Y,0,10,This instrumental song features an acoustic guitar being played. The strings are raked followed by a bend to a higher note. This is followed by a descending run using three notes. This song has a blues feel. There are no other instruments in this song. There are no voices in this song. This song can be played in a Wild West movie.,"['acoustic guitar music', 'raking guitar strings', 'slow tempo', 'string bending', 'blues feel', 'no percussion', 'no other instruments', 'no voice', 'instrumental']",calm
train,rock,C:\Users\user\Downloads\gnn_bert_music_context\data\processed\graphs\rock\rock.00096.pkl,C:\Users\user\Downloads\gnn_bert_music_context\data\processed\features\rock\rock.00096.npy,yFh6J72KnCM,30,40,This file contains a backing track with acoustic drums holding a steady groove without any changes along with a repeating bassline. A padsound is playing in the background along with a high pitched melody entering for a moment. The e-guitar is strumming rhythmically chords along with the bass walking down the fretboard. The male voice singing sounds like not being a part of the track playing. This is an amateur recording. This song may be playing at a karaoke night.,"['rock&roll/pop', 'backing track', 'acoustic drums', 'e-guitar', 'e-bass', 'synth pad', 'male voice singing', 'amateur recording', 'uptempo']",energetic
train,hiphop,C:\Users\user\Downloads\gnn_bert_music_context\data\processed\graphs\hiphop\hiphop.00021.pkl,C:\Users\user\Downloads\gnn_bert_music_context\data\processed\features\hiphop\hiphop.00021.npy,n3X8RGZsGg4,30,40,"The low quality recording features a hip hop song that consists of groovy bass, groovy piano chords, shimmering hi-hats and punchy kick and snare hits over sword slicing, blood spillage and grunting sound effects. Overall the song is very groovy, bright and judging by the volume of the sounds, it could be an Animated Music Video.","['low quality', 'hip hop', 'groovy bass', 'grunting sound effects', 'blood spillage sound effects', 'animated music video', 'sword slicing sound effect', 'groovy piano chords', 'punchy kick', 'punchy snare', 'shimmering hi hats', 'bright', 'groovy']",energetic
train,reggae,C:\Users\user\Downloads\gnn_bert_music_context\data\processed\graphs\reggae\reggae.00041.pkl,C:\Users\user\Downloads\gnn_bert_music_context\data\processed\features\reggae\reggae.00041.npy,tc7crRl2JqA,90,100,This is a rocksteady music piece. There is a male vocalist with a Jamaican accent singing in a relaxed manner. The melody is being played by an electric guitar and a keyboard with a groovy bass guitar joining them in the background. The acoustic drums are playing a slow tempo reggae beat in the rhythmic background. The atmosphere is chill and tropical. This piece could be used in the soundtrack of a romance movie with a tropical setting. It could also be playing in the background at a beach or a seaside restaurant.,"['rocksteady', 'proto-reggae', 'male vocal', 'relaxed singing', 'jamaican', 'electric guitar', 'bass guitar', 'keyboard', 'acoustic drums', 'chill', 'groovy', 'tropical', 'slow tempo']",calm
train,rock,C:\Users\user\Downloads\gnn_bert_music_context\data\processed\graphs\rock\rock.00050.pkl,C:\Users\user\Downloads\gnn_bert_music_context\data\processed\features\rock\rock.00050.npy,7RtQpW2dSU4,10,20,"The low quality recording features a rock song that consists of a passionate female vocal, alongside harmonizing background female vocals, singing over wide acoustic guitar chords, groovy bass, punchy kick and snare hits. It sounds addictive and easygoing, even though the recording is a bit messy.","['low quality', 'rock', 'wide acoustic guitar chords', 'groovy bass', 'harmonizing background female vocals', 'passionate female vocal', 'punchy kick', 'punchy snare', 'shimmering hi hats', 'addictive', 'easygoing', 'messy']",romantic
train,hiphop,C:\Users\user\Downloads\gnn_bert_music_context\data\processed\graphs\hiphop\hiphop.00068.pkl,C:\Users\user\Downloads\gnn_bert_music_context\data\processed\features\hiphop\hiphop.00068.npy,nrcfdP6LrLo,30,40,"The low quality recording features a hip hop song that consists of flat male vocals talking over reverberant female vocal melody, punchy snare and kick hits, shimmering hi hats, groovy bass and mellow piano chord progression. It has a lot of reverb on it and it sounds easygoing, chill and groovy - like something you would listen to on a car ride.","['low quality', 'hip hop', 'flat male vocal', 'reverberant female vocal melody', 'punchy snare', 'punchy kick', 'shimmering hi hats', 'groovy bass', 'mellow piano chord progression', 'easygoing', 'chill', 'groovy', 'reverberant']",calm
train,reggae,C:\Users\user\Downloads\gnn_bert_music_context\data\processed\graphs\reggae\reggae.00005.pkl,C:\Users\user\Downloads\gnn_bert_music_context\data\processed\features\reggae\reggae.00005.npy,L0-l1LIa22g,50,60,"The low quality recording features a reggae song that consists of passionate male vocals singing over shimmering hi hats, snappy snare, punchy kick, groovy bass, brass melody and funky electric guitar chords. It sounds chill and easygoing.","['low quality', 'reggae', 'passionate male vocals', 'shimmering hi hats', 'snappy snare', 'groovy bass', 'brass melody', 'funky electric guitar chords', 'punchy kick', 'easygoing', 'chill']",romantic
train,rock,C:\Users\user\Downloads\gnn_bert_music_context\data\processed\graphs\rock\rock.00064.pkl,C:\Users\user\Downloads\gnn_bert_music_context\data\processed\features\rock\rock.00064.npy,oVhhEku6ECA,150,160,Someone is playing an acoustic drumset with an open hi-hat and fast aggressive fill-ins. An e-bass is playing a simple bassline along. In the background you can hear strings playing a melody while an e-guitar is playing an arpeggio melody on top. In the background you can hear people cheering and singer/singers at the end of a phrase. This song may be playing in a live concert.,"['hardrock', 'acoustic drums', 'double-bass', 'e-guitar', 'synth-strings', 'background noises', 'voices', 'e-bass', 'uptempo', 'epic']",energetic
train,classical,C:\Users\user\Downloads\gnn_bert_music_context\data\processed\graphs\classical\classical.00054.pkl,C:\Users\user\Downloads\gnn_bert_music_context\data\processed\features\classical\classical.00054.npy,RV05BW-2WIc,30,40,"This music is a captivating Piano solo melody. The tempo is medium fast with no accompaniment. The suit is mellow, captivating , pleasant, soothing , engaging, charming and ambient. This music is a Classic Piano piece that sounds like the melody of a Hymn.","['instrumental', 'medium fast tempo', 'lively piano', 'minimalist', 'no accompaniment', 'ambient', 'piano solo', 'harmonious', 'mellow', 'mellifluous', 'captivating', 'soothing', 'classical', 'resounding', 'stringed keyboard', 'acoustic delight', 'pleasant', 'sublime']",energetic
train,jazz,C:\Users\user\Downloads\gnn_bert_music_context\data\processed\graphs\jazz\jazz.00050.pkl,C:\Users\user\Downloads\gnn_bert_music_context\data\processed\features\jazz\jazz.00050.npy,3TQmts_MxyQ,30,40,This is an instrumental backing track of a jazz music piece. There is no singer in this version of the piece. The piano is playing the chords in the minor key while a bass guitar can be heard playing a walking bass line. The rhythmic background consists of acoustic drums playing a jazz swing beat. The atmosphere is delicate. This piece could be playing in the background at a coffee shop. It could be used in the soundtrack of a romantic movie.,"['jazz', 'no singer', 'instrumental', 'backing track', 'piano', 'bass guitar', 'acoustic jazz drums', 'mellow', 'soft', 'swing', 'light-hearted']",calm
train,pop,C:\Users\user\Downloads\gnn_bert_music_context\data\processed\graphs\pop\pop.00052.pkl,C:\Users\user\Downloads\gnn_bert_music_context\data\processed\features\pop\pop.00052.npy,gAQiARaliPA,150,160,This is an upbeat Arabic dance pop song. There's an energetic male singer with a heavily autotuned voice who sings to the beat. The beat features a four on the floor kick drum pattern and hi-hats being played in a pattern of 16th notes. There's a rapid repeated synth melody riff. The song would be heard at a dance club.,"['autotuned male vocal', 'arabic dance pop', 'heavy autotune', 'rapid bright synth melody', 'four on the floor', 'dance', 'hi-hats', 'sixteenth notes']",energetic
train,hiphop,C:\Users\user\Downloads\gnn_bert_music_context\data\processed\graphs\hiphop\hiphop.00033.pkl,C:\Users\user\Downloads\gnn_bert_music_context\data\processed\features\hiphop\hiphop.00033.npy,2z1elo4ucis,120,130,This is an amateur recording of a latin dance music piece. The audio quality is not that great. There is a male vocalist singing loudly. A bass guitar is playing a groovy bass line while an electric guitar is strumming chords in a syncopated manner. The rhythmic background is provided by a barely heard latin acoustic drum beat. The atmosphere is cheerful. This piece could be sampled for use in the making of a latin influenced hip-hop beat.,"['amateur recording', 'latin dance music', 'male vocal', 'loud singing', 'bass guitar', 'electric guitar', 'acoustic latin drums', 'cheerful', 'lively']",happy
train,rock,C:\Users\user\Downloads\gnn_bert_music_context\data\processed\graphs\rock\rock.00001.pkl,C:\Users\user\Downloads\gnn_bert_music_context\data\processed\features\rock\rock.00001.npy,sC7T0sEG6ek,230,240,"The Epic Rock song features a punchy snare, punchy hollow kick hits, wide electric guitar chords, simple bass guitar, energetic cymbals, arpeggiated filtered melody, arpeggiated violin and arpeggiated synth melody over which there is a whispering male vocal at one point. It sounds like something you would hear at the end of an action movie, while credits are rolling.","['epic rock', 'punchy snare', 'punchy hollow kick', 'whispering male vocal', 'electric guitar chords', 'energetic cymbals', 'arpeggiated synth melody', 'arpeggiated filtered melody', 'energetic', 'arpeggiated violin melody']",energetic
train,reggae,C:\Users\user\Downloads\gnn_bert_music_context\data\processed\graphs\reggae\reggae.00013.pkl,C:\Users\user\Downloads\gnn_bert_music_context\data\processed\features\reggae\reggae.00013.npy,zXxJymYt8Z4,30,40,"The low quality recording features a live performance of a reggae song and it consists of a fruity male vocal preparing to sing over shimmering hi hats, snappy rimshots, funky electric guitar chords and groovy bass. As it is a live performance, there are some crowd whistling and cheering noises in the background. It sounds easygoing and exciting.","['low quality', 'reggae', 'crowd whistling', 'fruity male vocal', 'crowd cheering', 'live performance', 'playback', 'shimmering hi hats', 'snappy rimshots', 'funky electric guitar chords', 'groovy bass guitar', 'easygoing', 'exciting']",energetic
train,country,C:\Users\user\Downloads\gnn_bert_music_context\data\processed\graphs\country\country.00003.pkl,C:\Users\user\Downloads\gnn_bert_music_context\data\processed\features\country\country.00003.npy,KikHXfUanJk,0,10,We hear a twangy electric guitar on which some arpeggiated chords are played. The music style is a bluesy country rock style.,"['twangy electric guitar arpeggios', 'country rock', 'country blues', 'southern']",neutral
train,blues,C:\Users\user\Downloads\gnn_bert_music_context\data\processed\graphs\blues\blues.00026.pkl,C:\Users\user\Downloads\gnn_bert_music_context\data\processed\features\blues\blues.00026.npy,P4zWSoib5BU,30,40,A deep male voice is talking then starts strumming chords on an acoustic guitar while blowing a melody on top with a harmonica. This song may be playing live explaining music.,"['amateur recording', 'blues', 'male deeper voice speaking', 'acoustic guitar', 'harmonica', 'slow tempo']",calm
train,rock,C:\Users\user\Downloads\gnn_bert_music_context\data\processed\graphs\rock\rock.00053.pkl,C:\Users\user\Downloads\gnn_bert_music_context\data\processed\features\rock\rock.00053.npy,EieK70X8lnw,30,40,Someone is playing a complex groove on the drums playing along to digital strings playing in a minor key. A very low sounding e-bass is playing a bassline. Panned to the right side of the speakers you can hear a synth lead sound playing a melody in the mid-range. This song may be playing live on a drum off show.,"['progressive synth-rock', 'synth lead', 'digital strings', 'e-bass', 'acoustic drums', 'complex', 'uptempo']",energetic
train,blues,C:\Users\user\Downloads\gnn_bert_music_context\data\processed\graphs\blues\blues.00083.pkl,C:\Users\user\Downloads\gnn_bert_music_context\data\processed\features\blues\blues.00083.npy,qAgZ__fk9LY,50,60,This slow blues song features a solo played on a guitar. The tempo of this song is slow. This is accompanied by percussion playing a simple beat. The bass follows the 12 bar blues pattern. The piano plays chords in the background. The mood of this song is romantic and the pattern played on the guitar is similar to a call-response theme. This song can be played in a bar.,"['slow blues song', 'instrumental', 'guitar solo', 'bass', 'simple percussion', '12 bar blues', 'piano', 'slow tempo', 'no voices']",calm
train,pop,C:\Users\user\Downloads\gnn_bert_music_context\data\processed\graphs\pop\pop.00043.pkl,C:\Users\user\Downloads\gnn_bert_music_context\data\processed\features\pop\pop.00043.npy,CM2rKZmcR0I,80,90,"This slow pop song features a male voice singing the main melody. Another male voice sings backing voices in harmony with the main melody. A synth plays the same melody as the main voice using staccato notes. This is accompanied by percussion playing a trap beat. The bass plays the root notes of the chords and flourishes during chord changes. The bass notes are played without pausing in between notes. Instead, the notes are slid into each other. The mood of this song is romantic. This song can be played in a heartbreak scene in a romantic movie.","['slow pop', 'trap beat', 'synth layers', 'male voice', 'bass', 'male backing voice', 'slow tempo', 'romantic theme']",calm
train,disco,C:\Users\user\Downloads\gnn_bert_music_context\data\processed\graphs\disco\disco.00081.pkl,C:\Users\user\Downloads\gnn_bert_music_context\data\processed\features\disco\disco.00081.npy,b9yT3nGcD_I,30,40,This song contains digital drums with a loud kick on every beat and a snare hit on the 2 and 4. A synthbass is playing a simple melody. While sound-effect hits are adding rhythmic diversity along with a fast arpeggio sound that is fading out. This song may be playing at the disco.,"['techno/electro', 'digital drums', 'arpeggio sound', 'synth bassline', 'medium to uptempo']",energetic
train,reggae,C:\Users\user\Downloads\gnn_bert_music_context\data\processed\graphs\reggae\reggae.00004.pkl,C:\Users\user\Downloads\gnn_bert_music_context\data\processed\features\reggae\reggae.00004.npy,euAQCWBX6ns,40,50,"A male singer sings this cheerful melody with backup singers in vocal harmony. The song is medium tempo with a reggae style drum and guitar accompaniment, guitar lead and a groovy bass line. The song is romantic and cheerful . The song is a Latin pop dance song. The audio quality is average.","['male latin singer', 'backup singers', 'vocal harmony', 'keyboard accompaniment', 'average audio quality', 'groovy bass line', 'guitar accompaniment', 'guitar lead', 'bouncy drum rhythm', 'reggae music influences', 'keybiard accompaniment', 'entertaining', 'cheerful', 'romantic', 'love song', 'latin pop song', 'latin dance song', 'groovy rhythm']",romantic
train,reggae,C:\Users\user\Downloads\gnn_bert_music_context\data\processed\graphs\reggae\reggae.00097.pkl,C:\Users\user\Downloads\gnn_bert_music_context\data\processed\features\reggae\reggae.00097.npy,AFWy1qyyMHE,30,40,"Chill, tropical roots reggae music from the 1970's featuring a male vocalist, vocal harmonies, off beat guitar strums, phaser effect, a reggae drum beat and a simple bass part.","['roots reggae', 'chill', 'tropical', 'male vocals', 'vocal harmony', 'off beat guitar strums', 'phaser', ""1970's"", 'reggae drum beat', 'simple bassline']",neutral
train,hiphop,C:\Users\user\Downloads\gnn_bert_music_context\data\processed\graphs\hiphop\hiphop.00063.pkl,C:\Users\user\Downloads\gnn_bert_music_context\data\processed\features\hiphop\hiphop.00063.npy,dwAo0dKCyBI,30,40,"A male vocalist sings this rap. The tempo is medium with the keyboard harmony, digital drum rhythm and boomy bass. The song is passionate, youthful, emotional, buoyant, insightful, intense and story telling in a rhythmic patter. This song is contemporary Rap/Hip.","['male singer', 'medium tempo', 'hip-hop', 'rap', 'insightful', 'clean lyrics', 'simple lyrics', 'christian rap', 'youthful', 'teen rap', 'bouncy', 'punchy', 'steady bass', 'beat boxing', 'keyboard harmony', 'drum machine', 'digital drum rhythm', 'rhythmic patter', 'rhythmic speech', 'passionate', 'emotional', 'impactful', 'intense']",energetic
train,blues,C:\Users\user\Downloads\gnn_bert_music_context\data\processed\graphs\blues\blues.00066.pkl,C:\Users\user\Downloads\gnn_bert_music_context\data\processed\features\blues\blues.00066.npy,JDWPJ1AiDKc,30,40,This recording contains a male voice talking and then playing a blues riff on a clean e-guitar. This song may be playing as part of a video tutorial.,"['blues', 'amateur recording', 'male voice talkin', 'e-guitar', 'medium tempo']",neutral
train,metal,C:\Users\user\Downloads\gnn_bert_music_context\data\processed\graphs\metal\metal.00042.pkl,C:\Users\user\Downloads\gnn_bert_music_context\data\processed\features\metal\metal.00042.npy,en0haa37gnk,30,40,"This music is instrumental. The tempo is slow with a droning vibration of a metal bowl called the Tibetan bowl or singing bowl. The music is a single note drone with vibrations and resonance. It is calming, meditative, stress relieving, meditative and soothing.","['instrumental', 'slow tempo', 'bells', 'monotone', 'resounding', 'resonating', 'serene', 'meditative', 'reflective', 'relaxing', 'stress relieving', 'tibetan bowls', 'deep', 'rich', 'singing bowls', 'music therapy', 'monks', 'metal bowls', 'medicinal music', 'peaceful']",calm
train,jazz,C:\Users\user\Downloads\gnn_bert_music_context\data\processed\graphs\jazz\jazz.00027.pkl,C:\Users\user\Downloads\gnn_bert_music_context\data\processed\features\jazz\jazz.00027.npy,ZHsAU90h8oc,130,140,"This audio contains a jazz composition with a saxophone taking the lead-melody supported by a string section, a e-bass and a piano playing some notes along in a higher pitch. This song may be playing in a romantic restaurant.","['jazz', 'strings', 'saxophone', 'e-bass', 'piano', 'slow tempo', 'melancholic']",calm
train,metal,C:\Users\user\Downloads\gnn_bert_music_context\data\processed\graphs\metal\metal.00082.pkl,C:\Users\user\Downloads\gnn_bert_music_context\data\processed\features\metal\metal.00082.npy,CdWA-SNcYpM,160,170,This clip features low quality audio. The song is a heavy metal song where a guitar solo is played on the higher register of the scale. This is accompanied by percussion playing an uptempo beat. The bass plays a heavy riff using open notes and its octave. The distortion guitar plays power chords. There are no voices in this song. This is an instrumental song. This song can be played in a racecar sequence in a movie.,"['low quality sound', 'heavy metal', 'guitar solo', 'no voices', 'bass', 'percussion', 'distortion guitars', 'happy mood', 'instrumental', 'moderate tempo']",happy
train,blues,C:\Users\user\Downloads\gnn_bert_music_context\data\processed\graphs\blues\blues.00012.pkl,C:\Users\user\Downloads\gnn_bert_music_context\data\processed\features\blues\blues.00012.npy,vtVfl5Ff5lw,30,40,The track is an upbeat blues song that features falsetto and raspy male vocals. A drum kit plays an energetic and happy beat. A bass guitar follows the rhythm and adds a bouncy vibe to the song. The overall sound of the instruments is bright and happy. A guitar follows the bass and the drum kit.,"['blues', 'upbeat', 'falsetto male vocals', 'raspy male vocals', 'fast tempo', 'blues drum kit', 'positive', 'happy', 'bright male vocals', 'bouncy bass']",energetic
train,disco,C:\Users\user\Downloads\gnn_bert_music_context\data\processed\graphs\disco\disco.00074.pkl,C:\Users\user\Downloads\gnn_bert_music_context\data\processed\features\disco\disco.00074.npy,TPYNIc_M1ng,30,40,"The clip is an upbeat, groovy funk song with jazzy elements. The retro vintage electric piano chords add an old school jazzy feel to the song. The bassline is intricate and bouncy and enables easy dancing.","['funk', 'jazzy funk', 'groovy bassline', 'upbeat', 'dance', 'fun', 'vibrant brass melody', 'palm muted electric guitar', 'rhythmic groovy drumline', 'disco funk', 'retro electric piano']",energetic
train,classical,C:\Users\user\Downloads\gnn_bert_music_context\data\processed\graphs\classical\classical.00010.pkl,C:\Users\user\Downloads\gnn_bert_music_context\data\processed\features\classical\classical.00010.npy,xM4p5pmRAxM,30,40,This is a live performance of a classical music piece. There is a grand piano playing dramatically in minor keys. The piece has a grandiose and mysterious aura to it. This piece could be used in the soundtrack of a horror movie. It could also be used in a horror video game theme.,"['classical', 'fugue', 'minor key', 'no singer', 'grand piano', 'mysterious', 'grandiose', 'dramatic', 'live performance']",neutral
train,metal,C:\Users\user\Downloads\gnn_bert_music_context\data\processed\graphs\metal\metal.00068.pkl,C:\Users\user\Downloads\gnn_bert_music_context\data\processed\features\metal\metal.00068.npy,uiHyWdYkBvY,170,180,This is a glam metal/heavy metal ballad. There is a male vocal and male back vocals singing melodically. The melody is being played on an electric guitar with a chorus effect applied alongside a bass guitar. The rhythmic background consists of a rock acoustic drum beat.The atmosphere is both hard-hitting and sentimental at the same time. This piece could be playing in the background of a rock/metal bar. It could also be included in the soundtrack of an 80s themed romance movie.,"['glam metal', 'heavy metal', 'ballad', 'male vocal', 'male back vocals', 'electric guitar', 'bass guitar', 'acoustic drums', 'hard-hitting', 'sentimental', 'medium tempo']",energetic
train,metal,C:\Users\user\Downloads\gnn_bert_music_context\data\processed\graphs\metal\metal.00099.pkl,C:\Users\user\Downloads\gnn_bert_music_context\data\processed\features\metal\metal.00099.npy,45iNSkfzOwM,190,200,"The song is an instrumental. The tempo is medium with a piano accompaniment, music box tones and percussion tones with a metal grinding instrument making noise. The song is tense and anticipatory. The song is a soundtrack for a documentary film.","['instrumental music', 'medium tempo', 'grinding tool', 'documentary soundtrack', 'glass friction sounds', 'piano accompaniment', 'music box tones', 'steady bass line', 'emotional', 'delicate', 'documentary soundtrack', 'ambient factory noise', 'tense', 'positive', 'fruitful', 'positive', 'sensitive']",happy
train,jazz,C:\Users\user\Downloads\gnn_bert_music_context\data\processed\graphs\jazz\jazz.00001.pkl,C:\Users\user\Downloads\gnn_bert_music_context\data\processed\features\jazz\jazz.00001.npy,DewyiIpkzi8,230,240,"The song has a traditional jazzy feel to it. The piano chord progression is bouncy and light. The electric guitar has a chorus applied to it, and we hear various licks being played.","['groovy', 'piano chords', 'bouncy piano chord progression', 'electric guitar licks', 'jazzy electric guitar licks', 'chorus pedal effect', 'overdrive effect', 'jazzy']",calm
train,reggae,C:\Users\user\Downloads\gnn_bert_music_context\data\processed\graphs\reggae\reggae.00010.pkl,C:\Users\user\Downloads\gnn_bert_music_context\data\processed\features\reggae\reggae.00010.npy,2JNY2SaMk7s,30,40,"This reggae song features a male voice making an announcement in the beginning. A female voice sings a one-line melody. This is accompanied by the main male voice singing vocables in the background. Until this part, only a keyboard and guitar are playing a reggae rhythm. This is followed by the main male voice singing the main melody in a reggae style. This is accompanied by a kick driven percussion playing a simple beat. There are voices singing vocables in the background. The mood of this song is happy. This song can be played in a movie with a holiday theme.","['reggae song', 'male voices', 'female voice', 'keyboard', 'kick focused percussion', 'guitar', 'moderate tempo', 'happy mood']",happy
train,metal,C:\Users\user\Downloads\gnn_bert_music_context\data\processed\graphs\metal\metal.00009.pkl,C:\Users\user\Downloads\gnn_bert_music_context\data\processed\features\metal\metal.00009.npy,LLDHkHHKYkI,120,130,"A male singer sings these whispering vocals. The song is medium fast tempo with a fast metal drumming rhythm, percussive bass line, keyboard accompaniment and various percussion hits. The song is tense and full of suspense. The song is a game soundtrack.","['death metal music', 'male singer', 'game soundtrack', 'building anticipation', 'fast drumming rhythm', 'medium fast tempo', 'video game soundtrack', 'passionate', 'energetic', 'scary', 'eerie', 'fast metal drumming', 'groovy bass line', 'story telling', 'inspiring', 'keyboard harmony']",energetic
train,pop,C:\Users\user\Downloads\gnn_bert_music_context\data\processed\graphs\pop\pop.00083.pkl,C:\Users\user\Downloads\gnn_bert_music_context\data\processed\features\pop\pop.00083.npy,IN71kMOAk_k,60,70,This song is sung by a female choir and then a single male voice along with the melody of an e-piano. In the background someone is playing lower tuned percussion and some chimes and wooden sounds. This song may be playing at a band rehearsal.,"['pop', ""percussion's"", 'female choir', 'male voice singing', 'electric piano', 'chimes', 'uptempo']",energetic
train,classical,C:\Users\user\Downloads\gnn_bert_music_context\data\processed\graphs\classical\classical.00007.pkl,C:\Users\user\Downloads\gnn_bert_music_context\data\processed\features\classical\classical.00007.npy,G7pD1K3jYg4,30,40,"The low quality recording features a live performance of a classical song and it consists of tuba melody. It sounds mellow, soft and reverberant, as it was recorded in a huge concert hall. The recording is a bit noisy.","['low quality', 'tuba melody', 'reverberant', 'mellow', 'noisy', 'soft', 'concert hall', 'classical', 'live performance']",calm
train,metal,C:\Users\user\Downloads\gnn_bert_music_context\data\processed\graphs\metal\metal.00036.pkl,C:\Users\user\Downloads\gnn_bert_music_context\data\processed\features\metal\metal.00036.npy,CAbNGe1PWoY,130,140,"This is a heavy metal music piece. There is no singer in this piece. There is a complex electric guitar solo being played. The melodic background consists of the distorted electric guitar and the bass guitar. The rhythm is being played by the acoustic drums. The atmosphere of this piece is loud and hard-hitting. This piece could be used in the soundtrack of an action-filled cartoon/animation movie, especially during the combat scenes.","['heavy metal', 'no singer', 'instrumental', 'distorted electric guitar', 'guitar solo', 'bass guitar', 'acoustic drums', 'loud', 'hard-hitting', 'aggressive']",energetic
train,rock,C:\Users\user\Downloads\gnn_bert_music_context\data\processed\graphs\rock\rock.00088.pkl,C:\Users\user\Downloads\gnn_bert_music_context\data\processed\features\rock\rock.00088.npy,-JvB5AL59fM,30,40,An acoustic drum is playing a simple rock groove with some drum fills on the toms and snare along with a distorted e-bass and e-guitar playing the same line. Panned to the right side of the speaker you can hear a piano sound playing a little melody. A female voice is singing a happy sounding melody while male backing voices are supporting her. This song may be playing sitting in your room enjoying being at home alone.,"['rock', 'e-guitars', 'e-bass', 'acoustic drums', 'keys', 'female voice singing', 'male backing voice', 'uptempo']",energetic
train,country,C:\Users\user\Downloads\gnn_bert_music_context\data\processed\graphs\country\country.00091.pkl,C:\Users\user\Downloads\gnn_bert_music_context\data\processed\features\country\country.00091.npy,4vsI0Kwn8jY,30,40,The song is an instrumental. The song is a medium tempo with a mandolin player playing a cheerful melody with no other instrumentation. The song is positive and has a delightful dance rhythm. The song has an average audio quality.,"['mandolin playing', 'instrumental music', 'medium tempo', 'online music videos', 'folk music', 'youtube music video', 'soloist', 'hobbyist', 'emotional', 'country music', 'dance rhythm', 'celtic music influences', 'irish jig', 'no percussions', 'music video', 'average audio quality', 'amateur player', 'happy', 'positive', 'dance rhythm', 'cheerful', 'music demo']",happy
train,reggae,C:\Users\user\Downloads\gnn_bert_music_context\data\processed\graphs\reggae\reggae.00065.pkl,C:\Users\user\Downloads\gnn_bert_music_context\data\processed\features\reggae\reggae.00065.npy,ChyayWIp_vU,30,40,A male voice is singing along to a fast paced reggae instrumental. The drums are playing a reggae-groove along with a harmonica on the offbeat. Two e-guitars are playing a single note melody. Both are following the bassline adding harmonies. A saxophone is adding a little melody after every end of a phrase. The male voice is singing in the mid-range and sounds doubled. Some of the instruments are panned to the left and right side of the speakers. This song may be playing at a local bar.,"['reggae', 'saxophone', 'acoustic guitar', 'e-guitar', 'e-bass', 'acoustic drums', 'harmonica', 'male voice singing', 'positive energy', 'uptempo']",energetic
train,hiphop,C:\Users\user\Downloads\gnn_bert_music_context\data\processed\graphs\hiphop\hiphop.00076.pkl,C:\Users\user\Downloads\gnn_bert_music_context\data\processed\features\hiphop\hiphop.00076.npy,GNu_hiHGEp0,40,50,This hip-hop song features programmed percussion playing a hip-hop beat. The bass follows the root notes of the chords. Synth strings play chords. The sound of an object being thrown can be heard. The sound of shattering glass is also heard. This song appears in a game.,"['hip-hop song', 'glass shattering sound', 'sound of throwing objects', 'programmed percussion', 'synth', 'bass', 'moderate tempo', 'no voices']",neutral
train,country,C:\Users\user\Downloads\gnn_bert_music_context\data\processed\graphs\country\country.00022.pkl,C:\Users\user\Downloads\gnn_bert_music_context\data\processed\features\country\country.00022.npy,7Vjp9y6wvkY,30,40,"This song is a soothing instrumental. The tempo is slow with a melancholic violin harmony, banjo and resonator accompaniment, sound of chimes and a sharp tinkle. The music is soft, soothing, melancholic, serene, meditative, pensive and nostalgic. The music uses country style instrumentation.","['instrumental', 'slow tempo', 'violin harmony', 'violins', 'resonator', 'fiddle', 'banjo', 'country instrumental', 'country music', 'mandolin', 'cello', 'chimes', 'ambient sounds of nature', 'piano accompaniment', 'mellow', 'celestial', 'ethereal', 'soothing', 'peaceful', 'bowed string instrument', 'symphony', 'melancholic', 'mellifluous', 'dulcet']",calm
train,jazz,C:\Users\user\Downloads\gnn_bert_music_context\data\processed\graphs\jazz\jazz.00057.pkl,C:\Users\user\Downloads\gnn_bert_music_context\data\processed\features\jazz\jazz.00057.npy,6og50XOZeIk,10,20,"This jazz song features percussion playing a fast tempo beat. This is accompanied by a double bass playing the bass part of the song. There are no voices in the song. This is an instrumental song. After the music pauses, a male voice narrates his part. This song can be played in a movie involving a bank robbery.","['big band jazz', 'fast percussion', 'male voice', 'narration', 'bass', 'no vocal melody', 'fast tempo']",energetic
train,disco,C:\Users\user\Downloads\gnn_bert_music_context\data\processed\graphs\disco\disco.00031.pkl,C:\Users\user\Downloads\gnn_bert_music_context\data\processed\features\disco\disco.00031.npy,6cQjwXNY4sc,30,40,"The song is an instrumental. The song is medium tempo with a steady drumming rhythm, cymbal crashes, groovy bass line and various percussion hits. The song is youthful and energetic. The song has an average audio quality.","['instrumental music', 'techno dance music', 'underground music', 'cheerful', 'teenagers dancing', 'retro dance', 'cymbal crashes', 'steady drumming rhythm', 'instrumental  music', 'dj', 'keyboard tones', 'discotheque', 'dance floor', 'dance club', 'dance all night', 'party night', 'groovy bass line', 'keyboard accompaniment']",happy
train,hiphop,C:\Users\user\Downloads\gnn_bert_music_context\data\processed\graphs\hiphop\hiphop.00056.pkl,C:\Users\user\Downloads\gnn_bert_music_context\data\processed\features\hiphop\hiphop.00056.npy,x6U1gX5a_4M,30,40,"The low quality recording features a hip hop song that consists of a flat male vocal, alongside some background male vocals, rapping over punchy kick and snare hits, shimmering hi hats, funky electric guitar, brass melody, groovy synth keys melody and groovy bass. It sounds energetic, groovy and exciting.","['hip hop', 'punchy snare', 'punchy kick', 'funky electric guitar', 'brass melody', 'groovy synth keys melody', 'groovy bass', 'shimmering hi hats', 'flat male vocal', 'background male vocals', 'energetic', 'groovy', 'exciting', 'low quality']",energetic
train,jazz,C:\Users\user\Downloads\gnn_bert_music_context\data\processed\graphs\jazz\jazz.00076.pkl,C:\Users\user\Downloads\gnn_bert_music_context\data\processed\features\jazz\jazz.00076.npy,pYaegEQ_wtI,190,200,"The low quality recording features a compilation of bright trumpet melodies. The recording is noisy, in mono and it sounds passionate and jazzy.","['low quality', 'mono', 'noisy', 'bright trumpet melody', 'jazzy', 'passionate', 'compilation']",romantic
train,jazz,C:\Users\user\Downloads\gnn_bert_music_context\data\processed\graphs\jazz\jazz.00025.pkl,C:\Users\user\Downloads\gnn_bert_music_context\data\processed\features\jazz\jazz.00025.npy,iBh37YAaHMU,160,170,This audio contains a complex and funky acoustic drum groove along with a repeating bassline. The clean e-guitar is playing along with the bass in the lower register. A tambourine adds flavor to the drums. This song may be playing at a breakdance battle.,"['funk/jazz', 'tambourine', 'acoustic drums', 'e-bass', 'e-guitar', 'uptempo', 'uplifting energy']",energetic
train,country,C:\Users\user\Downloads\gnn_bert_music_context\data\processed\graphs\country\country.00002.pkl,C:\Users\user\Downloads\gnn_bert_music_context\data\processed\features\country\country.00002.npy,keIvA2wSPZc,30,40,"A male vocalist sings this soft country song. The tempo is slow with a gentle acoustic guitar and resonator rhythm, subtle keyboard, soft drumming, tambourine beats and soft auto harp strains. The vocals are mellow, gentle, sentimental, emotional, poignant, melancholic and nostalgic. This song is a Classic Country song.","['male singer', 'slow tempo', 'mellow', 'soft', 'dulcet', 'melodic', 'acoustic guitar', 'auto harp', 'resonator', 'tambourine', 'shakers', 'keyboard harmony', 'sentimental', 'emotional', 'nostalgia', 'poignant', 'boomy bass lines', 'steady drumming', 'sentimental']",calm
train,country,C:\Users\user\Downloads\gnn_bert_music_context\data\processed\graphs\country\country.00066.pkl,C:\Users\user\Downloads\gnn_bert_music_context\data\processed\features\country\country.00066.npy,aNjtfIoVzas,0,10,This song contains a plucked string instrument playing a melody in the higher register along with an acoustic guitar strumming chords on the backbeat and an upright bass playing a simple melody along to the lead melody. This song may be playing in a video-presentation.,"['country/folk', 'acoustic guitar', 'upright bass', 'plucked string instrument', 'medium to uptempo']",energetic
train,country,C:\Users\user\Downloads\gnn_bert_music_context\data\processed\graphs\country\country.00092.pkl,C:\Users\user\Downloads\gnn_bert_music_context\data\processed\features\country\country.00092.npy,Y7mTjfgcybQ,30,40,A female and male duo yodeling over a fast bluegrass band. The bass and drums are steady and simple as is the chord progression. The guitarist and other instrumentalists are virtuosic.,"['yodeling', 'female and male yodeling', 'country', 'fast', 'bluegrass', 'steady bass and drums', 'guitar', 'virtuosic', 'simple rhythms', 'simple chord progression']",energetic
train,pop,C:\Users\user\Downloads\gnn_bert_music_context\data\processed\graphs\pop\pop.00066.pkl,C:\Users\user\Downloads\gnn_bert_music_context\data\processed\features\pop\pop.00066.npy,aryufzYGhbM,30,40,"This song is in very poor audio-quality and seems to lag. A big pulsating synthesizer pad is creating tension along with some more single holding note, higher register synth pad. A riser effect tells us that this part of the song is about to break into another part that will bring relief from the created tension. A synthesizer pluck is playing a catchy repeating melody. The male voice sings/raps in the higher register a male backing voice is shouting in the background. This song may be played on a dj mix in a club.","['rap/pop', 'male voice rapping/singing', 'synth pads', 'riser sounds', 'synth pluck', 'poor audio-quality', 'rising tension']",neutral
train,reggae,C:\Users\user\Downloads\gnn_bert_music_context\data\processed\graphs\reggae\reggae.00081.pkl,C:\Users\user\Downloads\gnn_bert_music_context\data\processed\features\reggae\reggae.00081.npy,H-bTMbePj0A,30,40,The song is an instrumental. The song is medium tempo with a percussionist playing a delightful melody on the steel drums with a steady drum rhythm and a percussive bass line. The song is cheerful and has a life message of being happy. The song audio quality is poor.,"['steel drums', 'caribbean music', 'song cover', 'percussive bass line', 'movie sound track', 'groovy rhythm', 'instrumental cover', 'instrumental music', 'percussionist', 'groovy rhythm', 'memdium tempo', 'steady drumming rhythm', 'reggae music influences', 'soloist', 'emotional', 'life is good', 'sand and sea', 'tropical beach party', 'disney movie', 'children’s favourites', 'cheerful', 'positive', 'inspiring', 'life is good', 'motivational']",happy
train,blues,C:\Users\user\Downloads\gnn_bert_music_context\data\processed\graphs\blues\blues.00009.pkl,C:\Users\user\Downloads\gnn_bert_music_context\data\processed\features\blues\blues.00009.npy,bsz_enSJSVk,10,20,This is a clip which sees a solo bass guitarist play a series of motifs in a bluesy style. The playing oscillates between a low phrase and high notes to which the player slides down.,"['bass guitar playing', 'solo bass guitar', 'bass lick', 'bass riff', 'bluesy', 'groovy', 'fret slide']",neutral
train,classical,C:\Users\user\Downloads\gnn_bert_music_context\data\processed\graphs\classical\classical.00021.pkl,C:\Users\user\Downloads\gnn_bert_music_context\data\processed\features\classical\classical.00021.npy,IcPbxJRbe5g,30,40,This classical song features the main melody played on a harpsichord. The mood of this song is happy. This song does not have any percussion or any other instruments. There are no voices in this song. This song can be played for aristocracy.,"['classical song', 'harpsichord', 'instrumental', 'no voices', 'happy mood', 'no other instrument', 'music for aristocracy']",happy
train,reggae,C:\Users\user\Downloads\gnn_bert_music_context\data\processed\graphs\reggae\reggae.00059.pkl,C:\Users\user\Downloads\gnn_bert_music_context\data\processed\features\reggae\reggae.00059.npy,TabaOeYq2ek,70,80,"A female singer sings this cool melody. The song is medium tempo with a percussive bass line, slick drumming rhythm, guitar accompaniment , keyboard accompaniment and various percussion hits. The song has a strong dance groove and retro pop in style.","['female singer', 'strong percussive bass line', 'reggae style influences', 'groovy drum rhythm', 'guitar rhythm', 'slick drumming', 'keyboard accompaniment', 'funky music', 'guitar accompaniment', 'dance groove', 'retro pop hits', 'cymbal crashes', 'romantic', 'love songs', 'dance hits', 'dance club mix', 'percussion hit']",romantic
train,disco,C:\Users\user\Downloads\gnn_bert_music_context\data\processed\graphs\disco\disco.00040.pkl,C:\Users\user\Downloads\gnn_bert_music_context\data\processed\features\disco\disco.00040.npy,D3ht_xXl5S0,100,110,"The low quality recording features a disco song that consists a fruity male vocal singing over groovy bass, punchy ""4 on the floor"" kick pattern, wide funky electric guitar chords, shimmering open hats, muffled punchy snare, shimmering bells melody, groovy bass, high pitched sustained strings melody and low toms. There is a short snippet of harmonizing vocals at the end of the loop. It sounds energetic and addictive.","['low quality', 'disco', 'fruity male vocal', 'harmonizing background vocals', 'wide funky electric guitar chords', 'punchy ""4 on the floor"" kick pattern', 'shimmering open hat', 'muffled punchy snare', 'shimmering bells melody', 'groovy bass', 'high pitched sustained string melody', 'low toms', 'energetic', 'addictive']",energetic
train,classical,C:\Users\user\Downloads\gnn_bert_music_context\data\processed\graphs\classical\classical.00059.pkl,C:\Users\user\Downloads\gnn_bert_music_context\data\processed\features\classical\classical.00059.npy,K_G_k1WTdoc,30,40,The low quality recording features a classical song that consists of a harpsichord melody that sounds emotional and passionate. The recording is a bit noisy.,"['harpsichord melody', 'passionate', 'classical', 'emotional', 'noisy']",romantic
train,metal,C:\Users\user\Downloads\gnn_bert_music_context\data\processed\graphs\metal\metal.00003.pkl,C:\Users\user\Downloads\gnn_bert_music_context\data\processed\features\metal\metal.00003.npy,dVUgd8ot6BE,130,140,This clip features 2 distortion guitars playing a metal song. A high pitched male voice sings the main melody. This is accompanied by percussion playing a simple rock beat in common time. A bass guitar plays a bassline with a descending run. The distortion guitars play power chords followed by a guitar lick. One of the guitars plays one chord a little after the other guitar making it sound dissonant. This song can be played in an action movie.,"['low quality recording', 'metal song', 'distortion guitar', 'multiple guitars', 'bassline', 'power drumming', 'male voice', 'out of time guitar', 'moderate tempo']",neutral
train,metal,C:\Users\user\Downloads\gnn_bert_music_context\data\processed\graphs\metal\metal.00075.pkl,C:\Users\user\Downloads\gnn_bert_music_context\data\processed\features\metal\metal.00075.npy,paeNnR33i5Q,300,310,This is the live performance of a progressive metal music piece. The electric guitar is playing a complex solo in the lead. There is a bass guitar playing in the background. The rhythm is played by the acoustic drums. There is an agitated feel to the piece. This piece could be playing in the background at a rock bar.,"['live performance', 'instrumental', 'progressive metal music', 'electric guitar', 'guitar solo', 'bass guitar', 'acoustic drums', 'agitated']",neutral
train,pop,C:\Users\user\Downloads\gnn_bert_music_context\data\processed\graphs\pop\pop.00092.pkl,C:\Users\user\Downloads\gnn_bert_music_context\data\processed\features\pop\pop.00092.npy,on18CWdmxn8,30,40,"The Pop song features a filtered male vocal, alongside flat male vocal, singing over some claps, boomy kick hits, laser synth riser and addictive synth lead melody. There are also some male laughing sounds. It sounds addictive, groovy and exciting - like something you would hear in clubs.","['pop', 'addictive synth lead melody', 'filtered male vocal', 'flat male vocal', 'claps', 'boomy kick', 'laser synth riser', 'energetic', 'laughing', 'addictive', 'groovy', 'exciting']",energetic
train,reggae,C:\Users\user\Downloads\gnn_bert_music_context\data\processed\graphs\reggae\reggae.00014.pkl,C:\Users\user\Downloads\gnn_bert_music_context\data\processed\features\reggae\reggae.00014.npy,gz-4W-uEzhc,30,40,"The Reggae song features harmonizing male vocals singing over wooden percussion, punchy snare and kick hits, claps, groovy bass, offbeat piano chords, followed by flat male vocals. It sounds energetic, happy, fun, groovy and funky.","['reggae', 'wooden percussions', 'punchy snare', 'claps', 'punchy kick', 'groovy bass', 'offbeat piano chords', 'harmonizing male vocals', 'flat male vocal', 'energetic', 'groovy', 'funky', 'happy', 'fun']",energetic
train,blues,C:\Users\user\Downloads\gnn_bert_music_context\data\processed\graphs\blues\blues.00071.pkl,C:\Users\user\Downloads\gnn_bert_music_context\data\processed\features\blues\blues.00071.npy,6_zzu2KON6c,80,90,A male guitarist plays a cool guitar like on an electric guitar. The song is medium tempo with a guitar solo with heavy a[echoes played though a guitar amplifier and no other instrumentation. The song is bluesy and passionate. The song is a casual blue slick played on a guitar.,"['home video', 'poor audio quality', 'sound check', 'deep', 'emotional', 'passionate', 'blues influences', 'instrumental music', 'guitar solo', 'tremolo effect', 'guitar amplifier', 'guitar lead', 'echo tone', 'solo guitar', 'bad audio recording', 'no other instrumentation', 'guitar technique', 'moody blues', 'spirited', 'passionate', 'medium tempo', 'blues lick']",romantic
train,jazz,C:\Users\user\Downloads\gnn_bert_music_context\data\processed\graphs\jazz\jazz.00062.pkl,C:\Users\user\Downloads\gnn_bert_music_context\data\processed\features\jazz\jazz.00062.npy,vEl7ImwLlrA,180,190,"This slow jazz song features a sliding melody played on the trombone. The accordion plays chords. The piano plays a repetitive lick in the background on the high registers. The contrabass plays the root notes of the chords and also plays percussion by striking the body of the instrument. After one bar, the instruments pause for two counts. After that, the accordion resumes playing. There are no voices in this song. This is an instrumental song. This song is seductive. This song can be played in a movie scene where a man is trying to seduce a woman at a bar.","['slow jazz ensemble', 'accordion', 'contrabass', 'trombone', 'piano', 'percussion played on contrabass', 'no voices', 'instrumental', 'slow tempo', 'seductive', 'easy listening']",calm
train,country,C:\Users\user\Downloads\gnn_bert_music_context\data\processed\graphs\country\country.00070.pkl,C:\Users\user\Downloads\gnn_bert_music_context\data\processed\features\country\country.00070.npy,2i4UNf8tjvU,30,40,This folk song features a male voice singing the main melody in a southern accent. The voice falls in the bass category. This is accompanied by an acoustic guitar strumming chords. The recording is of low quality and there is a lot of white noise drowning the other sounds. A basic percussion instrument is played. The voice is emotional. This song can be played in a retro style movie where a family goes to meet their grandparents out in the countryside.,"['folk song', 'male voice', 'low quality audio', 'acoustic guitar', 'basic percussion', 'moderate tempo']",sad
train,rock,C:\Users\user\Downloads\gnn_bert_music_context\data\processed\graphs\rock\rock.00047.pkl,C:\Users\user\Downloads\gnn_bert_music_context\data\processed\features\rock\rock.00047.npy,GYx6HNQbP1w,30,40,"The song is an instrumental. The tempo is medium with a strong drumming rhythm, keyboard harmony, string synth harmony, guitar lead and a bass guitar shadowing the melody line in harmony. The song has rock music influences with a sense of mystery and adventure. The song is a soundtrack for an adventure sports documentary.","['instrumental musical', 'mysterious', 'medium tempo', 'string section harmony', 'keyboard harmony', 'guitar playing', 'shadow guitar bass line', 'steady drumming rhythm', 'rock music', 'amateur band', 'adventure', 'suspense', 'adrenaline rush', 'passionate', 'spirited', 'home video soundtrack', 'adventure sports documentary', 'documentary soundtrack', 'unexpected']",romantic
train,country,C:\Users\user\Downloads\gnn_bert_music_context\data\processed\graphs\country\country.00099.pkl,C:\Users\user\Downloads\gnn_bert_music_context\data\processed\features\country\country.00099.npy,vQ09gQBt1IU,70,80,This audio contains a lot of percussion such as shakers panned to both sides of the speakers. An organ is playing a melody panned to the left side and a digital trumpet/guitar sound is playing a melody panned to the right side of the speakers. A soft percussion sound is creating a bassline while male voices are singing as a choir and a main singer in the foreground. This song may be playing as a live performance in an african country.,"['dancemusic', 'percussions', 'shakers', 'male voices singing', 'bass', 'organ', 'digital trumpet/guitar sound', 'slower tempo']",calm
train,metal,C:\Users\user\Downloads\gnn_bert_music_context\data\processed\graphs\metal\metal.00078.pkl,C:\Users\user\Downloads\gnn_bert_music_context\data\processed\features\metal\metal.00078.npy,QvwD7NEg3Mw,30,40,"A male vocalist sings this energetic Rock song. The tempo is fast with intense drumming, vigorous electric guitar, funky bass and keyboard harmony. The song is a vibrant, enthusiastic, youthful, animated, spirited, buoyant and electrifying Heavy Metal/Rock. There are sounds of people cheering, clapping and singing along, indicating that this is a live performance.","['male vocalist', 'fast tempo', 'enthusiastic', 'string instruments', 'amplified instruments', 'sonic power', 'infectious drumming', 'live performance', 'gig', 'intense electric guitar feedback', 'amplified guitar harmony', 'keyboard accompaniment', 'emphatic vocals', 'concert', 'live performance', 'hard rock', 'heavy metal', 'rock', 'crowd cheering', 'clapping', 'singing along', 'fans', 'enthusiastic', 'youthful', 'electrifying', 'compelling']",energetic
train,classical,C:\Users\user\Downloads\gnn_bert_music_context\data\processed\graphs\classical\classical.00003.pkl,C:\Users\user\Downloads\gnn_bert_music_context\data\processed\features\classical\classical.00003.npy,8y36aT4C_c0,30,40,"This music is a western classical. The tempo is slow with violins, trumpets, flute, cello. Viola, bassoon harmony. The music is soft, mellow, mellifluous, rich, elegant and exquisite. This is a live performance/concert.","['instrumental', 'slow tempo', 'orchestra', 'rich', 'elegant', 'exquisite', 'compelling', 'concert', 'piano', 'flute', 'live performance', 'live orchestra', 'symphony', 'rich', 'melancholic', 'trumpets', 'violin', 'cello', 'clarinet', 'bassoon', 'french horn', 'baroque', 'intense', 'western classic', 'clasical music']",calm
train,pop,C:\Users\user\Downloads\gnn_bert_music_context\data\processed\graphs\pop\pop.00077.pkl,C:\Users\user\Downloads\gnn_bert_music_context\data\processed\features\pop\pop.00077.npy,FXVu-YwjhxM,200,210,A male singer sings this cool melody. The song is medium tempo with a groovy guitar lead and steady drumming with tambourine percussion. The song is cool and sophisticated. The audio quality is bad.,"['bass guitar solo', 'male singer', 'guitar lead', 'retro pop hits', 'noir style', 'rhythm guitar', 'percussion hits', 'love song', 'missing you', 'together forever', 'strong bass guitar', 'percussions', 'big band', 'story telling', 'romantic', 'emotional', 'groovy', 'tambourine percussions', 'medium tempo', 'bad audio quality']",romantic
train,country,C:\Users\user\Downloads\gnn_bert_music_context\data\processed\graphs\country\country.00081.pkl,C:\Users\user\Downloads\gnn_bert_music_context\data\processed\features\country\country.00081.npy,3KQy3Cajo4E,150,160,"A male singer sings this popular country hit with backup singers in vocal harmony. The song is in medium tempo with a walking bass , acoustic guitar strumming rhythmically, autoharp accompaniment and steady drumming rhythm. The song is an emotional and nostalgic country hit. The audio quality is poor.","['male singer', 'backup singers', 'guitar strumming', 'everlasting hits', 'euro pop', 'medium tempo', 'walking bass line', 'autoharp accompaniment', 'walking bas s line', 'steady drumming', 'story telling', 'nostalgia', 'pleasant', 'exciting', 'enthusiastic', 'old memories', 'classic county hits', 'pop super hits', 'retro hits', 'groovy rhythm', 'country classics', 'bad audio quality', 'song cover', 'country music']",energetic
train,hiphop,C:\Users\user\Downloads\gnn_bert_music_context\data\processed\graphs\hiphop\hiphop.00046.pkl,C:\Users\user\Downloads\gnn_bert_music_context\data\processed\features\hiphop\hiphop.00046.npy,O5IulN0n6d0,30,40,"A male rapper sings this cool melody with a backup singer in vocal harmony. The song is medium tempo with a groovy bass, keyboard playing harmony, stringed Asian instrument and a steady drumming rhythm. The song is story telling and passionate. The song is in poor audio quality and is a rap music video.","['amateur audio quality', 'rap music', 'emotional', 'korean rap', 'youthful', 'passionate', 'street smart', 'dance rhythm', 'keyboard harmony', 'cool and sophisticated', 'male rap singer', 'asian stringed instruments', 'keybiard harmony', 'vocal harmony', 'backup singers', 'steady drumming rhythm', 'groovy bass line', 'story telling', 'asian rap hits', 'engaging', 'energetic', 'passionate', 'rap hits', 'rap artist']",romantic
train,disco,C:\Users\user\Downloads\gnn_bert_music_context\data\processed\graphs\disco\disco.00046.pkl,C:\Users\user\Downloads\gnn_bert_music_context\data\processed\features\disco\disco.00046.npy,5LX2Unga1p4,30,40,"A digital drum with a strong snare that sounds like a slap is playing along with an e-bass that is being slapped, playing a funky bassline. A e-guitar is strumming two funky chords along. A female voice is rapping with a lot of confidence in the attitude and then another female voice is singing accompanied by female backing voices. The file is of poorer audio-quality. This song may be playing in a disco.","['soul/r&b/rap/pop', 'e-guitar', 'digital drums', 'slapped e-bass', 'female voice singing', 'backing vocals', 'medium tempo', 'upbeat', 'amateur recording']",energetic
train,metal,C:\Users\user\Downloads\gnn_bert_music_context\data\processed\graphs\metal\metal.00052.pkl,C:\Users\user\Downloads\gnn_bert_music_context\data\processed\features\metal\metal.00052.npy,PxXR74Uohfg,60,70,This audio contains someone playing a very fast groove on tablas then another instrument takes over playing the same rhythm on a metallic rattle instrument. You can hear people talking and the crowd is cheering. The atmosphere sounds relaxed and joyful. This song may be playing live at an instrument battle.,"['amateur recording', 'tablas', 'metallic rattle instrument', 'positive energy', 'crowd cheering']",happy
train,hiphop,C:\Users\user\Downloads\gnn_bert_music_context\data\processed\graphs\hiphop\hiphop.00043.pkl,C:\Users\user\Downloads\gnn_bert_music_context\data\processed\features\hiphop\hiphop.00043.npy,TakkuFZJsis,30,40,"A male rapper sings this groovy melody. The song is medium tempo with a steady drumming rhythm, groovy bass line, a melancholic flute countermelody, keyboard harmony and guitar accompaniment. The song is exciting and passionate. The song is a modern Russian rap song with a story telling nature.","['male rapper', 'russian rap music', 'medium tempo', 'purposeful', 'inspiring', 'underground music', 'youthful', 'discotheque', 'hardship', 'flute countermelody', 'guitar accompaniment', 'groovy bass line', 'steady drumming rhythm', 'steady drumming rhythm', 'keyboard harmony', 'poignant', 'melancholic', 'emotional', 'russian hit songs', 'euro pop', 'groovy music', 'dance music', 'dance mix', 'dance club', 'people dancing', 'passionate', 'story telling']",sad
train,rock,C:\Users\user\Downloads\gnn_bert_music_context\data\processed\graphs\rock\rock.00026.pkl,C:\Users\user\Downloads\gnn_bert_music_context\data\processed\features\rock\rock.00026.npy,fxdWwzdeY_o,30,40,The song is a rock track that features distorted and energetic guitar strumming chords. A secondary guitar does a solo melody in the foreground. A drum kit plays a typical upbeat rock pattern with an energetic mood. A bass adds deepness to the track while playing the same progression as the strummed guitar.,"['rock&roll', 'no vocals', 'distorted electric guitar', 'energetic', 'electric guitar solo', 'upbeat drum kit', 'danceable', 'happy', 'positive', 'powerfull']",energetic
train,blues,C:\Users\user\Downloads\gnn_bert_music_context\data\processed\graphs\blues\blues.00036.pkl,C:\Users\user\Downloads\gnn_bert_music_context\data\processed\features\blues\blues.00036.npy,2gc1L3g1itU,20,30,"This audio contains someone playing blues on an e-piano. This audio is in poor audio quality, you can hear white noise from the recording. This song may be playing piano at home.","['amateur recording', 'blues', 'e-piano', 'uptempo']",energetic
train,hiphop,C:\Users\user\Downloads\gnn_bert_music_context\data\processed\graphs\hiphop\hiphop.00038.pkl,C:\Users\user\Downloads\gnn_bert_music_context\data\processed\features\hiphop\hiphop.00038.npy,4PGzlwvXMnE,30,40,"The low quality recording features a trap song that consists of flat male vocals, alongside wide harmonizing male vocals, singing over punchy 808 bass and repetitive synth lead melody in the background. There is a high pitched riser at the end of the loop. It sounds groovy and addictive thanks to that cadence.","['low quality', 'trap', 'wide harmonizing male vocals', 'flat male vocal', 'punchy 808 bass', 'repetitive synth lead melody', 'groovy', 'addictive', 'high pitched riser']",energetic
train,blues,C:\Users\user\Downloads\gnn_bert_music_context\data\processed\graphs\blues\blues.00048.pkl,C:\Users\user\Downloads\gnn_bert_music_context\data\processed\features\blues\blues.00048.npy,B90BOtSOD2Q,410,420,A female singer sings this bluesy melody. The song is medium tempo with minimal guitar accompaniment and no other instrumentation. The song's medium tempo is very emotional and passionate. The song is a modern pop hit but with poor audio quality.,"['female singer', 'blues music', 'live audience', 'romantic', 'hissing ambient sound', 'madly in love', 'love song', 'passionate', 'ambient crowd noise', 'guitar playing', 'singer talking', 'song introduction', 'blues turnaround', 'fret noise', 'pop song', 'pop super hits', 'pop diva', 'poor audio quality', 'guitar notes playing', 'live performance', 'lilting vocals', 'soul singer', 'soul music']",romantic
train,blues,C:\Users\user\Downloads\gnn_bert_music_context\data\processed\graphs\blues\blues.00003.pkl,C:\Users\user\Downloads\gnn_bert_music_context\data\processed\features\blues\blues.00003.npy,F1X7egd8Us0,30,40,This blues guitar song features a resonator guitar. Fingerstyle guitar is being played. The melody is a blues style guitar. There are no other instruments in this song. There are no voices in this song. This song can be played in a bar.,"['blues guitar', 'fingerstyle guitar', 'no percussion', 'resonator guitar', 'no voices', 'instrumental music', 'relaxing']",calm
train,rock,C:\Users\user\Downloads\gnn_bert_music_context\data\processed\graphs\rock\rock.00024.pkl,C:\Users\user\Downloads\gnn_bert_music_context\data\processed\features\rock\rock.00024.npy,E4To9BC2jx8,170,180,This is a folk rock song with a strong Irish influence. We hear a typical Irish fiddle tune played on the violin - as the leading melodic motif for the instruments. The singer has a burly rock and roll voice and the song just has a general feel-good aura to it.,"['irish influence', 'irish fiddle sound', 'folk rock', 'irish folk rock', 'violin motif', 'burly male rock vocal', 'simple folk drum  beat']",neutral
train,hiphop,C:\Users\user\Downloads\gnn_bert_music_context\data\processed\graphs\hiphop\hiphop.00084.pkl,C:\Users\user\Downloads\gnn_bert_music_context\data\processed\features\hiphop\hiphop.00084.npy,x9xXU30ktcY,50,60,"The low quality recording features a DJ scratching the vinyl of a hip hop song. There is a crowd talking in the background. The recording sounds muffled, noisy and it is in mono.","['low quality', 'noisy', 'mono', 'hip hop', 'dj scratching', 'crowd talking', 'muffled']",neutral
train,blues,C:\Users\user\Downloads\gnn_bert_music_context\data\processed\graphs\blues\blues.00061.pkl,C:\Users\user\Downloads\gnn_bert_music_context\data\processed\features\blues\blues.00061.npy,V5xL8hLFY58,30,40,"The Country Blues song features a flat male vocal singing over acoustic guitar melody, accordion and a sustained brass section melody. It sounds very noisy, vintage and therefore nostalgic and sentimental - like something you would hear in an old movie.","['country blues', 'noisy', 'vintage', 'low quality', 'nostalgic', 'mono', 'flat male vocal', 'acoustic guitar melody', 'accordion melody', 'sustained brass section', 'nostalgic', 'sentimental']",sad
train,hiphop,C:\Users\user\Downloads\gnn_bert_music_context\data\processed\graphs\hiphop\hiphop.00067.pkl,C:\Users\user\Downloads\gnn_bert_music_context\data\processed\features\hiphop\hiphop.00067.npy,aCA4yiPfFIg,10,20,"The low quality recording features a hip hop song that consists of punchy snare and kick hits, shimmering hi hats and buzzy synth lead, played by a DJ that manually made beat breaks, which resulted in stuttering filter modulated synth riser. It sounds energetic and exciting thanks to that riser.","['low quality', 'hip hop', 'punchy snare', 'punchy kick', 'buzzy synth lead', 'shimmering hi hats', 'stuttering filter modulated synth riser', 'energetic', 'exciting']",energetic
train,country,C:\Users\user\Downloads\gnn_bert_music_context\data\processed\graphs\country\country.00051.pkl,C:\Users\user\Downloads\gnn_bert_music_context\data\processed\features\country\country.00051.npy,2JnlmS1zzls,30,40,"A male chorus sings this passionate song in a foreign language which sounds like Greek. The song is medium tempo with hand percussion like drums, small hand drum, tambourine and a beat with sticks. The vocals are emphatic and sung in lively parts. The song is passionate, emotional, sentimental, and sounds like an anthem or a love song for the Country or a Leader.","['male harmony', 'medium tempo', 'foreign language', 'greek song', 'anthem', 'hand percussion', 'tambourine', 'hand drums', 'sticks', 'choral harmony', 'unity', 'patriotic', 'anthem', 'patriotism', 'passionate', 'emotional', 'sentimental', 'love', 'devotion', 'loyalty', 'intense', 'tenor', 'baritone', 'bass']",sad
train,blues,C:\Users\user\Downloads\gnn_bert_music_context\data\processed\graphs\blues\blues.00050.pkl,C:\Users\user\Downloads\gnn_bert_music_context\data\processed\features\blues\blues.00050.npy,dTVkk4GSmNA,140,150,"A male voice is singing loud and soulfully. A saxophone is playing a slight variation of the singer's melody. A piano is playing bluesy/jazzy chord chops accompanied by an electric organ playing along with the melody. Panned to the left side of the speaker, a e-guitar is playing one single chord as a rhythmic element. The e-bass is playing a line along with a simple rimshot and shakers that are barely noticeable. This song may be playing at a live concert.","['soul/blues/jazz', 'male soul voice singing', 'e-guitar', 'saxophone', 'piano', 'electric organ', 'e-bass', 'acoustic drums', 'soulful', 'medium to uptempo']",energetic
train,country,C:\Users\user\Downloads\gnn_bert_music_context\data\processed\graphs\country\country.00096.pkl,C:\Users\user\Downloads\gnn_bert_music_context\data\processed\features\country\country.00096.npy,0cNYPgD6cEA,30,40,"The male mid to high range voice sings loudly and full of emotions pouring out of his soul while strumming some minor chords on the guitar. This recording is of poor quality. This song may be played in an open mic, poetry bar.","['country/pop/singersongwriter', 'acoustic guitar', 'male singer', 'emotional', 'soulful']",sad
train,metal,C:\Users\user\Downloads\gnn_bert_music_context\data\processed\graphs\metal\metal.00059.pkl,C:\Users\user\Downloads\gnn_bert_music_context\data\processed\features\metal\metal.00059.npy,7OgH3B49_E4,30,40,This is an industrial metal piece. The male vocalist in the lead is singing using the fry scream technique. The distorted electric guitar is playing a heavy riff while there is a groovy bass line. There is a loud metal beat being played by the acoustic drums in the rhythmic background. Industrial sound effects can be heard which are distinctive to the industrial and nu metal scenes. The atmosphere is aggressive and energetic. This piece could be played at a rock/metal bar. It could also be included in the soundtrack of an action movie/video game.,"['industrial metal', 'nu metal', 'male vocal', 'fry scream', 'distorted electric guitar', 'bass guitar', 'loud acoustic drums', 'industrial effects', 'aggressive', 'energetic', 'loud', 'violent', 'powerful']",energetic
train,pop,C:\Users\user\Downloads\gnn_bert_music_context\data\processed\graphs\pop\pop.00007.pkl,C:\Users\user\Downloads\gnn_bert_music_context\data\processed\features\pop\pop.00007.npy,S7TYAcOEPt4,30,40,A female voice is singing emotionally along to an acoustic piano. In the background you can hear people laughing. This song may be playing in a tv-show.,"['pop-ballad/comedy', 'acoustic piano', 'female voice singing', 'laughter', 'slow tempo']",calm
train,country,C:\Users\user\Downloads\gnn_bert_music_context\data\processed\graphs\country\country.00087.pkl,C:\Users\user\Downloads\gnn_bert_music_context\data\processed\features\country\country.00087.npy,886Qu4V0km4,110,120,Someone is playing a melody on a semi acoustic guitar along to a bass ukulele with a very big sound. In the background you can hear something like a harmonica playing a drone chord. This song may be playing at a local concert.,"['country', 'semi acoustic guitar', 'harmonica', 'bas ukulele', 'amateur recording']",neutral
train,hiphop,C:\Users\user\Downloads\gnn_bert_music_context\data\processed\graphs\hiphop\hiphop.00005.pkl,C:\Users\user\Downloads\gnn_bert_music_context\data\processed\features\hiphop\hiphop.00005.npy,i6WtNBpRll0,30,40,"A male rapper sings this emotional melody. The song is medium tempo with a steady techno drumming rhythm, strong bass line, various percussion hits, piano playing accompaniment and synth horns playing countermelody. The song is emotional and storytelling in nature. The song is a modern hip hop song.","['male singer', 'hip hop music', 'hip hop hits', 'groovy', 'synth countermelody', 'driving song', 'auto tuned vocals', 'medium tempo', 'slick drumming rhythm', 'percussive bass line', 'piano accompaniment', 'story telling', 'emotional', 'synth horns playing', 'passionate', 'the hood', 'hustlers life', 'money problems', 'passionate', 'spirited', 'poignant', 'youthful', 'heart break']",sad
train,metal,C:\Users\user\Downloads\gnn_bert_music_context\data\processed\graphs\metal\metal.00014.pkl,C:\Users\user\Downloads\gnn_bert_music_context\data\processed\features\metal\metal.00014.npy,Z7V7Curou7s,30,40,"The low quality recording features a parody that contains metallic detuned percussion, funny synth lead, wide sustained string melody in the background, male and crow cough, wooden percussion hits layered with coughs and flat male vocals, alongside harmonized mixed vocals, singing over it. It sounds funny and weird - almost like a TV commercial.","['low quality', 'metallic detuned percussion', 'funny synth lead', 'wide sustained strings melody', 'male cough', 'crowd cough', 'harmonized mixed vocal', 'flat male vocal', 'wooden percussion hits', 'funny', 'parody', 'weird']",happy
train,jazz,C:\Users\user\Downloads\gnn_bert_music_context\data\processed\graphs\jazz\jazz.00029.pkl,C:\Users\user\Downloads\gnn_bert_music_context\data\processed\features\jazz\jazz.00029.npy,eiyyoUt64Zc,100,110,"a latin jazz ensemble performing in a recital hall. A trumpet solo is accompanied by acoustic bass, syncopated drums and piano. The rhythm is upbeat and danceable. You can hear the reverb of the recital hall as well as audience sounds, someone sneezing.","['latin jazz', 'trumpet solo', 'acoustic bass', 'recital hall', 'reverb', 'audience sounds', 'sneeze', 'piano', 'syncopated drums', 'upbeat rhythm', 'danceable']",energetic
train,jazz,C:\Users\user\Downloads\gnn_bert_music_context\data\processed\graphs\jazz\jazz.00046.pkl,C:\Users\user\Downloads\gnn_bert_music_context\data\processed\features\jazz\jazz.00046.npy,8pYHLfKqHL4,230,240,"The Jazz song features a wide brass section playing over soft kick and rimshot hits, smooth bass guitar, mellow keys chords and soft electric guitar arpeggiated melody. It sounds relaxing, warm and calming - like something you would hear in waiting rooms.","['wide brass section', 'jazzy', 'soft kick hits', 'soft rimshot hits', 'soft electric guitar arpeggiated melody', 'mellow keys chords', 'jazz', 'relaxing', 'calming', 'smooth bass guitar', 'warm']",calm
train,metal,C:\Users\user\Downloads\gnn_bert_music_context\data\processed\graphs\metal\metal.00025.pkl,C:\Users\user\Downloads\gnn_bert_music_context\data\processed\features\metal\metal.00025.npy,32iayLTRmxg,30,40,This song contains a digital drum with a soft subbass. A male voice is rapping along to a repeating male and also female voice sample. The male voice sample uses a harmonizer effect. A riser is preparing the next part of the song. A metallophone/marimba melody is repeating itself through the duration of the whole song. This song may be playing in an urban bar.,"['rap', 'digital drum', 'male voice rapping', 'female voice sample', 'male voice sample', 'sub bass', 'metallophone sample', 'medium to uptempo']",energetic
train,hiphop,C:\Users\user\Downloads\gnn_bert_music_context\data\processed\graphs\hiphop\hiphop.00059.pkl,C:\Users\user\Downloads\gnn_bert_music_context\data\processed\features\hiphop\hiphop.00059.npy,2ZYzviKuq9w,30,40,"This is a hip-hop music piece. There is a female vocalist singing in a rap-like manner. There is a strong bass in the background. For the rhythm, there is a simple electronic drum beat with heavy use of claps. The keyboard is playing occasional tunes. The atmosphere is groovy. This piece could be playing in the background at a nightclub or at a dance club.","['hip-hop', 'dance music', 'female vocal', 'rap-like singing', 'strong bass', 'keyboard', 'electronic drums', 'claps', 'groovy', 'hip', 'danceable']",energetic
train,blues,C:\Users\user\Downloads\gnn_bert_music_context\data\processed\graphs\blues\blues.00034.pkl,C:\Users\user\Downloads\gnn_bert_music_context\data\processed\features\blues\blues.00034.npy,9Rx57dlJtIA,80,90,"The low quality recording features a blues song that consists of a passionate male vocal singing over acoustic guitar melody in the left channel, muted acoustic guitar melody in the right channel of the stereo image, groovy bass, mellow snare and shimmering cymbals. It sounds passionate and emotional.","['low quality', 'poor quality mix', 'blues', 'passionate male vocal', 'acoustic guitar melody', 'muted acoustic guitar melody', 'groovy bass', 'mellow snare', 'shimmering cymbals', 'passionate', 'emotional']",romantic
train,disco,C:\Users\user\Downloads\gnn_bert_music_context\data\processed\graphs\disco\disco.00004.pkl,C:\Users\user\Downloads\gnn_bert_music_context\data\processed\features\disco\disco.00004.npy,3rvqiSZB4pA,110,120,This is an electronic funk/disco music piece from the 80s. There is a female vocalist singing melodically. The repeated main theme is being played by the keyboard. There is a synth bass playing a groovy bass line. There is an acoustic drum beat in the rhythmic background. The atmosphere is sensual. This piece can be used in the soundtrack of a retro-themed movie.,"['electronic', 'funk', 'disco', 'female voice', 'melodic singing', 'keyboard', 'repeated theme', 'synth bass', 'acoustic drums', 'squeaking sound effects', 'sensual', 'danceable']",romantic
train,pop,C:\Users\user\Downloads\gnn_bert_music_context\data\processed\graphs\pop\pop.00057.pkl,C:\Users\user\Downloads\gnn_bert_music_context\data\processed\features\pop\pop.00057.npy,L1s-oPHsOac,30,40,"A male singer sings this exciting melody. The song is medium fast tempo with a groovy bass line, latin percussion, steady drum rhythm, groovy bass line and keyboard accompaniment. The song is exciting and fun. The song is a modern Latin pop dance hit.","['male singer', 'latin singer', 'latin pop star', 'latin percussions', 'story telling', 'medium fast tempo', 'latin dance music', 'latin dance groove', 'strong bass line', 'guitar rhythm', 'people dancing', 'dance club', 'dance floor', 'passionate', 'cheerful', 'exciting', 'romantic', 'dance all night long', 'party time', 'latin dance hits', 'keyboard accompaniment']",energetic
train,pop,C:\Users\user\Downloads\gnn_bert_music_context\data\processed\graphs\pop\pop.00080.pkl,C:\Users\user\Downloads\gnn_bert_music_context\data\processed\features\pop\pop.00080.npy,-e4wXAy1iVo,0,10,Two female voices are singing in harmony to a ukulele strumming chords. One of the voices is deeper and the other one higher. This song may be jamming together at home.,"['pop', 'ukulele', 'female voices singing', 'harmony', 'amateur recording', 'medium to uptempo']",energetic
train,jazz,C:\Users\user\Downloads\gnn_bert_music_context\data\processed\graphs\jazz\jazz.00024.pkl,C:\Users\user\Downloads\gnn_bert_music_context\data\processed\features\jazz\jazz.00024.npy,DgqPgNqW2hE,50,60,"A female singer sings this beautiful vintage French melody. The song is medium tempo with a steady drum rhythm, steady bass line, piano accompaniment , string section harmony and some lush snare play. The song is romantic and cheerful with an avant-garde nature.","['female singer', 'lilting melody', 'vocal vibrato', 'avant-garde', 'string section accompaniment', 'piano accompaniment', 'steady drumming rhythm', 'snare playing', 'retro pop hits', 'avante-garde', 'french jazz', 'retro jazz', 'pleasant', 'emotional', 'it’s a wonderful life', 'carefree', 'love song', 'retro hits', 'vintage pop', 'vintage jazz', 'cheerful', 'romantic']",romantic
train,country,C:\Users\user\Downloads\gnn_bert_music_context\data\processed\graphs\country\country.00049.pkl,C:\Users\user\Downloads\gnn_bert_music_context\data\processed\features\country\country.00049.npy,kT0KMsfD4d8,50,60,"This song is a spirited instrumental. The tempo is fast with enthusiastic brass harmony , with trumpet flourish, trombone and violins, cello and viola playing an upbeat melody along with vigorous drumming, piano accompaniment and cheerful, animated choral backup. The song is animated, vibrant, energetic and full of life. The sound of the hooves of horses and whistling indicates that this is Country music.","['instrumental', 'fast tempo', 'brass band', 'trombone', 'brass band', 'symphony', 'country movie', 'trumpet flourish', 'choral harmonybright trumpet harmony', 'orchestral music', 'orchestra', 'enthusiastic drumming', 'sound of galloping horse', 'cowboy', 'violin symphony', 'piano accompaniment', 'whistling', 'cello', 'viola', 'vibrant', 'intense', 'triumphant music', 'violin', 'engaging', 'captivating', 'spirited']",energetic
train,blues,C:\Users\user\Downloads\gnn_bert_music_context\data\processed\graphs\blues\blues.00041.pkl,C:\Users\user\Downloads\gnn_bert_music_context\data\processed\features\blues\blues.00041.npy,grE0lwTsSPg,30,40,"This is an upbeat, soulful and funky song. It's got a catchy and fast paced rhythm which makes it good to dance to. The singer has a raspy and energetic voice.","['blues', 'funky', 'soulful', 'upbeat', 'dance', 'vibrant', 'groovy bassline', 'rhythm & blues', 'raspy male vocal', 'energetic male vocalist', 'simple drum beat']",energetic
train,country,C:\Users\user\Downloads\gnn_bert_music_context\data\processed\graphs\country\country.00004.pkl,C:\Users\user\Downloads\gnn_bert_music_context\data\processed\features\country\country.00004.npy,XaUXJG0BZuk,0,10,"This music is a country song instrumental. The tempo is slow with a mellifluous Auto Harp harmony, steady drumming, rhythmic acoustic guitar, and subtle bass lines. The music is melodic, soothing, peaceful, nostalgic,mellow and dulcet Country Song Instrumental.","['instrumental', 'slow tempo', 'steady drumming', 'banjo', 'dobro', 'dulcet', 'country pop instrumental', 'peaceful', 'acoustic guitar accompaniment', 'auto harp harmony', 'country music', 'country pop', 'country folk song', 'country song instrumental', 'mellow', 'soothing', 'mellifluous']",calm
train,blues,C:\Users\user\Downloads\gnn_bert_music_context\data\processed\graphs\blues\blues.00010.pkl,C:\Users\user\Downloads\gnn_bert_music_context\data\processed\features\blues\blues.00010.npy,nzdlPYd8XUs,200,210,"This is a bright and twangy twelve bar blues song. We hear some intricate piano playing, a bright and warm electric guitar on which chords are being played, and a groovy walking bassline. This song would be suitable in a blues bar.","['blues', 'twangy electric guitar', 'electric keyboard', 'twelve bar blues', 'major key', 'happy', 'electric guitar stabs', 'simple bluesy drum beat']",happy
train,hiphop,C:\Users\user\Downloads\gnn_bert_music_context\data\processed\graphs\hiphop\hiphop.00050.pkl,C:\Users\user\Downloads\gnn_bert_music_context\data\processed\features\hiphop\hiphop.00050.npy,A5fPSkTvjmY,70,80,"The low quality recording features a hip hop song that consists of a flat male vocal rapping over punchy kick and snare hits, shimmering hi hats, DJ scratching sound effects and groovy bass. It sounds energetic, upbeat and groovy.","['low quality', 'hip hop', 'punchy snare', 'dj scratching sounds', 'punchy kick', 'groovy bass', 'flat male vocal', 'shimmering hi hats', 'upbeat', 'groovy', 'energetic']",energetic
train,jazz,C:\Users\user\Downloads\gnn_bert_music_context\data\processed\graphs\jazz\jazz.00086.pkl,C:\Users\user\Downloads\gnn_bert_music_context\data\processed\features\jazz\jazz.00086.npy,AmAThmRphk0,30,40,"The Jazz song features a passionate solo acoustic guitar melody and acoustic rhythm guitar chords, followed by simple double bass. It sounds smooth and elegant, something you would hear in fancy restaurants or good jazz clubs.","['jazz', 'passionate solo acoustic guitar melody', 'acoustic rhythm guitar chords', 'simple double bass', 'smooth', 'elegant']",romantic
train,pop,C:\Users\user\Downloads\gnn_bert_music_context\data\processed\graphs\pop\pop.00033.pkl,C:\Users\user\Downloads\gnn_bert_music_context\data\processed\features\pop\pop.00033.npy,vYP60jdTupc,30,40,An e-bass and strings are playing a simple melody to elevate the atmosphere. In the background an acoustic piano is playing a melody along with the drums. Then a female voice starts singing while the crowd starts cheering. This song may be playing live during a tv-show.,"['pop', 'string section', 'acoustic piano', 'e-bass', 'acoustic drums', 'female voice singing', 'crowd sheering', 'medium to uptempo']",energetic
train,hiphop,C:\Users\user\Downloads\gnn_bert_music_context\data\processed\graphs\hiphop\hiphop.00073.pkl,C:\Users\user\Downloads\gnn_bert_music_context\data\processed\features\hiphop\hiphop.00073.npy,bcybO-SMY5E,30,40,This rap song features a male voice rapping the words. This is accompanied by programmed percussion playing a rap beat. The sound of a cash register is played in the background. The voice has a defiant feel. A harmonic sound is played in the background which sounds like octaves being played on an overdriven guitar. This song can be used at the entrance of a WWE star.,"['rap song', 'male voice', 'cash register sound', 'defiant voice', 'programmed percussion', 'sound of bells', 'moderate tempo']",neutral
train,hiphop,C:\Users\user\Downloads\gnn_bert_music_context\data\processed\graphs\hiphop\hiphop.00001.pkl,C:\Users\user\Downloads\gnn_bert_music_context\data\processed\features\hiphop\hiphop.00001.npy,YZx0_GRtvJk,250,260,"This song has a male vocalist singing a rhythmic vocal riff to the beat of digital drumming followed by the sound of a beep. The percussion is amateur and the vocals are muffled as the audio quality is inferior. The song is slow tempo and the beat is punchy, groovy, buoyant and youthful.","['percussions', 'drum machine', 'boomy', 'catchy vocal riff', 'digital drumming', 'youthful', 'buoyant', 'punchy', 'bouncy', 'dance groove', 'amateur percussionist', 'male vocalist', 'slow tempo', 'pop rap', 'low audio quality', 'rap', 'hip-hop', 'beep', 'drum beats', 'rhythm arrangement']",calm
train,disco,C:\Users\user\Downloads\gnn_bert_music_context\data\processed\graphs\disco\disco.00090.pkl,C:\Users\user\Downloads\gnn_bert_music_context\data\processed\features\disco\disco.00090.npy,lXrypwLQO3U,100,110,"The Disco song features a passionate female vocalist singing over a funky electric guitar melody, groovy bass, punchy kick and claps. It sounds passionate, funky and groovy - like something you would hear in clubs during the 80s.","['disco', 'low quality', 'passionate female vocal', 'funky electric guitar melody', 'groovy bass', 'punchy kick', 'claps', 'passionate', 'funky', 'groovy']",romantic
train,disco,C:\Users\user\Downloads\gnn_bert_music_context\data\processed\graphs\disco\disco.00077.pkl,C:\Users\user\Downloads\gnn_bert_music_context\data\processed\features\disco\disco.00077.npy,O66lIRbF4Gw,30,40,"This is an electronic music piece with 80s disco characteristics. There is a slightly fast tempo electronic drums in the rhythmic background. The keyboard is holding the notes of the melody while a synth bass follows it with a repeated rhythmic pattern. Although it is a bit old-fashioned, it is a danceable piece. This music could work well with retro-themed parties at nightclubs. It could also fit nicely with action-filled social media content or the soundtrack of a car racing game.","['electronic', 'disco', 'electronic drums', 'keyboards', 'bass', '80s', 'danceable', 'groovy', 'high energy', 'retro', 'old-fashioned']",energetic
train,disco,C:\Users\user\Downloads\gnn_bert_music_context\data\processed\graphs\disco\disco.00039.pkl,C:\Users\user\Downloads\gnn_bert_music_context\data\processed\features\disco\disco.00039.npy,tV2m7HFJprU,230,240,"This soul funk song features a female voice singing the main melody using vocals. This is accompanied by female voices singing backing vocals. The percussion plays a simple beat in common time. The bass plays a funky bassline. The trumpet plays a repetitive fill in the background. Due to the low quality of audio, other instruments are not audible. This song is a classic disco song and can be played in a disco.","['soul funk song', 'female backing voices', 'female lead voice', 'funky bassline', 'low quality recording', 'trumpets', 'romantic theme', 'happy mood', 'moderate tempo', 'disco', 'soul']",romantic
train,classical,C:\Users\user\Downloads\gnn_bert_music_context\data\processed\graphs\classical\classical.00096.pkl,C:\Users\user\Downloads\gnn_bert_music_context\data\processed\features\classical\classical.00096.npy,k_ET0i2y0Ow,30,40,This audio contains someone playing a classical piece on a cembalo. This song may be playing live in a theater.,"['classical', 'cembalo', 'slower tempo']",calm
train,disco,C:\Users\user\Downloads\gnn_bert_music_context\data\processed\graphs\disco\disco.00079.pkl,C:\Users\user\Downloads\gnn_bert_music_context\data\processed\features\disco\disco.00079.npy,p8xxC2um9xQ,140,150,"The Disco song features a flat male vocal singing over a wide funky electric guitar melody, groovy bass, synth keys chords, funky synth lead melody, punchy kick, punchy snare layered with some claps and simple hi hats. It sounds passionate, funky and groovy.","['disco', 'wide funky electric guitar melody', 'synth keys chords', 'funky synth lead melody', 'groovy bass', 'punchy kick', 'punchy snare', 'simple hi hats', 'claps', 'flat male vocal', 'passionate', 'funky', 'groovy']",romantic
train,reggae,C:\Users\user\Downloads\gnn_bert_music_context\data\processed\graphs\reggae\reggae.00078.pkl,C:\Users\user\Downloads\gnn_bert_music_context\data\processed\features\reggae\reggae.00078.npy,BiPwCMlghhQ,120,130,This reggae song features a male voice singing the main melody. Other male voices sing backing voices repeating the same melody in between lines. This is accompanied by percussion playing a simple melody using reggae rhythm. The bass plays a groovy bassline using runs within the scale. A guitar plays chords by muting technique producing a reggae rhythm. A keyboard plays chords in the background. This song can be played in a documentary about alleviating poverty.,"['reggae song', 'male voice', 'male backing voice', 'groovy bass', 'reggae guitar', 'percussion', 'keyboard', 'moderate tempo']",neutral
train,blues,C:\Users\user\Downloads\gnn_bert_music_context\data\processed\graphs\blues\blues.00089.pkl,C:\Users\user\Downloads\gnn_bert_music_context\data\processed\features\blues\blues.00089.npy,GQbUpJFArKI,50,60,This is a rock and roll music piece. There is a male vocal singer singing as the lead while other back vocals sing rhythmic back vocals at a higher pitch than the lead. An electric guitar is playing a simple and repeated tune while there is a bass guitar in the background. The acoustic drums are playing a basic 4/4 rock beat with claps simultaneous with the snare hits. There is an easygoing atmosphere in this piece. It could be playing in the background of a rock bar. This piece could also work well in sports venues.,"['rock and roll', 'blues', 'male vocal', 'male back vocals', 'electric guitar', 'bass guitar', 'acoustic drums', 'american', 'repeated theme', 'simple tune', 'easygoing', 'groovy']",calm
train,blues,C:\Users\user\Downloads\gnn_bert_music_context\data\processed\graphs\blues\blues.00013.pkl,C:\Users\user\Downloads\gnn_bert_music_context\data\processed\features\blues\blues.00013.npy,IO5QJRyoqO8,290,300,"This is a live recording of a keyboardist playing a twelve bar blues progression on an electric keyboard. The player adds embellishments between chord changes and the piece sounds groovy, bluesy and soulful.","['twelve bar blues', 'live recording', 'electronic keyboard', 'blues', 'groovy', 'soulful']",neutral
train,disco,C:\Users\user\Downloads\gnn_bert_music_context\data\processed\graphs\disco\disco.00056.pkl,C:\Users\user\Downloads\gnn_bert_music_context\data\processed\features\disco\disco.00056.npy,wZopmfXTtxw,30,40,"The Disco song features a widely spread electric guitar chord progression, acoustic rhythm guitar, shimmering shakers, tinny percussive elements, followed by simple kick pattern, punchy snare and groovy bass guitar, over which sings the flat male vocal. It sounds energetic, fun and exciting, as it is something you would definitely hear in clubs during 70s and 80s.","['disco', 'wide electric guitar chord progression', 'acoustic rhythm guitar', 'shimmering shakers', 'simple kick patter', 'punchy snare', 'groovy bass guitar', 'wide tinny percussive elements', 'sizzling triangle', 'flat male vocal', 'fun', 'exciting', 'energetic']",energetic
train,metal,C:\Users\user\Downloads\gnn_bert_music_context\data\processed\graphs\metal\metal.00020.pkl,C:\Users\user\Downloads\gnn_bert_music_context\data\processed\features\metal\metal.00020.npy,nT_R3O0OK6U,190,200,"The song is an instrumental. The tempo is medium fast with a percussive bass line, super fast metal drumming with cymbal crashes and fast drum rolls and a distorted guitar playing a virtuoso lead. The song is energetic and animated. The song has poor audio quality.","['instrumental music', 'metal music', 'poor audio quality', 'energetic', 'passionate', 'building tension', 'warriors fight', 'dragon quest', 'dangerous journey', 'valour and pride', 'groovy music', 'intense battle', 'medium fast tempo', 'arcade game soundtrack', 'suoerfats drumming rhythm', 'distortion guitar playing lead', 'percussive bass line', 'virtuoso guitar lead', 'spirited', 'cymbal crashes', 'drum rolls', 'game play', 'video games', 'retro game tracks']",energetic
train,reggae,C:\Users\user\Downloads\gnn_bert_music_context\data\processed\graphs\reggae\reggae.00093.pkl,C:\Users\user\Downloads\gnn_bert_music_context\data\processed\features\reggae\reggae.00093.npy,kTBlMy4dtC0,30,40,"A male singer sings this cheerful children’s song.  The song is medium tempo with reggae inspired drumming rhythm, guitar accompaniment, groovy bass line and keyboard harmony. The song is exciting and cheerful. The song is a children’s dance song.","['reggae music', 'male singer', 'children’s song', 'groovy drum rhythm', 'guitar accompaniment', 'barking sounds', 'animated movie', 'movie soundtrack', 'groovy bas slime', 'reggae drum rhythm', 'reggae band', 'drum rolls', 'exciting', 'positive', 'cheerful', 'dance rhythm', 'kindergarten songs']",happy
train,jazz,C:\Users\user\Downloads\gnn_bert_music_context\data\processed\graphs\jazz\jazz.00002.pkl,C:\Users\user\Downloads\gnn_bert_music_context\data\processed\features\jazz\jazz.00002.npy,XhV4zf-Xlmk,170,180,A male voice is singing in the midrange then another male voice joins singing in a lower harmony. In the background you can hear a jazz drum playing along with an upright bass and a flute. An acoustic piano is playing jazzy licks. Then the drum breaks the beat with strong fill-ins before a brass section elevates the piece. This song may be playing live during a jazz performance.,"['jazz/pop', 'male voices singing', 'acoustic piano', 'flute', 'upright bass', 'brass section', 'uptempo', 'funny']",energetic
train,hiphop,C:\Users\user\Downloads\gnn_bert_music_context\data\processed\graphs\hiphop\hiphop.00080.pkl,C:\Users\user\Downloads\gnn_bert_music_context\data\processed\features\hiphop\hiphop.00080.npy,C5Zs-Lb2rIM,90,100,"A male vocalist sings this passionate Hip-Hop. The tempo is medium fast with synthesiser articulation, digital drumming and turn table effects with vocal backup. The song is enthusiastic, passionate, persuasive, emphatic, emotional , youthful and groovy. This song is a freestyle Hip-Hop.","['male vocalist', 'medium fast tempo', 'persuasive', 'insistent', 'turn table', 'rap', 'hip-hop', 'dj', 'dj mixer', 'youthful', 'emphatic', 'youthful', 'rhythmic speech', 'rhythmic patter', 'street vernacular', 'rhythmic beat', 'punchy', 'buoyant', 'freestyle rap']",energetic
train,country,C:\Users\user\Downloads\gnn_bert_music_context\data\processed\graphs\country\country.00012.pkl,C:\Users\user\Downloads\gnn_bert_music_context\data\processed\features\country\country.00012.npy,F8wGRd9332s,30,40,Someone is strumming chords on a guitar while someone else is playing a melody using a harmonica. This song sounds like sitting around  a bonfire.,"['country/pop', 'amateur recording', 'acoustic guitar', 'harmonica', 'medium tempo']",neutral
train,classical,C:\Users\user\Downloads\gnn_bert_music_context\data\processed\graphs\classical\classical.00014.pkl,C:\Users\user\Downloads\gnn_bert_music_context\data\processed\features\classical\classical.00014.npy,x9bcsYF_by8,230,240,"This symphonic song features a melody played on a cello. This is accompanied by violins playing in the background. It starts off as a slow tempo song. After a brief pause, the instruments play staccato notes at a faster tempo. There is no percussion in this song. There are no voices in this song. This is a classical instrumental piece. This song can be played in a luxury watch advertisement.","['symphonic song', 'string section', 'cello', 'violins', 'classical song', 'no voices', 'instrumental', 'slow tempo']",calm
train,country,C:\Users\user\Downloads\gnn_bert_music_context\data\processed\graphs\country\country.00007.pkl,C:\Users\user\Downloads\gnn_bert_music_context\data\processed\features\country\country.00007.npy,rLQ93N6RJC0,30,40,"A male vocalist sings this catchy pop song. The tempo is medium fast with funky drumming, spirited acoustic guitar accompaniment, rhythmic clapping, steady bass line and keyboard harmony. The song is melodic, perky, peppy, youthful, playful, enthusiastic and fun. This is Indie Pop/Indie Rock.","['male vocalist', 'fast tempo', 'country pop', 'keyboard harmony', 'clapper', 'steady bass line', 'string instruments', 'clapping', 'punchy drumming', 'lively acoustic guitar', 'catchy rhythm', 'lively', 'spirited', 'pop', 'rock', 'alternative rock', 'indie pop', 'indie rock']",energetic
train,classical,C:\Users\user\Downloads\gnn_bert_music_context\data\processed\graphs\classical\classical.00068.pkl,C:\Users\user\Downloads\gnn_bert_music_context\data\processed\features\classical\classical.00068.npy,6elnFyuUnaU,300,310,This audio contains someone playing a melody on a horn with reverb on it. This song may be playing as a solo in an orchestra performance.,"['classical', 'horn', 'medium tempo']",neutral
train,pop,C:\Users\user\Downloads\gnn_bert_music_context\data\processed\graphs\pop\pop.00028.pkl,C:\Users\user\Downloads\gnn_bert_music_context\data\processed\features\pop\pop.00028.npy,HkCYA4ax4jI,70,80,"This low quality audio features a male voice singing the main melody. This is accompanied by percussion playing a simple beat. The bass plays the root notes of the chords. Strings play staccato notes in the background and at the end of the bar, the notes are allowed to ring. A synth plays chords using an organ voice. This voice plays chords in the background. At the end, the synth plays the sound of two bells playing a descending sequence. This song can be played in a romantic movie.","['low quality audio', 'percussion', 'bass', 'male voice', 'pop song', 'strings', 'synth sounds', 'moderate tempo', 'romantic theme']",romantic
train,country,C:\Users\user\Downloads\gnn_bert_music_context\data\processed\graphs\country\country.00059.pkl,C:\Users\user\Downloads\gnn_bert_music_context\data\processed\features\country\country.00059.npy,vgpV6F9tge8,30,40,Someone is playing an acoustic guitar along with someone playing a solo melody on top with another plucked string instrument. They are accompanied by someone playing a djembe or another percussive instrument. This song may be playing sitting around a bonfire.,"['rock/country', 'acoustic guitar', 'guitar-like instrument', 'djembe', 'medium to uptempo', 'amateur recording']",energetic
train,pop,C:\Users\user\Downloads\gnn_bert_music_context\data\processed\graphs\pop\pop.00034.pkl,C:\Users\user\Downloads\gnn_bert_music_context\data\processed\features\pop\pop.00034.npy,40D4L5Ndi6k,80,90,"A male vocalist sings this animated song in a foreign language. The tempo is fast with a bright applied violin accompaniment, lively drumming, groovy bass line, tambourine beats, rhythmic mandolin and acoustic guitar accompany net. The song is lively, energetic, vibrant, happy, vivacious and merry with a dance groove. This song is a Folk Pop/Regional Pop.","['male singer', 'fast tempo', 'regional pop', 'folk pop', 'emphatic vocals', 'foreign language', 'bright violin', 'energetic', 'animated percussions', 'lively mandolin', 'acoustic guitar', 'groovy bass line', 'folk song', 'folk music', 'world music', 'pop', 'pop hits', 'youthful', 'dance music', 'celebration', 'merry', 'happy']",energetic
train,blues,C:\Users\user\Downloads\gnn_bert_music_context\data\processed\graphs\blues\blues.00080.pkl,C:\Users\user\Downloads\gnn_bert_music_context\data\processed\features\blues\blues.00080.npy,6JJMlY3Go9s,30,40,"A male vocalist sings this emphatic rock. The tempo is medium with vigorous electric guitar, synthesiser arrangement, groovy bass line and intense drumming. The vocals are soft ,sad, lonely, poignant, mellow, and melodic in contrast to the intense instrumentation. This song is Blues-Rock.","['male singer', 'medium tempo', 'sad', 'depressed', 'heart break', 'blues-rock', 'vigorous electric guitar riff', 'breakup', 'hurt', 'poignant', 'bitter', 'lonely', 'blues-rockvigorous electric guitar', 'synthesiser arrangement', 'blues', 'rock', 'groovy bass line', 'intense drumming']",energetic
train,hiphop,C:\Users\user\Downloads\gnn_bert_music_context\data\processed\graphs\hiphop\hiphop.00065.pkl,C:\Users\user\Downloads\gnn_bert_music_context\data\processed\features\hiphop\hiphop.00065.npy,UnFEqUWTefM,60,70,"A female vocalist sings this melodic song. The tempo is medium with female vocalisation, female choral backup, groovy bass lines,slick drumming, church organ harmony, and a lively piano  accompaniment that comes in at the end of this clip. The song is pleasant, melodic, insistent, repetitive and recurring  like a chant or trance. This song is a soul music/ Trip Hop.","['female vocalist', 'medium tempo', 'vocalisation', 'no lyrics', 'trip hop', 'melodic', 'female choral backup', 'groovy digital rhythm', 'church organ harmony', 'funky bass', 'melodious piano accompaniment', 'repetitive', 'insistent', 'recurring', 'hip-hop', 'r&b', 'soul', 'psychedelic', 'trance', 'trippy', 'mellow', 'meditative']",calm
train,blues,C:\Users\user\Downloads\gnn_bert_music_context\data\processed\graphs\blues\blues.00000.pkl,C:\Users\user\Downloads\gnn_bert_music_context\data\processed\features\blues\blues.00000.npy,drJaSu3AWhQ,60,70,"The low quality recording features a funky blues acoustic guitar melody. The recording is in mono, a bit noisy, reverberant - as it was probably recorded with a phone and it sounds passionate. There are also some strings creaking sounds, while the player is playing the instrument.","['low quality', 'mono', 'reverberant', 'funky blues acoustic guitar melody', 'passionate', 'strings creaking sound', 'noisy']",romantic
train,country,C:\Users\user\Downloads\gnn_bert_music_context\data\processed\graphs\country\country.00009.pkl,C:\Users\user\Downloads\gnn_bert_music_context\data\processed\features\country\country.00009.npy,nnS7TXfTHOE,30,40,An e-guitar takes the fast paced lead melody accompanied by another guitar strumming chords on the offbeat. The drums are playing a rhythm that motivates me to dance. This song may be playing somewhere on a street-performance in an Asian country.,"['traditional/far east', 'e-bass', 'percussion', 'acoustic drums', 'e-guitar', 'cheerfull', 'uptempo']",energetic
train,blues,C:\Users\user\Downloads\gnn_bert_music_context\data\processed\graphs\blues\blues.00043.pkl,C:\Users\user\Downloads\gnn_bert_music_context\data\processed\features\blues\blues.00043.npy,hhVFK9tYu84,40,50,"This is a live blues-rock performance. The saxophone is playing a solo section, and the electric guitar repeats an arpeggio. This song  would be suitable in a blues bar.","['blues', 'saxophone', 'electric guitar arpeggio', 'simple blues drum beat', 'live recording', 'live performance', 'repeated riff']",neutral
train,disco,C:\Users\user\Downloads\gnn_bert_music_context\data\processed\graphs\disco\disco.00096.pkl,C:\Users\user\Downloads\gnn_bert_music_context\data\processed\features\disco\disco.00096.npy,BYi0fAZtBls,30,40,"This music is an Electronica instrumental. The tempo is fast with synthesiser articulations, hard hitting digital drum beats and electronic arrangements with a repetitive female vocal riff. The music is punchy, vibrant, thumping, pulsating, youthful, enthusiastic, energetic ,psychedelic, hypnotic, trance like and buoyant. This music is EDM/Synth Pop.","['instrumental', 'fast tempo', 'electronic music', 'trap', 'trippy', 'ambient music', 'futuristic', 'fourth world music', 'techno mucus', 'hypnotic', 'psychedelic electronica', 'female vocalisation', 'catchy riff', 'recurring riff', 'synthesiser articulation', 'drum machine', 'digital drum', 'digital drum beats', 'punchy', 'thumping', 'pulsating', 'buoyant auto tune', 'edm', 'dance music', 'electronica', 'electronic dance', 'synth pop', 'disco pop', 'dj', 'dj mixer']",energetic
train,rock,C:\Users\user\Downloads\gnn_bert_music_context\data\processed\graphs\rock\rock.00039.pkl,C:\Users\user\Downloads\gnn_bert_music_context\data\processed\features\rock\rock.00039.npy,XvyaEbEpAMc,30,40,"The low quality recording features a cover of a rock song and it consists of acoustic rhythm guitar and nasal, echoing male vocals. The recording is noisy and in mono and it sounds emotional.","['rock', 'cover', 'low quality', 'nasal echoing male vocal', 'acoustic rhythm guitar', 'noisy', 'emotional', 'mono']",sad
train,classical,C:\Users\user\Downloads\gnn_bert_music_context\data\processed\graphs\classical\classical.00083.pkl,C:\Users\user\Downloads\gnn_bert_music_context\data\processed\features\classical\classical.00083.npy,u8aB6EALonk,420,430,The song is an instrumental. The song is in medium tempo with a harpist playing a beautiful  cascade of notes while the orchestra watches. The song is exciting and passionate. The audio quality is poor.,"['harpist', 'harp playing beautifully', 'clarinetist', 'string quartet', 'bad audio quality', 'live audience', 'life is beautiful', 'precious moments', 'classical masterpieces', 'live performance', 'ambient room noises', 'slow tempo', 'cascade of notes', 'live performance', 'soloist', 'western classical music', 'exciting', 'romantic', 'instrumental music']",calm
train,metal,C:\Users\user\Downloads\gnn_bert_music_context\data\processed\graphs\metal\metal.00080.pkl,C:\Users\user\Downloads\gnn_bert_music_context\data\processed\features\metal\metal.00080.npy,NxdQtpceXaI,30,40,"A male vocalist sings this energetic Rock song. The tempo is medium fast with an animated electric guitar harmony and lead, groovy bass lines,infectious drumming and keyboard harmony. The song is electric,pulsating, youthful, energetic, enthusiastic, passionate and powerful with emphatic vocals. This song is Heavy Metal.","['male vocalist', 'medium fast tempo', 'live performance', 'gig', 'concert', 'retro', 'retro rock', 'keyboard harmony', 'infectious drumming', 'animated electric guitar harmony', 'groovy bass lines', 'punchy drumming', 'electric guitar lead', 'retro', 'rock', 'heavy metal', 'hard rock', 'metal', 'sonic power', 'amplified instruments', 'excited vocals', 'youthful', 'spirited', 'enthusiastic', 'energetic']",energetic
train,pop,C:\Users\user\Downloads\gnn_bert_music_context\data\processed\graphs\pop\pop.00021.pkl,C:\Users\user\Downloads\gnn_bert_music_context\data\processed\features\pop\pop.00021.npy,3NAqH9LYDyU,30,40,This is a soca music piece. There is a male vocalist singing with autotune. A repeating hollering sample can be heard. The tune is being played by a melodic pad. The rhythm is provided by an electronic drum beat. The atmosphere is danceable. This piece could be playing in the background at a Caribbean nightclub.,"['soca music', 'electronic', 'pop', 'male vocal', 'autotune singing', 'hollering sample', 'melodic pad', 'electronic drums', 'sensual', 'danceable']",energetic
train,hiphop,C:\Users\user\Downloads\gnn_bert_music_context\data\processed\graphs\hiphop\hiphop.00095.pkl,C:\Users\user\Downloads\gnn_bert_music_context\data\processed\features\hiphop\hiphop.00095.npy,tG5C-Smp-eY,30,40,"The low quality recording features a hip hop song that consists doubled, cool male vocals, alongside background male ad libs, rapping over jazzy piano chords, groovy kick, shimmering hi hats and soft snare hits all located in the right channel of the stereo image, making it unbalanced. The recording is noisy.","['low quality', 'hip hop', 'doubled cool male vocals', 'jazzy piano chords', 'groovy kick', 'shimmering hi hats', 'soft snare hits', 'background male ad libs', 'unbalanced stereo', 'noisy']",calm
train,disco,C:\Users\user\Downloads\gnn_bert_music_context\data\processed\graphs\disco\disco.00045.pkl,C:\Users\user\Downloads\gnn_bert_music_context\data\processed\features\disco\disco.00045.npy,7Msk_hkz6zk,30,40,"This song is a spirited duet in foreign language . The tempo is fast with male and female vocals, animated digital drums and synthesiser arrangement . The song is upbeat, catchy, engaging, punchy, buoyant and has a nice dance groove. This music is contemporary Regional Pop.","['duet', 'female singer', 'male singer', 'foreign language', 'contemporary folk', 'punchy', 'peppy', 'youthful', 'dance groove', 'disco pop', 'buoyant', 'punchy', 'regional pop', 'synthesiser arrangement', 'drum kit', 'digital drumming', 'upbeat', 'contemporary', 'groovy rhtyhm', 'youthful', 'energetic', 'electronic music', 'regional pop', 'disco pop', 'world music']",energetic
train,metal,C:\Users\user\Downloads\gnn_bert_music_context\data\processed\graphs\metal\metal.00088.pkl,C:\Users\user\Downloads\gnn_bert_music_context\data\processed\features\metal\metal.00088.npy,b12xqPnM0So,140,150,"The low quality recording features a live performance of a folk song that consists of a woodwind melody, followed by accordion melody, trumpet melody, metallic percussion and groovy bass. It sounds passionate and cultural.","['low quality', 'live performance', 'woodwind melody', 'trumpet melody', 'folk', 'passionate', 'cultural', 'accordion melody', 'metallic percussions', 'groovy bass']",romantic
train,disco,C:\Users\user\Downloads\gnn_bert_music_context\data\processed\graphs\disco\disco.00014.pkl,C:\Users\user\Downloads\gnn_bert_music_context\data\processed\features\disco\disco.00014.npy,Cd7JefC6-Zw,230,240,"This music is a youthful instrumental. The tempo is fast with a DJ using a turntable to manipulate sounds and music on a turntable using vinyl records. The music has a repetitive, catchy vocal riff , thumping beats and scratching sounds.","['instrumental', 'fast tempo', 'turn table', 'thumping beats', 'catchy vocal riff', 'repetitive', 'rotating platform', 'phonograph record', 'vinyl disc', 'disco', 'club music', 'catchy riff', 'dj', 'dj mixer', 'scratching']",energetic
train,pop,C:\Users\user\Downloads\gnn_bert_music_context\data\processed\graphs\pop\pop.00069.pkl,C:\Users\user\Downloads\gnn_bert_music_context\data\processed\features\pop\pop.00069.npy,z8Wjdss5uMg,10,20,"This slow pop song features a synth playing the bass notes as well as the lead melody. The music is in 6/8 time signature. In the first bar, two chords are played. The main melody is played in the second bar. The synth accents the notes on a higher register. The bass plays at off timing. The first two notes of the bass are played on the first count and fourth count of the first bar. The next bass note is played on the first count of the second bar and the following note is played on the 'three and' count of the second bar. The mood of this song is relaxing. This song can be played in a coffee shop.","['slow pop song', 'synth music', 'no voices', 'instrumental', 'no percussion', 'minimal instruments', 'easy listening', 'simple melody']",calm
train,blues,C:\Users\user\Downloads\gnn_bert_music_context\data\processed\graphs\blues\blues.00062.pkl,C:\Users\user\Downloads\gnn_bert_music_context\data\processed\features\blues\blues.00062.npy,GT9g4uqK9G8,30,40,"The song is an instrumental blues song. The song is medium tempo with a blues harmonica playing a cool melody, walking bass line, guitar accompaniment , steady drumming rhythm and other percussion hits. The song is exciting and groovy. The song has a bad audio quality.","['blues harmonica', 'blues harp', 'harpist', 'instrumental music', 'harmonica player', 'groovy bass line', 'guitar rhythm', 'steady drumming', 'the blues', 'blues progression', 'instrumental music', 'soaring melody', 'bad audio quality', 'blue band', 'walking bass line', 'blues turn around', 'blues legends', 'medium tempo', 'adventurous', 'exciting', 'groovy', 'slow dance', 'passionate', 'spirited']",energetic
train,country,C:\Users\user\Downloads\gnn_bert_music_context\data\processed\graphs\country\country.00086.pkl,C:\Users\user\Downloads\gnn_bert_music_context\data\processed\features\country\country.00086.npy,QSaX7QfeWog,30,40,"This is the live performance of a country music piece. There is a female vocal and two male vocals taking turns and sometimes singing the words at the same time. The melody consists of an electric guitar, an acoustic guitar and a bass guitar while in the rhythmic background there is an acoustic sounding upbeat drum beat. The atmosphere is cozy. There is an easygoing aura to it. This piece could be used in the soundtrack of a movie or a TV show that takes place in rural USA.","['country music', 'female vocal', 'male vocals', 'electric guitar', 'acoustic guitar', 'acoustic sounding drums', 'bass guitar', 'simple tune', 'easygoing', 'cozy', 'joyful', 'upbeat', 'live performance']",energetic
train,metal,C:\Users\user\Downloads\gnn_bert_music_context\data\processed\graphs\metal\metal.00037.pkl,C:\Users\user\Downloads\gnn_bert_music_context\data\processed\features\metal\metal.00037.npy,YvFY7xU2kGk,30,40,"This music is an electric guitar instrumental. The tempo is medium with an enthusiastic lead on the electric guitar.no accompanying instruments are used. The music is loud, emphatic, catchy, intense and powerful like in Rock/ Metal music.","['instrumental', '’ medium tempo', 'electric guitar', 'loud', 'powerful', 'intense', 'catchy', 'no accompaniment', 'intense', 'sonic power', 'external amplification', 'fingers sliding over fret', 'string instrument', 'sound of fingers sliding over the fret', 'external amplification', 'amplified guitar', 'rock', 'metal', 'vibrations']",energetic
train,country,C:\Users\user\Downloads\gnn_bert_music_context\data\processed\graphs\country\country.00027.pkl,C:\Users\user\Downloads\gnn_bert_music_context\data\processed\features\country\country.00027.npy,PwmXO0J-PAA,170,180,"This is an alternative country music piece. There is a male vocal singing melodically with a thick reverb effect applied to it. The main tune is being played by the electric guitar with the bass guitar backing it. The rhythm is being provided by an acoustic drum beat. The atmosphere is easygoing. This piece can be used in the soundtrack of a drama movie, especially during the scenes where a character is trying to break free from an addiction.","['alternative country', 'rock', 'male vocal', 'melodic singing', 'electric guitar', 'bass guitar', 'acoustic drums', 'simple tune', 'easygoing']",calm
train,rock,C:\Users\user\Downloads\gnn_bert_music_context\data\processed\graphs\rock\rock.00076.pkl,C:\Users\user\Downloads\gnn_bert_music_context\data\processed\features\rock\rock.00076.npy,m-e3w2yZ6sM,30,40,"A male singer sings this rock melody. The tempo is medium with a groovy bass line, guitar rhythm , keyboard accompaniment, and heavy rock drumming with cymbals crashing. The song is energetic and passionate. The song is a retro pop-rock song.","['male singer', 'classic rock band', 'cymbals crashing', 'rock band', 'emotional', 'steady drumming rhythm', 'medium tempo', 'guitar rhythm', 'keyboard accompaniment', 'romantic', 'emotional', 'love song', 'energetic', 'youthful', 'passionate', 'retro pop hits', 'percussive bass line']",romantic
train,pop,C:\Users\user\Downloads\gnn_bert_music_context\data\processed\graphs\pop\pop.00056.pkl,C:\Users\user\Downloads\gnn_bert_music_context\data\processed\features\pop\pop.00056.npy,Sa3Ky5sJshU,190,200,"This is an instrumental cover of a J-pop music piece. There is no singer in this piece. The melodic background consists of the keyboard and the bass playing a repeated theme. There is a synth solo with an electric guitar sound being played as the lead. In the rhythmic background, there is a fast tempo electronic drum beat. The atmosphere is danceable and energetic. This piece can be used in the soundtrack of a car racing video game. It could also be used in the soundtrack of an anime during competitive scenes.","['j-pop', 'cover', 'no singer', 'instrumental', 'electric guitar sound', 'guitar solo', 'keyboard', 'synth', 'bass', 'electronic drums', 'repeated theme', 'danceable', 'energetic']",energetic
train,metal,C:\Users\user\Downloads\gnn_bert_music_context\data\processed\graphs\metal\metal.00064.pkl,C:\Users\user\Downloads\gnn_bert_music_context\data\processed\features\metal\metal.00064.npy,G_iJif-fC6E,80,90,"This music is an ominous instrumental. The tempo is slow with a spooky electronic keyboard harmony and menacing bass on the cello. The music is eerie, sinister, frightening, and baleful.","['instrumental', 'slow tempo', 'synthesiser arrangements', 'metal clanging', 'heavy bass', 'intense', 'scary', 'electronic harmony', 'cello bass', 'string instrument', 'cello', 'eerie', 'scary', 'paranormal', 'sinister', 'ominous', 'baleful', 'spooky', 'mesmerising']",dark
train,disco,C:\Users\user\Downloads\gnn_bert_music_context\data\processed\graphs\disco\disco.00012.pkl,C:\Users\user\Downloads\gnn_bert_music_context\data\processed\features\disco\disco.00012.npy,Kt2MwCHV3Ko,30,40,This techno song features a female voice singing the main melody. This is accompanied by programmed percussion playing a techno beat. The kick is played at every count. The hi-hi-hat is played on every 'and' of the count. The bass plays a disco pattern using the root notes of the chords being played. Synth bursts are played in between lines. This song can be played in a club. The audio quality is low.,"['low quality audio', 'techno dance song', 'female voice', 'moderate tempo', 'programmed percussion', 'bass', 'synth bursts']",neutral
train,blues,C:\Users\user\Downloads\gnn_bert_music_context\data\processed\graphs\blues\blues.00028.pkl,C:\Users\user\Downloads\gnn_bert_music_context\data\processed\features\blues\blues.00028.npy,nP05Sf4Fgac,30,40,A blues rock power trio with electric bass and overdriven electric guitar playing a riff together and the drummer playing a backdoor shuffle. It is instrumental with a swung rhythm.,"['blues rock', 'overdriven electric guitar', 'guitar riff', 'bass riff', 'backdoor shuffle', 'electric bass', 'instrumental', 'power trio', 'swung rhythm']",neutral
train,classical,C:\Users\user\Downloads\gnn_bert_music_context\data\processed\graphs\classical\classical.00045.pkl,C:\Users\user\Downloads\gnn_bert_music_context\data\processed\features\classical\classical.00045.npy,ULHPhjaJ6p0,30,40,This audio contains someone playing a complex and fast classical piece of music on a clavicembalo. This song may be playing live at a concert.,"['amateur recording', 'classical', 'clavicembalo', 'fast tempo', 'complex']",energetic
train,jazz,C:\Users\user\Downloads\gnn_bert_music_context\data\processed\graphs\jazz\jazz.00000.pkl,C:\Users\user\Downloads\gnn_bert_music_context\data\processed\features\jazz\jazz.00000.npy,59Mt7J_0KT4,0,10,"This is an intro to a YouTube video. Initially, there is a turntable scratching sound with a shouting sample. Then an upbeat jazz music piece starts playing. There is a piano and a flute playing the melody while a bass guitar plays in the background. The jazz acoustic drum beat provides the rhythm. There is a car engine sound coming from a video gameplay. It is a whole mashup of different sounds.","['youtube channel intro', 'turntable', 'scratching', 'shouting', 'jazz music', 'piano', 'bass guitar', 'flute', 'acoustic drums', 'car engine sound', 'mashup']",energetic
train,hiphop,C:\Users\user\Downloads\gnn_bert_music_context\data\processed\graphs\hiphop\hiphop.00069.pkl,C:\Users\user\Downloads\gnn_bert_music_context\data\processed\features\hiphop\hiphop.00069.npy,IEVVHo9nr7g,30,40,"A male vocalist sings this passionate rap. The tempo is medium with keyboard harmony, slick drumming, funky bass lines , sound of chimes and synthesiser arrangements. The song is emotional, passionate, emphatic, persuasive, youthful, impactful and rhythmic chanting. The song is a contemporary Hip-Hop/RAo.","['male singer', 'medium tempo', 'synthesiser arrangements', 'rhythmic chanting', 'disco rap', 'pop rap', 'hip-hop', 'rap', 'punk rap', 'gangsta rap', 'electronic instruments', 'steady drumming', 'punchy bass', 'intense', 'amplified organ', 'intense organ music', 'sound of picture being clicked', 'chimes', 'digital drum rhythm', 'persuasive', 'emotional', 'passionate', 'story telling', 'rhythmic patter']",energetic
train,blues,C:\Users\user\Downloads\gnn_bert_music_context\data\processed\graphs\blues\blues.00040.pkl,C:\Users\user\Downloads\gnn_bert_music_context\data\processed\features\blues\blues.00040.npy,4bXb6GLm6zg,30,40,This is the live performance of a blues music piece. It is an instrumental performance. The lead electric guitar is playing a blues solo while another electric guitar and a bass guitar are playing in the background. The rhythmic background consists of a slow tempo blues acoustic drum beat. There is a groovy atmosphere to this performance. This piece could be playing in the background at a rock bar.,"['live performance', 'blues', 'instrumental', 'electric guitar', 'guitar solo', 'bass guitar', 'acoustic drums', 'groovy', 'crunchy', 'slow tempo']",calm
train,classical,C:\Users\user\Downloads\gnn_bert_music_context\data\processed\graphs\classical\classical.00024.pkl,C:\Users\user\Downloads\gnn_bert_music_context\data\processed\features\classical\classical.00024.npy,oqMlq2zWr0c,30,40,"This music is a violin instrumental. The tempo is medium fast with the violins going from lively to soft with a romantic piano melody and acoustic guitar accompaniment. The music is orchestral with a dulcet violin symphony. It is pleasant, mellifluous, passionate, romantic; euphonious, emotional, sweet and engaging. This music is a contemporary orchestra .","['instrumental', 'medium fast tempo', 'lively violin', 'classical', 'cello', 'melodious viloin', 'dulcet', 'violin symphony', 'pleasant', 'aesthetic', 'ambient', 'orchestral music', 'euphonious', 'mellifluent', 'sweet', 'romantic piano accompaniment', 'acoustic guitar']",energetic
train,pop,C:\Users\user\Downloads\gnn_bert_music_context\data\processed\graphs\pop\pop.00098.pkl,C:\Users\user\Downloads\gnn_bert_music_context\data\processed\features\pop\pop.00098.npy,1OIfQHKnAcw,20,30,A male singer sings this emotional melody. The song is medium tempo with a piano accompaniment and a strong bass drum kick . The song is emotional and romantic. The song is a home music video .,"['male singer', 'piano accompaniment', 'soloist', 'modern love', 'loneliness', 'breakup song', 'mameluke in love', 'music covers', 'youtube music videos', 'youtube music artist', 'modern pop hits', 'courtship song', 'desperate for you', 'madly in love', 'original song', 'acoustic pop', 'emotional', 'love song', 'sentimental', 'strong bass line', 'keyboard accompaniment']",sad
train,disco,C:\Users\user\Downloads\gnn_bert_music_context\data\processed\graphs\disco\disco.00036.pkl,C:\Users\user\Downloads\gnn_bert_music_context\data\processed\features\disco\disco.00036.npy,ULXbXpLcoVA,30,40,This is a disco/house music piece. There is a male vocal sample and a chopped hollering sample constantly repeating in the beat. The bass sound is fuzzy. The rhythm is provided by a slightly fast tempo electronic drum beat. The atmosphere is energetic. This piece could be played at nightclubs or dance clubs.,"['disco', 'house', 'electronic dance music', 'male vocal sample', 'hollering sample', 'repeated theme', 'fuzzy bass', 'electronic drums', 'energetic', 'club music']",energetic
train,jazz,C:\Users\user\Downloads\gnn_bert_music_context\data\processed\graphs\jazz\jazz.00045.pkl,C:\Users\user\Downloads\gnn_bert_music_context\data\processed\features\jazz\jazz.00045.npy,50fuQm8B2Yg,110,120,This jazz song features a saxophone playing the main melody. This is accompanied by percussion playing a jazz beat. A piano plays jazz chords. The double bass plays the root notes with flourishes and fills. This song is the outro of a song and abruptly pauses. The mood of this song is happy. There are no voices in this song. This is an instrumental song. This song can be played in a luxury bar.,"['jazz song', 'saxophone', 'piano', 'percussion', 'double bass', 'no voice', 'instrumental', 'upbeat', 'moderate tempo', 'outro']",energetic
train,blues,C:\Users\user\Downloads\gnn_bert_music_context\data\processed\graphs\blues\blues.00053.pkl,C:\Users\user\Downloads\gnn_bert_music_context\data\processed\features\blues\blues.00053.npy,hzznbzry5R8,170,180,"The song is an instrumental. The song is medium tempo, with an acoustic guitar playing blues, strong drumming rhythm, walking bass line and keyboard harmony. The song is exciting and has a dance rhythm. The audio quality is poor.","['acoustic guitar lead', 'country blues music', 'poor audio quality', 'instrumental music', 'blues legends', 'blues legends', 'live performance', 'live audience', 'live in concert', 'country blues band', 'retro blues hits', 'bad audio quality', 'strong walking bass', 'blues guitar', 'steady rock drumming', 'exciting', 'enthusiastic', 'retro blues', 'country blues hits', 'emotional', 'enthusiastic', 'groovy music', 'blues dance music']",energetic
train,reggae,C:\Users\user\Downloads\gnn_bert_music_context\data\processed\graphs\reggae\reggae.00040.pkl,C:\Users\user\Downloads\gnn_bert_music_context\data\processed\features\reggae\reggae.00040.npy,qlklggFvAZs,30,40,"This is a contemporary reggae song. The vocalist has a smooth and silky voice, the song sounds romantic and intimate. We hear electric guitar chord stabs on the off-beats which characterise the reggae pop style. There are also licks on the electric guitar and a simple drum beat suitable for laid-back dancing. The song has a tropical feel.","['reggae pop', 'smooth male r&b vocal', 'medium tempo', 'electric guitar licks', 'electric guitar stabs', 'smooth dance', 'tropical']",romantic
train,rock,C:\Users\user\Downloads\gnn_bert_music_context\data\processed\graphs\rock\rock.00099.pkl,C:\Users\user\Downloads\gnn_bert_music_context\data\processed\features\rock\rock.00099.npy,W2EJai-3k2w,130,140,"A female vocalist sings this passionate Rock song. The tempo is medium with infectious electric guitars on lead and harmony, tambourine beats , steady drumming and keyboard accompaniment. The song is intense, passionate, empathic, powerful, persuasive and compelling. This song is Soft Rock.","['female vocalist', 'medium tempo', 'cover song', 'passionate', 'emphatic', 'powerful', 'persuasive', 'compelling', 'tambourine beats', 'lively electric guitar', 'electric guitar lead', 'acoustic guitar harmony', 'keyboard accompaniment', 'emphatic vocals', 'powerful vocals', 'steady drumming', 'rock', 'hard rock', 'pop rock']",energetic
train,hiphop,C:\Users\user\Downloads\gnn_bert_music_context\data\processed\graphs\hiphop\hiphop.00014.pkl,C:\Users\user\Downloads\gnn_bert_music_context\data\processed\features\hiphop\hiphop.00014.npy,RM0RELBtdfc,490,500,"This music is instrumental. The tempo is fast with a synthesiser arrangement. The music is youthful, buoyant, punchy, groovy and futuristic. This music is Synthpop/ Technopop.","['instrumental', 'fast tempo', 'synthesiser arrangement', 'rave', 'hypnotic', 'trance', 'trap music', 'lively', 'youthful', 'electronic music', 'techno music', 'techno pop', 'electro pop', 'club music', 'digital music', 'dj', 'futuristic']",energetic
train,country,C:\Users\user\Downloads\gnn_bert_music_context\data\processed\graphs\country\country.00084.pkl,C:\Users\user\Downloads\gnn_bert_music_context\data\processed\features\country\country.00084.npy,otVPTo72q4w,110,120,"This music is instrumental. The tempo is slow with a harmonious melody of string instruments, percussion and wind instruments which sound like the Indian Sarangi, dhol or madal , shakers and a flute. The music is classical, simple, enchanting and melodic. This song is a Folk song Instrumental.","['instrumental', 'medium tempo', 'flute', 'string instrument', 'cheerful', 'charming', 'classical', 'melodic', 'sarangi', 'madal', 'folk music', 'country music', 'regional music', 'folk song', 'shakers', 'hand percussion']",happy
train,jazz,C:\Users\user\Downloads\gnn_bert_music_context\data\processed\graphs\jazz\jazz.00078.pkl,C:\Users\user\Downloads\gnn_bert_music_context\data\processed\features\jazz\jazz.00078.npy,MrMXYO2fzJ4,140,150,"The low quality recording features a latin jazz song played in the background over which a drums solo is played. The solo consists of shimmering hi hats, punchy snare and kick hits and low tom rolls, while the latin jazz song consists of groovy piano chords and wooden percussion. It sounds energetic and exciting.","['low quality', 'latin jazz', 'groovy piano chords', 'wooden percussion', 'drums solo', 'punchy kick', 'punchy snare', 'low tom roll', 'shimmering hi hats', 'energetic', 'exciting']",energetic
train,hiphop,C:\Users\user\Downloads\gnn_bert_music_context\data\processed\graphs\hiphop\hiphop.00085.pkl,C:\Users\user\Downloads\gnn_bert_music_context\data\processed\features\hiphop\hiphop.00085.npy,KabP9iNokps,30,40,This is a live recording. The percussion is beatboxing and the melodic element of the instrumental is a flute player who plays a low riff which ascends towards the end.,"['live recording', 'low audio quality', 'beatboxing', 'flute', 'hip hop genre', 'low flute riff']",neutral
train,classical,C:\Users\user\Downloads\gnn_bert_music_context\data\processed\graphs\classical\classical.00038.pkl,C:\Users\user\Downloads\gnn_bert_music_context\data\processed\features\classical\classical.00038.npy,9WzzYYWpeyA,130,140,Here we have a quartet of clarinet players playing a classical piece. One of them plays a rapidly ascending melodic motif. The others play sustained notes ranging from bass to alto which provide a support for the melody.,"['quartet', 'clarinet', 'woodwind instruments', 'bass clarinet', 'alto clarinet', 'harmonious classical music', 'synchronous playing', 'rapid ascending melody']",neutral
train,classical,C:\Users\user\Downloads\gnn_bert_music_context\data\processed\graphs\classical\classical.00065.pkl,C:\Users\user\Downloads\gnn_bert_music_context\data\processed\features\classical\classical.00065.npy,Bx726MYz6Uo,30,40,A male singer sings this spirited Latin vocal. The song is fast tempo with slick guitar strumming and percussive guitar accompaniment. The song is romantic and steeped in rich Latin classical music traditions. The song is about a Latin street musician playing folk music. The recording is of average quality.,"['male singer', 'latin singer', 'average audio quality', 'fast tempo', 'groovy tempo', 'fast guitar strumming', 'guitar accompaniment', 'groovy music', 'romantic', 'emotional', 'passionate', 'spirited', 'passionate singing', 'spirited singing', 'flamenco guitar', 'live performance', 'street musician', 'passionate music', 'traditional latin music', 'folk singer', 'folk music']",energetic
train,disco,C:\Users\user\Downloads\gnn_bert_music_context\data\processed\graphs\disco\disco.00083.pkl,C:\Users\user\Downloads\gnn_bert_music_context\data\processed\features\disco\disco.00083.npy,x1S2oreZBWU,30,40,This is an R&B/disco funk music piece. There are multiple layers of a female vocalist singing melodically. The melody is being played by the electric guitar while the bass guitar is playing a groovy bass line. There is a funky acoustic drum beat in the background. The atmosphere is hip and the piece is very danceable. The piece could be playing for a 70s night at a dance club.,"['r&b', 'disco funk', 'female vocal', 'melodic singing', 'electric guitar', 'bass guitar', 'acoustic drums', 'groovy', 'hip', 'danceable']",energetic
train,pop,C:\Users\user\Downloads\gnn_bert_music_context\data\processed\graphs\pop\pop.00065.pkl,C:\Users\user\Downloads\gnn_bert_music_context\data\processed\features\pop\pop.00065.npy,ltZCJ7aPtO0,30,40,"An acoustic piano is playing a ballad with a lot of chord changes and a male voice singing in the higher register. The whole song sounds slightly sad or sensitive. The audio-quality is very bad, it is not very clear to hear if there are other instruments playing in the background. Also is the recording full of big reverb as being played in a big hall. This song may be playing at a live concert.","['pop/ballad', 'acoustic piano', 'male higher singing voice']",sad
train,blues,C:\Users\user\Downloads\gnn_bert_music_context\data\processed\graphs\blues\blues.00085.pkl,C:\Users\user\Downloads\gnn_bert_music_context\data\processed\features\blues\blues.00085.npy,2sIfE3KOi5s,30,40,"This music is instrumental. The tempo is fast with trumpet harmony, keyboard accompaniment, infectious drumming, syncopated, funky bass lines, lively piano and electric and acoustic guitar riffs. The music is upbeat, groovy, complex harmony, ambient, soulful and funky. This song is Funk Soul;","['instrumental', 'fast tempo', 'rock', 'blues', 'trumpets', 'lively spirited', 'complex harmony', 'complex chords', 'cymbal rides', 'dance groove', 'peppy', 'perky', 'vivacious', 'keyboard harmony', 'piano accompaniment', 'groovy bass lines', 'acoustic guitar', 'electric guitar', 'slick drumming', 'trumpets', 'lively', 'ambient', 'soothing', 'improvisation', 'soul', 'funk/soul', 'rhythmic', 'dance groove', 'syncopated bass lines', 'rhythmic counter play', 'infectious drum grooves']",energetic
train,reggae,C:\Users\user\Downloads\gnn_bert_music_context\data\processed\graphs\reggae\reggae.00076.pkl,C:\Users\user\Downloads\gnn_bert_music_context\data\processed\features\reggae\reggae.00076.npy,HMQfp_qtF-M,220,230,Someone is beatboxing a reggaeton beat. In the background you can hear the crowd clapping and cheering. This song may be playing live as part of a beatbox performance.,"['amateur recording', 'beatbox', 'crowd clapping', 'cheering', 'uptempo']",energetic
train,pop,C:\Users\user\Downloads\gnn_bert_music_context\data\processed\graphs\pop\pop.00024.pkl,C:\Users\user\Downloads\gnn_bert_music_context\data\processed\features\pop\pop.00024.npy,M7GSBDc6s_w,340,350,Strings are playing a soft chord melody along to a a sitar supporting the male and female voice singing together. A digital soft and round kick drum sound is holding the rhythm together with another guitar-like sounding instrument. The instruments are spread across the two sides of the speakers. This song may be playing in a meditation group singing along.,"['hindipop/meditation', 'citar', 'kick drum', 'string sounds', 'male and female voice singing', 'uptempo']",energetic
train,hiphop,C:\Users\user\Downloads\gnn_bert_music_context\data\processed\graphs\hiphop\hiphop.00078.pkl,C:\Users\user\Downloads\gnn_bert_music_context\data\processed\features\hiphop\hiphop.00078.npy,YJKZVSvz1Bk,100,110,"This music is instrumental. The tempo is medium fast with boomy bass, turntable scratching and digitally arranged music. The music is muffled as the audio quality is inferior but the beats are punchy, buoyant, bouncy, youthful, groovy and energetic. This music is a turntable scratching technique.","['instrumental', 'medium fast tempo', 'boomy', 'live performance', 'live audience', 'ambient sounds', 'reverb', 'resonating', 'robotic sounds', 'turn table', 'scratching', 'dj', 'dj mixer', 'club music', 'pulsating', 'vibrations', 'booming', 'vinyl record scratching', 'youthful', 'new age music', 'techno music', 'electro music', 'percussive sounds', 'rhythmic', 'turntablist', 'hip-hop', 'rap']",energetic
train,jazz,C:\Users\user\Downloads\gnn_bert_music_context\data\processed\graphs\jazz\jazz.00081.pkl,C:\Users\user\Downloads\gnn_bert_music_context\data\processed\features\jazz\jazz.00081.npy,8sSV_vqOlS4,250,260,"The low quality recording features a jazz song that consists of a saxophone solo melody played over groovy piano, groovy double bass, shimmering hi hats and punchy snare. It sounds passionate and soulful, even though the recording is noisy and in mono.","['low quality', 'noisy', 'mono', 'jazz', 'saxophone solo melody', 'shimmering hi hats', 'groovy piano', 'groovy double bass', 'passionate', 'soulful', 'punchy snare']",romantic
train,classical,C:\Users\user\Downloads\gnn_bert_music_context\data\processed\graphs\classical\classical.00000.pkl,C:\Users\user\Downloads\gnn_bert_music_context\data\processed\features\classical\classical.00000.npy,A2WdjyKQ57A,130,140,This is the live performance of a classical music piece. The piece is being performed with a harpsichord. It is in the minor key. The piece is medieval sounding. It could fit perfectly in the soundtrack of a historical drama that takes place in the medieval era.,"['classical music', 'live performance', 'baroque', 'harpsichord', 'medieval sounding']",neutral
train,hiphop,C:\Users\user\Downloads\gnn_bert_music_context\data\processed\graphs\hiphop\hiphop.00023.pkl,C:\Users\user\Downloads\gnn_bert_music_context\data\processed\features\hiphop\hiphop.00023.npy,Yz1DrC54UGk,190,200,This song contains a acoustic drums running through a filter playing along with a tambourine. A e-guitar is playing a short repeating melody. A e-bass is first playing with a effect and then clean when a brass section comes in. This song may be playing with headphones while running on a sunny day.,"['hiphop/breakbeats', 'e-bass', 'e-guitar', 'acoustic drums', 'tambourine', 'brass section', 'upbeat', 'uplifting energy']",happy
train,metal,C:\Users\user\Downloads\gnn_bert_music_context\data\processed\graphs\metal\metal.00058.pkl,C:\Users\user\Downloads\gnn_bert_music_context\data\processed\features\metal\metal.00058.npy,HplcVmJhuIc,40,50,"This is the background track of a challenge video. Many sound effects can be heard in procession such as the blood pulse, a metallic impact and clock ticking. Then the piece starts playing with loud synth bass and an electronic drum beat. The aura of the track is unnerving and violent which was the reaction expected in the challenge. Some parts of this track can be used to lift samples for a beat.","['sound effects', 'pulse', 'impact', 'synth bass', 'electronic drums', 'tick tock', 'unnerving', 'uneasy', 'violent']",dark
train,rock,C:\Users\user\Downloads\gnn_bert_music_context\data\processed\graphs\rock\rock.00080.pkl,C:\Users\user\Downloads\gnn_bert_music_context\data\processed\features\rock\rock.00080.npy,UtZofZjccBs,290,300,The drums are playing the kick along with an e-bass. Then 16th notes come in played on a hihat. A male singer with a higher register voice is singing loudly. The song seems to be building up before breaking into the next part. This song may be playing cruising down a hill with a skateboard.,"['pop/rock', 'e-bass', 'acoustic drums', 'background noises', 'male voice', 'higher register', 'singing', 'medium to uptempo']",energetic
train,jazz,C:\Users\user\Downloads\gnn_bert_music_context\data\processed\graphs\jazz\jazz.00019.pkl,C:\Users\user\Downloads\gnn_bert_music_context\data\processed\features\jazz\jazz.00019.npy,588osm3C4bw,30,40,"The low quality recording features a live performance of a jazz song that consists of a clarinet solo melody played over groovy piano, mellow brass melody, shimmering hi hats and mellow kick hits. It sounds emotional, easygoing and chill.","['low quality', 'live performance', 'jazz', 'clarinet solo melody', 'mellow brass melody', 'groovy piano melody', 'shimmering hi hats', 'mellow kick hits', 'passionate', 'emotional', 'easygoing', 'chill']",calm
train,pop,C:\Users\user\Downloads\gnn_bert_music_context\data\processed\graphs\pop\pop.00075.pkl,C:\Users\user\Downloads\gnn_bert_music_context\data\processed\features\pop\pop.00075.npy,zGBKakEGSyc,30,40,"The low quality recording features a pop song that consists passionate female vocal, alongside wide harmonizing female vocals, singing over hypnotic synth lead melody, mellow piano chords, punchy snare, bouncy syncopated snare hits, punchy kick hits, groovy bass, staccato violin melody, wide toms roll and shimmering hi hats. It sounds happy, fun and uplifting - like something you would hear on a radio.","['low quality', 'passionate female vocal', 'wide harmonizing female vocals', 'pop', 'hypnotic synth lead melody', 'punchy snare', 'bouncy snare', 'punchy kick', 'groovy bass', 'mellow piano chords', 'staccato violin melody', 'shimmering hi hats', 'wide toms roll', 'happy', 'fun', 'uplifting']",romantic
train,hiphop,C:\Users\user\Downloads\gnn_bert_music_context\data\processed\graphs\hiphop\hiphop.00010.pkl,C:\Users\user\Downloads\gnn_bert_music_context\data\processed\features\hiphop\hiphop.00010.npy,PFX2OO75sRQ,30,40,"The Hip Hop/Rap song features a flat male vocal with filtered, background male vocals, rapping over repetitive plucked synth melody and addictive synth lead melody, followed by distorted 808 bass, snaps and some offbeat hi hats. The whole sound is distorted and everything is in mono, which makes the song low quality.","['hip hop/rap', 'repetitive plucked synth melody', 'snaps', 'flat male vocal', 'background filtered male vocals', 'distorted 808 bass', 'addictive synth lead melody', 'low quality', 'mono', 'offbeat hi hats']",neutral
train,hiphop,C:\Users\user\Downloads\gnn_bert_music_context\data\processed\graphs\hiphop\hiphop.00009.pkl,C:\Users\user\Downloads\gnn_bert_music_context\data\processed\features\hiphop\hiphop.00009.npy,LWIHz5kao3g,30,40,"This is a hip hop song which features a young and energetic rapper who raps his lines with passion. The instrumental is minimal, and features a high pitched percussive type of synth which has a transient element. Then we hear a deep 808 sub bass. There's a snare once a bar throughout the clip.","['hip hop', 'minimal percussion', 'young energetic rapper', 'deep 808 bass', 'sub bass', 'punchy bass', 'high pitched staccato synth melody', 'clapping hands', 'confident rapper']",energetic
train,blues,C:\Users\user\Downloads\gnn_bert_music_context\data\processed\graphs\blues\blues.00042.pkl,C:\Users\user\Downloads\gnn_bert_music_context\data\processed\features\blues\blues.00042.npy,O40E8bpmONQ,30,40,This ska song features a flute playing the main melody. Other flutes play staccato notes in the background. This is backed by trumpets playing chords in the background. The percussion plays a simple beat in common time. The double bass plays a 12-bar blues style bassline. There are no voices in this song. This is an instrumental. This song can be played at a Broadway event.,"['ska song', 'flute', 'trumpets', 'double bass', 'percussion', 'no voices', 'instrumental', 'moderate tempo']",neutral
train,classical,C:\Users\user\Downloads\gnn_bert_music_context\data\processed\graphs\classical\classical.00082.pkl,C:\Users\user\Downloads\gnn_bert_music_context\data\processed\features\classical\classical.00082.npy,w_z9oSn-eIM,280,290,This is a classical music performance. The piece is played by a classical piano which is complex with rising and falling sequences. The atmosphere is filled with emotion and passion. This heart-touching piece could certainly be used in the soundtrack of a drama movie or a TV show.,"['classical', 'piano', 'live performance', 'emotional', 'passionate', 'heart-touching']",romantic
train,blues,C:\Users\user\Downloads\gnn_bert_music_context\data\processed\graphs\blues\blues.00094.pkl,C:\Users\user\Downloads\gnn_bert_music_context\data\processed\features\blues\blues.00094.npy,Qe71m678qEU,30,40,This amateur recording features an overdriven guitar playing the main melody. This is a low quality recording and the volumes of the instruments are not professionally mixed. The overdriven guitar is loud. A piano plays a couple of notes in the beginning. The guitar is accompanied by percussion playing a simple beat in the background. The bass plays a blues style bassline. The tempo of this song is slow. The song is based on blues style.,"['amateur recording', 'blues melody', 'overdriven guitar', 'vibrato', 'blues bassline', 'simple percussion', 'slow tempo', 'no voice', 'instrumental', 'piano notes']",calm
train,metal,C:\Users\user\Downloads\gnn_bert_music_context\data\processed\graphs\metal\metal.00085.pkl,C:\Users\user\Downloads\gnn_bert_music_context\data\processed\features\metal\metal.00085.npy,ZOzavOPeuJQ,100,110,"The low quality recording features a metal song that contains a flat male vocal, alongside harmonizing high pitched female vocal, singing over punchy kick and snare hits, shimmering hi hats, distorted bass guitar, mellow synth bells melody and groovy wide electric guitar riff. It sounds energetic, groovy, aggressive.","['low quality', 'metal', 'flat male vocal', 'harmonizing high pitched female vocal', 'punchy kick', 'punchy snare', 'distorted bass guitar', 'groovy wide electric guitar riff', 'shimmering hi hats', 'aggressive', 'groovy', 'energetic', 'mellow synth bells melody']",energetic
train,jazz,C:\Users\user\Downloads\gnn_bert_music_context\data\processed\graphs\jazz\jazz.00053.pkl,C:\Users\user\Downloads\gnn_bert_music_context\data\processed\features\jazz\jazz.00053.npy,476vNb6thyM,30,40,"The low quality recording features a jazzy electric guitar melody. The recording is noisy and it is in mono - regardless, it sounds calming and relaxing.","['jazzy electric guitar melody', 'low quality', 'mono', 'noisy', 'calming', 'relaxing']",calm
train,pop,C:\Users\user\Downloads\gnn_bert_music_context\data\processed\graphs\pop\pop.00003.pkl,C:\Users\user\Downloads\gnn_bert_music_context\data\processed\features\pop\pop.00003.npy,OEjgIDubFbg,350,360,"A female singer sang this pop melody with female backup singers in vocal harmony. The song is fast tempo with various percussion instruments, but with a steady drumming rhythm, percussive bass line, guitar rhythm and keyboard accompaniment . The song is youthful and a  party dance song. The song's audio quality is poor.","['female singer', 'advertisement soundtrack', 'fast tempo', 'romantic', 'in love with you', 'dancing with you', 'together always', 'backup singers', 'vocal harmony', 'pop song', 'pop dance hit', 'percussive bass line', 'groovy drumming rhythm', 'percussion hits', 'party night', 'dj', 'dance club', 'dance floor', 'spirited', 'energetic', 'beach party', 'keyboard accompaniment poor audio quality']",energetic
train,rock,C:\Users\user\Downloads\gnn_bert_music_context\data\processed\graphs\rock\rock.00068.pkl,C:\Users\user\Downloads\gnn_bert_music_context\data\processed\features\rock\rock.00068.npy,ao-TFiShaWU,120,130,"This is an acoustic indie rock piece. There is a male vocalist singing gently in the Thai language. An acoustic guitar plays the main tune while a bass guitar is in the background. There is a piano that starts out by supporting the melody, but then wanders towards off-key notes, creating an air of conflict. The atmosphere is melancholic. This piece can be used in the soundtrack of a drama movie/TV show that takes place in Thailand.","['acoustic', 'indie rock', 'male vocal', 'acoustic guitar', 'bass guitar', 'off-key piano', 'acoustic drums', 'gentle', 'easygoing', 'melancholic', 'thai']",calm
train,pop,C:\Users\user\Downloads\gnn_bert_music_context\data\processed\graphs\pop\pop.00041.pkl,C:\Users\user\Downloads\gnn_bert_music_context\data\processed\features\pop\pop.00041.npy,5gh5H0QqJl0,0,10,Here we have a pop R&B song with a piano arpeggio and guitar strumming as the lead melodic components in the instrumental. A rapper then utters a few words in his raspy and strong voice. We then hear subtle soulful backing vocals. The song is emotional.,"['piano melody', 'piano motif', 'guitar strumming', 'repeated piano arpeggio', 'raspy male rap vocal', 'spoken word', 'female soulful vocal', 'emotional song']",sad
train,rock,C:\Users\user\Downloads\gnn_bert_music_context\data\processed\graphs\rock\rock.00081.pkl,C:\Users\user\Downloads\gnn_bert_music_context\data\processed\features\rock\rock.00081.npy,VjXt63pqUgw,20,30,"This music section is instrumental. The tempo is slow with an amplified instrument playing a monotone Note with hollow sounds. The music is eerie, creepy, sinister, scary, spooky, mysterious, ominous, ambient and supernatural. This music is Goth Rock.","['eerie sound', 'instrumental', 'amplified organ evil', 'goth rock', 'ominous', 'ambient', 'unnatural', 'horrorifying', 'hair raising', 'spine chilling', 'spooky', 'sound of silence', 'hollow sound', 'sinister']",dark
train,disco,C:\Users\user\Downloads\gnn_bert_music_context\data\processed\graphs\disco\disco.00070.pkl,C:\Users\user\Downloads\gnn_bert_music_context\data\processed\features\disco\disco.00070.npy,u0lm58cet1g,210,220,"This is a pop/disco music piece. There is a male vocalist singing melodically in the lead while the main tune is being played by the saxophone. In the rhythmic background, there is an electronic drum beat with percussive elements surrounding it. The atmosphere is energetic and danceable. This piece could be playing in the background at a dance club during a retro-themed night.","['pop music', 'disco', 'male vocal', 'melodic singing', 'saxophone', 'electronic drums', 'percussion', 'energetic', 'danceable', 'upbeat']",energetic
train,disco,C:\Users\user\Downloads\gnn_bert_music_context\data\processed\graphs\disco\disco.00009.pkl,C:\Users\user\Downloads\gnn_bert_music_context\data\processed\features\disco\disco.00009.npy,LfvdxSBCtFE,30,40,This is an 80s electronic music piece. The rhythmic background consists of a disco electronic drum beat with frequent tom fills. There is a keyboard playing the main tune while a bass and an evolving synth are in the background. The atmosphere of this piece is groovy. This piece could be used at retro-themed nightclubs and parties. It could also be used in the soundtrack of an 80s movie or a TV show.,"['electronic', 'jazz-funk', 'disco', 'electronic drums', 'keyboards', 'bass', 'evolving', '80s', 'danceable', 'groovy', 'retro', 'old-fashioned']",energetic
train,disco,C:\Users\user\Downloads\gnn_bert_music_context\data\processed\graphs\disco\disco.00069.pkl,C:\Users\user\Downloads\gnn_bert_music_context\data\processed\features\disco\disco.00069.npy,9JeN1ld-3fY,280,290,"This is a funky disco song. A song like this would be suitable for an eighties themed dance party. It has a groovy bassline, upbeat rhythmic percussion, and vibrant brass motifs. The singer sounds charming and energetic. The background singers are soulful and sharp on the beat with their vocals - they sing their notes almost in staccato, so that they can stay close to the beat and keep the song feeling groovy.","['funky song', 'disco style', 'upbeat', 'dance', 'groovy bassline', 'eighties', 'vibrant', 'soulful', 'funky background vocals', 'charismatic male lead vocals', 'brass instruments', 'trumpet', 'calm electric piano']",energetic
train,reggae,C:\Users\user\Downloads\gnn_bert_music_context\data\processed\graphs\reggae\reggae.00045.pkl,C:\Users\user\Downloads\gnn_bert_music_context\data\processed\features\reggae\reggae.00045.npy,JFGNmPzPXeA,30,40,Someone is playing an acoustic drum groove with a snare that uses reverb. An e-bass is playing a sub bassline. An e-guitar is strumming short rhythmic chords on the backbeat giving this music its reggae vibe. A keyboard is playing a sound in the mid range and another keyboard responds with a countermelody playing a melody using a brass sound. In the background you can hear people talking. This song may be playing live at a festival.,"['amateur recording', 'reggae', 'acoustic drums', 'e-guitar', 'e-bass', 'piano', 'medium tempo', 'laid back energy']",neutral
train,rock,C:\Users\user\Downloads\gnn_bert_music_context\data\processed\graphs\rock\rock.00082.pkl,C:\Users\user\Downloads\gnn_bert_music_context\data\processed\features\rock\rock.00082.npy,R4b_-IT43P4,30,40,"The song is an instrumental. The song is medium tempo with an amplified guitar solo lead, complete with knob flicking tones. The song is loud and energetic. The audio quality is poor and recorded live at home.","['electric guitar lead', 'poor audio quality', 'rock solo', 'guitar amplifier', 'home music video', 'guitar tone test demo', 'medium tempo', 'rock guitar lead', 'tremolo tones', 'echo tones', 'amplifier knob flicks', 'loud music', 'emotional', 'passionate', 'exciting', 'medium tempo', 'guitar licks']",energetic
train,hiphop,C:\Users\user\Downloads\gnn_bert_music_context\data\processed\graphs\hiphop\hiphop.00041.pkl,C:\Users\user\Downloads\gnn_bert_music_context\data\processed\features\hiphop\hiphop.00041.npy,ovVrS-q3Rzk,30,40,"This is a clip containing vinyl or deck scratching. The DJ manipulates the deck back and forth to create scratching sound effects which have a melodic and percussive type of vibe. There's a mellow synth on which a simple progression is being played, and a simple hip hop drum beat is being played.","['deck scratching', 'vinyl scratching', 'vocal manipulation', 'hip hop beat', 'mellow', 'dj skill', 'bright synth', 'simple hip hop drum beat']",calm
train,classical,C:\Users\user\Downloads\gnn_bert_music_context\data\processed\graphs\classical\classical.00084.pkl,C:\Users\user\Downloads\gnn_bert_music_context\data\processed\features\classical\classical.00084.npy,nVSDv46ARvY,70,80,"The low quality recording features a live performance of a classical song that consists of an arpeggiated harp melody and breathy flute melody. It sounds soulful, emotional and passionate.","['classical', 'live performance', 'low quality', 'breathy flute melody', 'arpeggiated harp melody', 'emotional', 'passionate', 'soulful']",romantic
train,disco,C:\Users\user\Downloads\gnn_bert_music_context\data\processed\graphs\disco\disco.00044.pkl,C:\Users\user\Downloads\gnn_bert_music_context\data\processed\features\disco\disco.00044.npy,WFPGA_BYkKU,30,40,"This song is an instrumental. The tempo is slow with the music starting with the sound of blasts,sinister melody of chimes , muddled sounds,sound of water or bubbles, and synthesised arrangements with beeps at the end of this clip.It is animated, sinister, chaotic with discordant music.","['instrumental', 'slow tempo', 'chimes', 'discordant music', 'animated', 'eerie', 'dangerous', 'sound of water', 'bubbles', 'keyboard riff', 'synthesised sounds', 'sinister chime melody', 'video game sounds', 'sound of blast', 'dissonant music', 'inharmonious']",dark
train,metal,C:\Users\user\Downloads\gnn_bert_music_context\data\processed\graphs\metal\metal.00004.pkl,C:\Users\user\Downloads\gnn_bert_music_context\data\processed\features\metal\metal.00004.npy,H_5wh4aMQe0,270,280,"The low quality recording features a groovy orchestra percussions, sustained strings melody and shimmering hi hats. In the second half of the loop, there is a wind sound effect, followed by loud metallic impact. It sounds glorious, epic, uplifting and like a sync sound for a video game.","['low quality', 'uplifting', 'sustained strings melody', 'groovy orchestra percussions', 'shimmering hi hats', 'loud metallic impact', 'plucked harp melody', 'wind sound effect', 'glorious', 'epic']",happy
train,pop,C:\Users\user\Downloads\gnn_bert_music_context\data\processed\graphs\pop\pop.00068.pkl,C:\Users\user\Downloads\gnn_bert_music_context\data\processed\features\pop\pop.00068.npy,WcC9sKxJ1gI,10,20,This is a clip featuring a motif from an instrument that sounds a little like a theremin whistle. There is a fuzzy quality to the instrument as well. This song feels like an eighties pop style song.,"['theremin whistle', 'fuzzy sounding instrument', 'eighties pop style', 'slow tempo', 'ethereal']",calm
train,metal,C:\Users\user\Downloads\gnn_bert_music_context\data\processed\graphs\metal\metal.00072.pkl,C:\Users\user\Downloads\gnn_bert_music_context\data\processed\features\metal\metal.00072.npy,JxwRvkjNJQ0,150,160,This heavy metal song features a male voice singing at a distance in the background. Distortion guitars play a riff and end with a power chord. This is accompanied by percussion playing an aggressive metal beat. The bass follows the rhythm guitar for the beginning of the song and later plays licks while the notes of the distortion guitars are sustained. The mood of this song is aggressive. This song can be played on the entrance of a WWE star into the arena.,"['heavy metal', 'male voices', 'distortion guitar', 'bassline', 'simple percussion', 'aggressive voice', 'aggressive mood', 'moderate tempo']",energetic
train,blues,C:\Users\user\Downloads\gnn_bert_music_context\data\processed\graphs\blues\blues.00046.pkl,C:\Users\user\Downloads\gnn_bert_music_context\data\processed\features\blues\blues.00046.npy,AEwkS57P4eE,30,40,"The low quality recording features a blues song that consists of passionate male vocal singing over groovy piano chords, brass melody, whistling melody and smooth bass. It sounds vintage and thus nostalgic and sentimental. The recording is very noisy.","['low quality', 'blues', 'mono', 'noisy', 'passionate male vocal', 'groovy piano chords', 'whistling', 'brass melody', 'smooth bass', 'vintage', 'nostalgic', 'sentimental']",romantic
train,jazz,C:\Users\user\Downloads\gnn_bert_music_context\data\processed\graphs\jazz\jazz.00049.pkl,C:\Users\user\Downloads\gnn_bert_music_context\data\processed\features\jazz\jazz.00049.npy,IL1n6jzABVw,260,270,This audio contains someone playing a fast melody on a tenor saxophone. This song may be playing in a jazz band.,"['amateur recording', 'tenor saxophone', 'fast melody']",energetic
train,disco,C:\Users\user\Downloads\gnn_bert_music_context\data\processed\graphs\disco\disco.00099.pkl,C:\Users\user\Downloads\gnn_bert_music_context\data\processed\features\disco\disco.00099.npy,u9n4R78UBtA,30,40,"This music is an electronic instrumental. The tempo is fast with atmospheric synthesiser, digital drum arrangements and an insistent, recurring female vocalisation. The music is upbeat, youthful, trance, trippy, hypnotic, psychedelic, incessant, and enthusiastic EDM/Synth Pop.","['instrumental', 'fast tempo', 'female vocalisation', 'electronic music', 'digital drumming', 'atmospheric synthesiser', 'edm', 'club music', 'dance music', 'dj', 'dj mixer', 'elctronic beats', 'youthful', 'enthusiastic', 'trippy', 'trance', 'hypnotic', 'enigmatic', 'trance music', 'psychedelic', 'disco pop', 'contemporary pop', 'electro pop', 'synth pop', 'upbeat', 'dance groove']",energetic
train,blues,C:\Users\user\Downloads\gnn_bert_music_context\data\processed\graphs\blues\blues.00019.pkl,C:\Users\user\Downloads\gnn_bert_music_context\data\processed\features\blues\blues.00019.npy,QIjShFhrp6w,113,123,This is an instrumental blues music piece. A clean electric guitar is playing a groovy solo while the bass guitar plays in the background. The acoustic drums are playing a slow tempo blues beat. The piece has a relaxing atmosphere. It could be playing in the background at a rock bar. This piece could also be playing in the soundtrack of a romantic movie especially during flirting scenes.,"['blues', 'no singer', 'instrumental', 'clean electric guitar', 'guitar solo', 'bass guitar', 'acoustic drums', 'groovy', 'chill', 'relaxing', 'easygoing', 'slow tempo']",calm
train,jazz,C:\Users\user\Downloads\gnn_bert_music_context\data\processed\graphs\jazz\jazz.00084.pkl,C:\Users\user\Downloads\gnn_bert_music_context\data\processed\features\jazz\jazz.00084.npy,aXDgw2fLHAA,70,80,"This clip features two jazzy songs. The first one has a fast paced melody that's led by an electric guitar which plays intricate solos. The next song is led by a clarinet, it's more slow-paced and bouncy.","['jazz', 'clarinet', 'fast bass playing', 'upbeat jazzy music', 'intricate electric guitar licks', 'fast paced electric guitar arpeggios', 'piano chords', 'simple jazzy drum beat', 'speaking man']",energetic
train,pop,C:\Users\user\Downloads\gnn_bert_music_context\data\processed\graphs\pop\pop.00015.pkl,C:\Users\user\Downloads\gnn_bert_music_context\data\processed\features\pop\pop.00015.npy,S7rP6coeLTY,40,50,"A male vocalist sings this  energetic song. The tempo  is fast with synthesiser arrangements, punchy digital drumming, tambourine beats and keyboard harmony. The music is upbeat, punchy, groovy, youthful, buoyant and exciting. This song is Synth Pop.","['male vocalist', 'fast tempo', 'energetic drums', 'synth pop', 'buoyant', 'tambourine beats', 'digital drum', 'synthesiser arrangements', 'keyboard harmony', 'energetic vocal backup', 'dj', 'dj mixer', 'dance pop', 'dance music', 'club music', 'youthful', 'enthusiastic', 'vivacious']",energetic
train,pop,C:\Users\user\Downloads\gnn_bert_music_context\data\processed\graphs\pop\pop.00006.pkl,C:\Users\user\Downloads\gnn_bert_music_context\data\processed\features\pop\pop.00006.npy,Eop_sG9FVgA,30,40,"A female vocalist sings this enigmatic electro pop. The tempo is medium with synthesiser arrangements and electronic music layers. The vocals are monotone, incessant and droning like the music and have a hypnotic, trance like vibe. The song is youthful, ambient, enigmatic and meditative.","['female vocalist', 'medium tempo', 'electronic music', 'psychedelic', 'incessant', 'droning rhythm', 'synthesiser articulation', 'beeping', 'video game like electronic beep', 'minimalist', 'ambient', 'meditative', 'hypnotic', 'psychedelic', 'incessant', 'world music', 'enigmatic', 'charming', 'electronica', 'edm', 'synth pop']",neutral
train,hiphop,C:\Users\user\Downloads\gnn_bert_music_context\data\processed\graphs\hiphop\hiphop.00053.pkl,C:\Users\user\Downloads\gnn_bert_music_context\data\processed\features\hiphop\hiphop.00053.npy,TZGDukKAVS8,240,250,"Here we have an early 2000s hip hop song which features a grungy guitar and a high pitched synth riff. The recording is done live, and thus the poor audio quality. There is a lower bass-synth which has the characteristics of a trumpet and a repeated riff is played on it.","['hip hop', 'hip hop drum pattern', 'low trumpet-like synth', 'high pitched string-synth', 'hi-hats', 'live recording', 'low audio quality', 'grungy electric guitar chord strumming', '2000s hip hop']",neutral
train,blues,C:\Users\user\Downloads\gnn_bert_music_context\data\processed\graphs\blues\blues.00038.pkl,C:\Users\user\Downloads\gnn_bert_music_context\data\processed\features\blues\blues.00038.npy,JCfZpSEH77Y,380,390,"The low quality recording features a blues song that consists of a passionate fruity male vocal singing over harmonica licks, acoustic rhythm guitar, groovy bass and steel guitar melody. It sounds passionate and soulful. The recording is noisy and since the bass sound is leaning towards the right channel of the stereo image - the stereo image is unbalanced.","['low quality', 'blues', 'passionate fruity male vocal', 'harmonica licks', 'acoustic rhythm guitar', 'steel guitar melody', 'passionate', 'soulful', 'groovy bass', 'unbalanced stereo', 'noisy']",romantic
train,metal,C:\Users\user\Downloads\gnn_bert_music_context\data\processed\graphs\metal\metal.00093.pkl,C:\Users\user\Downloads\gnn_bert_music_context\data\processed\features\metal\metal.00093.npy,Rhn6K9HCbC8,340,350,"A male vocalist sings this passionate metal song. The tempo is medium fast with keyboard accompaniment, steady drumming and bass lines, electric guitar , sound of siren and vocal backup. The lead vocals are loud, passionate , volatile, hysterical ,disturbed,emphatic,sad, emotional, painful, disappointed and hurt. This song is Heavy/Goth Metal.","['male vocalist', 'medium fast tempo', 'loud', 'disturbing', 'crazy', 'screaming', 'metal', 'heavy metal', 'goth rock', 'ambulance siren', 'police van siren', 'vocal backup', 'keyboard accompaniment', 'steady drumming', 'intense', 'passionate', 'aggressive', 'volatile', 'vigorous', 'steady bass line', 'pain', 'hurt', 'mania', 'psychopath', 'hysteria']",energetic
train,hiphop,C:\Users\user\Downloads\gnn_bert_music_context\data\processed\graphs\hiphop\hiphop.00036.pkl,C:\Users\user\Downloads\gnn_bert_music_context\data\processed\features\hiphop\hiphop.00036.npy,ZnBvXFDWpWo,50,60,"Instrumental modern hip hop beat featuring a clap, low kick, and record scratching with virtuosity.","['record scratching', 'virtuosity', 'hip hop beat', 'instrumental', 'modern production', 'low kick', 'clap']",neutral
train,disco,C:\Users\user\Downloads\gnn_bert_music_context\data\processed\graphs\disco\disco.00016.pkl,C:\Users\user\Downloads\gnn_bert_music_context\data\processed\features\disco\disco.00016.npy,hDsA_ky9Hfw,30,40,"The song is an upbeat, soulful song which has a motif repeated on a woodwind instrument. The song would be suitable for some mellow dancing. The singer has a raspy voice.","['electric guitar strumming', 'woodwind instrument', 'dance music', 'upbeat', 'groovy', 'soulful pop', 'classic soul', 'disco soul', 'raspy female vocal']",energetic
train,metal,C:\Users\user\Downloads\gnn_bert_music_context\data\processed\graphs\metal\metal.00047.pkl,C:\Users\user\Downloads\gnn_bert_music_context\data\processed\features\metal\metal.00047.npy,c3T1gWSVp6c,140,150,"The low quality recording features a regional Mexican song that consists of a passionate male vocal singing over brass melody, wooden percussions, tinny metallic percussions, groovy piano melody and groovy bass. It sounds joyful, happy and energetic.","['low quality', 'regional mexican', 'brass melody', 'wooden percussions', 'tinny metallic percussions', 'groovy piano melody', 'groovy bass', 'passionate male vocal', 'joyful', 'happy', 'energetic']",happy
train,jazz,C:\Users\user\Downloads\gnn_bert_music_context\data\processed\graphs\jazz\jazz.00056.pkl,C:\Users\user\Downloads\gnn_bert_music_context\data\processed\features\jazz\jazz.00056.npy,aeujZtBvMFY,320,330,"This is an instrumental jazz fusion piece. Various instruments are played throughout this piece. A wide variety of key instruments such as the piano, the organ, the celeste, the rhodes, the synth and the harpsichord can be heard. The atmosphere is funky and eccentric. A vibrant array of samples can be gathered from this piece, ideally for use in the soundtrack of a goofy cartoon.","['jazz fusion', 'no singer', 'instrumental', 'various instruments', 'piano', 'organ', 'celeste', 'rhodes', 'synth', 'harpsichord', 'funky', 'eccentric']",happy
train,reggae,C:\Users\user\Downloads\gnn_bert_music_context\data\processed\graphs\reggae\reggae.00080.pkl,C:\Users\user\Downloads\gnn_bert_music_context\data\processed\features\reggae\reggae.00080.npy,9Tl2l3bsLpE,60,70,People are playing the same groove on a lot of percussive instruments. In the background you can hear shakers. Someone is strumming chords with an effect on an e-guitar and someone is playing fill-ins on acoustic drums. This song may be playing at a local live concert from a music school.,"['amateur recording', 'reggae', 'shaker', 'bongos', 'djembe', 'congas', 'bongos', 'acoustic drums', 'e-guitar', 'medium to uptempo']",energetic
train,hiphop,C:\Users\user\Downloads\gnn_bert_music_context\data\processed\graphs\hiphop\hiphop.00026.pkl,C:\Users\user\Downloads\gnn_bert_music_context\data\processed\features\hiphop\hiphop.00026.npy,J_Raltj-6dk,30,40,This is a Christmas music piece in the style of hip-hop. There is a child voice announcing the arrival of Santa. The male vocalist is rapping. There is a groovy bass line in the beat. The rhythmic background is provided by an electronic drum beat that has sleigh bells in it. The atmosphere is festive and amusing at the same time. This piece could be used in the soundtrack of a comedic Christmas movie.,"['hip-hop', 'christmas music', 'child voice', 'male vocal', 'rapping', 'groovy bass', 'electronic drums', 'sleigh bells', 'festive', 'amusing', 'urban']",happy
train,metal,C:\Users\user\Downloads\gnn_bert_music_context\data\processed\graphs\metal\metal.00033.pkl,C:\Users\user\Downloads\gnn_bert_music_context\data\processed\features\metal\metal.00033.npy,bkQrvXXIRng,40,50,Someone is playing acoustic drums with a lot of loud cymbal hits along with a screaming male vocal. A distorted e-guitar is playing long low notes. The atmosphere sounds dangerous and aggressive. This song may be playing in the band room practicing drumming.,"['heavy metal', 'amateur recording', 'screaming voice sample', 'acoustic drums', 'e-guitar', 'e-bass', 'dangerous', 'aggressive']",energetic
train,classical,C:\Users\user\Downloads\gnn_bert_music_context\data\processed\graphs\classical\classical.00094.pkl,C:\Users\user\Downloads\gnn_bert_music_context\data\processed\features\classical\classical.00094.npy,_MjbdUaJcik,190,200,"The song is an instrumental. The tempo is medium with a brass section including trumpets, trombones and tubas playing in an instrumental harmony. The song is emotional and spirited. The song is western classical music piece.","['brass band', 'trumpets', 'tuba', 'trombones', 'western classical music', 'philharmonic orchestra', 'song fade', 'song ending', 'triumphant', 'trumpets blaring', 'instrumental music', 'groovy', 'movie soundtrack', 'live concert', 'live audience', 'conductor', 'composer', 'medium tempo']",energetic
train,hiphop,C:\Users\user\Downloads\gnn_bert_music_context\data\processed\graphs\hiphop\hiphop.00052.pkl,C:\Users\user\Downloads\gnn_bert_music_context\data\processed\features\hiphop\hiphop.00052.npy,h8JS_FEF_fY,30,40,"The song radiates the sound of late 2000s and early 2010s R&B. There are various synths and pads used, some of which are rhythmic and wobbly. The singer has a soulful voice.","['upbeat r&b', 'hip hop', 'pop r&b', 'electro-r&b', 'dance', 'soulful male vocalist', 'bright reverberated synth', '2010s r&b']",energetic
train,jazz,C:\Users\user\Downloads\gnn_bert_music_context\data\processed\graphs\jazz\jazz.00051.pkl,C:\Users\user\Downloads\gnn_bert_music_context\data\processed\features\jazz\jazz.00051.npy,mFcHGbnNtSQ,70,80,"The low quality recording features a live performance of a jazz song and it consists of a passionate female vocalist singing over groovy piano melody, saxophone melody, groovy bass, shimmering hi hats, punchy snare and soft kick hits. It sounds passionate, soulful and the recording is noisy and in mono.","['low quality', 'live performance', 'passionate female vocal', 'groovy piano melody', 'saxophone melody', 'groovy bass', 'shimmering hi hats', 'punchy snare', 'soft kick hits', 'jazz', 'passionate', 'soulful', 'noisy', 'mono']",romantic
train,metal,C:\Users\user\Downloads\gnn_bert_music_context\data\processed\graphs\metal\metal.00084.pkl,C:\Users\user\Downloads\gnn_bert_music_context\data\processed\features\metal\metal.00084.npy,dO3VsX4rKNc,30,40,"This heavy metal song features distortion guitars. One guitar plays power chords. Another guitar is playing a repetitive riff using palm muted arpeggiated notes. The keyboard plays chords in the background. The bass plays the root notes of the chords. The percussion plays a simple beat in common time. It starts off playing the kick and crash followed by three beats on the kick and ride. After four bars, a rock drum roll is played. This song can be played in a superhero movie.","['heavy metal', 'no voices', 'distortion guitars', 'palm muted arpeggios', 'powerful percussion', 'keyboards']",energetic
train,country,C:\Users\user\Downloads\gnn_bert_music_context\data\processed\graphs\country\country.00064.pkl,C:\Users\user\Downloads\gnn_bert_music_context\data\processed\features\country\country.00064.npy,-UuEBhule84,350,360,"The low quality recording features a flat male vocal singing over acoustic rhythm guitar chords, after which that same vocal is talking. The song sounds passionate, while the recording, overall, is noisy and in mono.","['low quality', 'noisy', 'mono', 'acoustic rhythm guitar', 'flat male vocal', 'passionate', 'country']",romantic
train,metal,C:\Users\user\Downloads\gnn_bert_music_context\data\processed\graphs\metal\metal.00048.pkl,C:\Users\user\Downloads\gnn_bert_music_context\data\processed\features\metal\metal.00048.npy,M_s-49rNCdw,50,60,"A male vocalist sings this spirited song. The song is medium tempo with energetic electric guitar lead, enthusiastic electric bass guitar , hard hitting drums and keyboard harmony. The vocals are passionate, youthful,energetic, vociferous, powerful and loud . This song is Hard Rock/Metal.","['male vocalist', 'fast tempo', 'hard rock', 'rock hits', 'rock concert', 'live performance', 'spirited', 'boisterous', 'metal', 'hard hitting drums', 'energetic electric guitar lead', 'electric bass guitar', 'enthusiastic', 'sonic power', 'amplified instruments', 'vigorous', 'passionate', 'intense', 'vociferous', 'a keyboard harmony']",energetic
train,hiphop,C:\Users\user\Downloads\gnn_bert_music_context\data\processed\graphs\hiphop\hiphop.00090.pkl,C:\Users\user\Downloads\gnn_bert_music_context\data\processed\features\hiphop\hiphop.00090.npy,SDTsifbpGMM,30,40,"The low quality recording features a DJ manically scratching a hip hop song. It is a bit reverberant, noisy and in mono, as it was probably recorded with a poor quality microphone.","['low quality', 'manic dj scratching sound effect', 'uptempo', 'hip hop', 'reverberant', 'noisy', 'mono']",energetic
train,reggae,C:\Users\user\Downloads\gnn_bert_music_context\data\processed\graphs\reggae\reggae.00057.pkl,C:\Users\user\Downloads\gnn_bert_music_context\data\processed\features\reggae\reggae.00057.npy,icomsHXY8YA,30,40,"The low quality recording features a reggae song sung by emotional male vocalists, followed by percussive elements, groovy bass, offbeat electric guitar and organ chords. There are some crowd noises in the background. The audio is crackling, making it low quality, but regardless it sounds easygoing.","['low quality', 'reggae', 'crowd noises', 'distorted', 'emotional male vocal', 'percussive elements', 'groovy bass', 'audio crackles', 'offbeat electric guitar chords', 'offbeat organ chords', 'easygoing']",sad
train,reggae,C:\Users\user\Downloads\gnn_bert_music_context\data\processed\graphs\reggae\reggae.00061.pkl,C:\Users\user\Downloads\gnn_bert_music_context\data\processed\features\reggae\reggae.00061.npy,lrk00BNiuD4,30,40,"A male vocalist sings this soft melody. The tempo is medium with smooth guitar, keyboard harmony, steady bass slide and synthesiser arrangements. The song is mellow, romantic, emotional, soothing; ambient. There is a hooting sound like a fog horn with a male voice talking over the song. This song is a R&B/Soul song.","['male singer', 'slow tempo', 'sound of horn', 'fog horn', 'super imposed male voice', 'romantic', 'emotional', 'soothing', 'pleasant', 'r&b', 'soul', 'acoustic guitar', 'keyboard harmony', 'synthesiser articulation', 'fingers snapping', 'groovy bass line', 'male voice speaking', 'reggae', 'soft melodious']",calm
train,metal,C:\Users\user\Downloads\gnn_bert_music_context\data\processed\graphs\metal\metal.00024.pkl,C:\Users\user\Downloads\gnn_bert_music_context\data\processed\features\metal\metal.00024.npy,LyTwxJiSt7A,0,10,A xylophone or another bell sounding metal instrument is playing a melody that sounds like a lullaby. Someone is burping loud and with full force. Then  you can hear a high pitched voice laughing. These sounds don't seem to belong to the music. This song may be playing in a cartoon sequence.,"['lullaby', 'bell-sounds', 'burping sounds', 'high pitches voice laughing']",neutral
train,classical,C:\Users\user\Downloads\gnn_bert_music_context\data\processed\graphs\classical\classical.00095.pkl,C:\Users\user\Downloads\gnn_bert_music_context\data\processed\features\classical\classical.00095.npy,nL4zx0-mi14,30,40,This song is a classical composition played on a harpsichord. This features the notes played on the higher register and the bass notes played on the same instrument. There are no other instruments in this song. This song has no voices. It is an instrumental song. This song can be played to honor royalty.,"['harpsichord song', 'classical composition', 'no other instruments', 'no voice', 'slow tempo', 'royal feel']",calm
train,blues,C:\Users\user\Downloads\gnn_bert_music_context\data\processed\graphs\blues\blues.00004.pkl,C:\Users\user\Downloads\gnn_bert_music_context\data\processed\features\blues\blues.00004.npy,40i3_JH6FYw,90,100,This is a recording of an instrumental jam. There is a blues type solo being performed on an overdriven electric guitar. The guitar has an 80s sound. This recording could be sampled for use in beat-making or as an advertisement jingle.,"['jam', 'instrumental', 'single instrument', 'overdriven electric guitar', 'guitar solo', '80s sound', 'blues']",neutral
train,reggae,C:\Users\user\Downloads\gnn_bert_music_context\data\processed\graphs\reggae\reggae.00038.pkl,C:\Users\user\Downloads\gnn_bert_music_context\data\processed\features\reggae\reggae.00038.npy,ID4AoAfHMVk,30,40,"An acoustic drum is playing a reggae groove with a rim shot as a snare sound and shakers/tambourine in the background. An e-bass is playing a bassline accompanied by a clean e-guitar playing the same melody. A piano is playing short chords on the backbeat. Male voices are singing, sounding relaxed and joyful. This song may be playing at a reggae festival.","['reggae', 'piano', 'e-bass', 'e-guitar', 'acoustic drums', 'tambourine/shaker', 'male voices singing', 'slow to medium tempo', 'relaxing and positive vibe']",calm
train,blues,C:\Users\user\Downloads\gnn_bert_music_context\data\processed\graphs\blues\blues.00006.pkl,C:\Users\user\Downloads\gnn_bert_music_context\data\processed\features\blues\blues.00006.npy,ouVuF-y8bog,30,40,"This music is an electric guitar instrumental. The tempo is medium with a smooth electric guitar lead harmony. The music is clear, emphatic, smooth, groovy, youthful, crisp, edgy and dominant.","['instrumental', 'electric guitars', 'medium tempo', 'demonstration', 'tutorial', 'learning electric', 'electric guitar lesson', 'clear', 'loud', 'powerful', 'empahtic', 'amplified guitar', 'electric guitar', 'stringed instrument', 'loud feed back', 'blues', 'rock', 'jazz', 'resonating', 'reverb', 'youthful', 'groovy', 'catchy riff', 'smooth', 'electric guitar lead', 'electric guitar solo', 'dense', 'rich', 'crisp', 'edgy']",energetic
train,hiphop,C:\Users\user\Downloads\gnn_bert_music_context\data\processed\graphs\hiphop\hiphop.00037.pkl,C:\Users\user\Downloads\gnn_bert_music_context\data\processed\features\hiphop\hiphop.00037.npy,RXGDlFry3Vo,30,40,"The low quality recording features a hip hop track that consists of flat male vocal rapping over smooth bass, high pitched female vocal, mellow piano melody, shimmering tambourine layered with punchy snare, followed by soft kick and crash cymbal hits. It sounds groovy and emotional, even though the recording is muffled and kind of dull, due to the bad mixing.","['hip hop', 'low quality', 'smooth bass', 'high pitched female vocal', 'mellow piano melody', 'flat male vocal', 'shimmering tambourine', 'soft crash cymbal', 'punchy snare', 'soft kick hits', 'groovy', 'emotional', 'muffled', 'dull']",calm
train,metal,C:\Users\user\Downloads\gnn_bert_music_context\data\processed\graphs\metal\metal.00069.pkl,C:\Users\user\Downloads\gnn_bert_music_context\data\processed\features\metal\metal.00069.npy,xLQF7S41XLE,20,30,These are sounds from a movie. There is a metal object falling to pieces on the ground. There is a cinematic string sequence that gives a dramatic atmosphere to the track. There is also a feeling of suspense. This could be playing in the soundtrack of an action-filled movie.,"['sound effects', 'little pieces of metal', 'cinematic strings', 'dramatic', 'suspense', 'movie music']",dark
train,jazz,C:\Users\user\Downloads\gnn_bert_music_context\data\processed\graphs\jazz\jazz.00080.pkl,C:\Users\user\Downloads\gnn_bert_music_context\data\processed\features\jazz\jazz.00080.npy,tMMjurLqYJQ,0,10,"The low quality recording features a jazz song that consists of electric guitar melody, shimmering hi hats, snappy snare, groovy piano melody and some applause at the very beginning of the loop. The recording is noisy and it sounds passionate and reverberant.","['low quality', 'applause', 'noisy', 'jazz', 'electric guitar melody', 'shimmering hi hats', 'snappy snare', 'groovy piano chords', 'passionate', 'reverberant']",romantic
train,metal,C:\Users\user\Downloads\gnn_bert_music_context\data\processed\graphs\metal\metal.00070.pkl,C:\Users\user\Downloads\gnn_bert_music_context\data\processed\features\metal\metal.00070.npy,P5uIpVLEpm4,160,170,"This music is instrumental. The tempo is fast with an electric guitar riff playing a cover of a popular melody. The music is intense, loud, passionate, violent, aggressive and thunderous. This music is heavy metal/ death metal.","['instrumental', 'fast tempo', 'electric guitar', 'rock', 'hard rock', 'metal', 'heavy metalloud feed back', 'amplified', 'sonic power', 'intense', 'passionate', 'loud feedback', 'heavy metal', 'death metal', 'aggressive', 'passionate', 'stringed instrument']",energetic
train,reggae,C:\Users\user\Downloads\gnn_bert_music_context\data\processed\graphs\reggae\reggae.00043.pkl,C:\Users\user\Downloads\gnn_bert_music_context\data\processed\features\reggae\reggae.00043.npy,qfwTbBprDVU,60,70,This is a dancehall/reggae music piece. There is a female vocalist singing in a rap-like manner with a Jamaican accent in the lead. The melody is being played by two layers of electric guitar with a bass guitar backing. The rhythm is being played by the electronic drums. An airy synth sound can be heard very faintly in the distance. The atmosphere is chill. This piece can be used in the soundtrack of a summer movie during scenes where everybody is relaxing.,"['dancehall', 'reggae', 'female vocal', 'rap-like singing', 'jamaican accent', 'electric guitar', 'bass guitar', 'airy synth', 'electronic drums', 'groovy', 'chill', 'hip']",calm
train,disco,C:\Users\user\Downloads\gnn_bert_music_context\data\processed\graphs\disco\disco.00093.pkl,C:\Users\user\Downloads\gnn_bert_music_context\data\processed\features\disco\disco.00093.npy,Qz2PIXM60iE,30,40,"A male singer sings this melody with a backup singer in vocal harmony. The song is medium tempo with a strong rock drumming rhythm, steady bass line and a guitar playing a groovy rhythm. The song is youthful and spirited. The audio quality is poor with hissing noises. The song is a sixties psychedelic rock song.","['male singer', 'disco music', 'medium tempo', 'hippie generation', 'backup singers', 'vocal harmony', 'psychedelic rock', 'the sixties', 'peace', 'memdium tempo', 'electric guitar rhythm', 'steady bass line', 'strong rock drumming', 'poor audio quality', 'hissing sounds', 'cymbals crashing', 'youthful retro rock', 'high spirits', 'teen age spirit', 'rebellious', 'flower power', 'repeated vocal phrasing']",energetic
train,country,C:\Users\user\Downloads\gnn_bert_music_context\data\processed\graphs\country\country.00080.pkl,C:\Users\user\Downloads\gnn_bert_music_context\data\processed\features\country\country.00080.npy,UFyOGqmITjM,0,10,"This music is a lively fiddle instrumental. The tempo is fast with a percussion accompaniment. The music is spirited, vibrant, enthusiastic,cheerful, happy , merry and sunny. This music is Country Folk.","['instrumental', 'fast tempo', 'fiddle', 'string instrument', 'cajun music', 'spirited', 'bright', 'melodious', 'violin', 'western classical', 'four stringed instrument', 'high pitched', 'bow stringed', 'country music', 'lively', 'animated', 'percussion', 'spirited']",energetic
train,country,C:\Users\user\Downloads\gnn_bert_music_context\data\processed\graphs\country\country.00079.pkl,C:\Users\user\Downloads\gnn_bert_music_context\data\processed\features\country\country.00079.npy,B7iRvj8y9aU,30,40,"This is a country music piece. A steel guitar is playing the main melody. There is a bass guitar in the background playing a mellow bass line. A slow tempo, mild-volume acoustic drum track is in the rhythmic background. The general atmosphere is relaxing. This piece could be used in the soundtrack of movies that take place in rural USA. It could also be played in western-themed bars.","['country music', 'rock', 'steel guitar', 'acoustic drums', 'bass guitar', 'calm', 'cozy', 'trippy', 'psychedelic', 'slow tempo']",calm
train,disco,C:\Users\user\Downloads\gnn_bert_music_context\data\processed\graphs\disco\disco.00042.pkl,C:\Users\user\Downloads\gnn_bert_music_context\data\processed\features\disco\disco.00042.npy,l6LUPlmua6I,70,80,This is a funk/disco music piece. There is a male vocalist singing melodically in the lead. The melody is being played by the keyboard with the backing of the electric guitar and the bass guitar. The rhythm is being played by the acoustic drums. The atmosphere is groovy. This piece could be played at a retro-themed party at a dance club.,"['funk', 'disco', 'male vocal', 'melodic singing', 'keyboard', 'electric guitar', 'bass guitar', 'acoustic drums', 'groovy', 'easygoing', 'danceable']",energetic
train,rock,C:\Users\user\Downloads\gnn_bert_music_context\data\processed\graphs\rock\rock.00078.pkl,C:\Users\user\Downloads\gnn_bert_music_context\data\processed\features\rock\rock.00078.npy,qrzNABqN420,30,40,"The low quality recording features a rock song that consists of a passionate female vocal singing over punchy kick and snare hits, shimmering hi hats, wide electric guitar melody and groovy bass guitar. It sounds energetic and addictive in the first half of the loop, while in the second part it's mellow and softer.","['low quality', 'rock', 'passionate female vocal', 'wide electric guitar melody', 'groovy bass', 'shimmering hi hats', 'punchy kick', 'punchy kick', 'mellow', 'energetic', 'addictive', 'soft']",romantic
train,metal,C:\Users\user\Downloads\gnn_bert_music_context\data\processed\graphs\metal\metal.00041.pkl,C:\Users\user\Downloads\gnn_bert_music_context\data\processed\features\metal\metal.00041.npy,8nJ2MhvhnJ0,30,40,"The low quality recording features a metallic hit, followed by resonating bowl tone. The recording is mono and noisy.","['resonating bowl', 'metallic hit', 'low quality', 'mono', 'noisy']",neutral
train,reggae,C:\Users\user\Downloads\gnn_bert_music_context\data\processed\graphs\reggae\reggae.00000.pkl,C:\Users\user\Downloads\gnn_bert_music_context\data\processed\features\reggae\reggae.00000.npy,7pYavsK9sPg,140,150,"The low quality recording features a reggae song that consists of a fruity male vocal singing over shimmering hi hats, groovy bass, organ keys, chords, claps and male vocal chants. It sounds addictive, groovy and muddy, due to the poor quality of the mix.","['reggae', 'male chants', 'fruity male vocal', 'shimmering hi hats', 'groovy bass', 'organ keys chords', 'claps', 'low quality', 'muddy', 'poor mix', 'addictive', 'groovy']",neutral
train,hiphop,C:\Users\user\Downloads\gnn_bert_music_context\data\processed\graphs\hiphop\hiphop.00025.pkl,C:\Users\user\Downloads\gnn_bert_music_context\data\processed\features\hiphop\hiphop.00025.npy,PcdpjUIa8l0,30,40,someone is masterfully scratching over an instrumental containing percussive elements with strings/sounds and a bass note on the kick. This audio is an amateur recording.,"['hiphop/dj/scratching', 'fast paced scratching', 'rhythmic backing music', 'skillfull']",energetic
train,pop,C:\Users\user\Downloads\gnn_bert_music_context\data\processed\graphs\pop\pop.00078.pkl,C:\Users\user\Downloads\gnn_bert_music_context\data\processed\features\pop\pop.00078.npy,kUQ1xfK82Q0,30,40,A lot of percussive instruments are being played and panned to the left and right side of the speakers. A funky bassline is repeating the same pattern with fill-ins. An acoustic guitar is strumming funky chords and another guitar-like instrument is playing a melody on top. Male voices are singing in unison and kids voices are responding as backing vocals. This is an amateur recording.,"['pop', 'acoustic guitars', 'male voices singing', 'kids voices', 'e-bass', ""percussion's"", 'medium to uptempo']",energetic
train,pop,C:\Users\user\Downloads\gnn_bert_music_context\data\processed\graphs\pop\pop.00087.pkl,C:\Users\user\Downloads\gnn_bert_music_context\data\processed\features\pop\pop.00087.npy,uBENjCPS8LI,140,150,A digital drum is playing a simple groove along with an e-bass. An organ is playing long chords with a lot of reverb. On top of that male voices sing a melody in harmony. Their voices sound high. This song may be playing with headphones while running.,"['pop', 'electric organ', 'digital drums', 'e-bass', 'male voices singing', 'higher register', 'medium tempo']",neutral
train,disco,C:\Users\user\Downloads\gnn_bert_music_context\data\processed\graphs\disco\disco.00019.pkl,C:\Users\user\Downloads\gnn_bert_music_context\data\processed\features\disco\disco.00019.npy,1KN3GrwhY8c,420,430,"This disco song features a male voice singing the main melody. This is accompanied by programmed percussion playing a disco beat. The kick is played at every count of the bar. The synth changes chords after two bars to a higher pitch chord, then after one bar to a higher pitch chord, then after one more bar to a higher pitch chord and finally after one more bar to a suspended fourth chord. The instruments pause for 3 counts of the bar while the voice continues to sing. The bass plays the root notes of the chords. The mood of this song is romantic. This song can be played in a club.","['disco song', 'male voice', 'synth sounds', 'programmed percussion', 'bass', 'moderate tempo', 'upbeat', 'romantic theme', 'dance song']",romantic
train,rock,C:\Users\user\Downloads\gnn_bert_music_context\data\processed\graphs\rock\rock.00040.pkl,C:\Users\user\Downloads\gnn_bert_music_context\data\processed\features\rock\rock.00040.npy,oKab6-syQD4,240,250,This song contains an acoustic drum playing along to a e-guitar strumming chords before breaking into a more silent part with the e-bass repeating the same note. The e-guitar is playing a simple short melody with delay. Then a deeper male voice is singing and the crowd starts cheering. This recording is in bad audio-quality. This song may be playing at a live concert.,"['amateur recording', 'rock&roll', 'e-guitar', 'acoustic drums', 'e-bass', 'crowd cheering', 'deeper male voice singing', 'uptempo', 'cheerful energy']",energetic
train,disco,C:\Users\user\Downloads\gnn_bert_music_context\data\processed\graphs\disco\disco.00086.pkl,C:\Users\user\Downloads\gnn_bert_music_context\data\processed\features\disco\disco.00086.npy,HLsRePLObfI,30,40,The song is instrumental. The tempo is fast with a beautifully played hand pan arrangement by a soloist. The song is ethereal and innocent in its beauty. The audio quality is average.,"['hand pan music', 'soloist', 'instrumental music', 'average audio quality', 'inspiring', 'heart felt', 'positive', 'motivational', 'relaxing playlist', 'hand pan demonstration', 'home music video fast tempo', 'emotional', 'spirited passionate', 'travel', 'emotional', 'passionate', 'groovy', 'new world', 'age of innocence', 'new world', 'discovery tones', 'mesmerising music']",energetic
train,disco,C:\Users\user\Downloads\gnn_bert_music_context\data\processed\graphs\disco\disco.00082.pkl,C:\Users\user\Downloads\gnn_bert_music_context\data\processed\features\disco\disco.00082.npy,1a_nvi4sW64,30,40,"The low quality recording features a disco song that consists of passionate female vocals and wide harmonizing female vocals singing over funky bass guitar, mellow synth keys chords, funky electric guitar chords, shimmering hi hats, clapping and ""4 on the floor"" kick pattern. It sounds funky and energetic, but also thin and hollow, due to the bad mixing.","['low quality', 'funky bass guitar', 'disco', 'passionate echoing female vocal', 'wide harmonizing female vocals', 'funky electric guitar chords', 'mellow synth keys chords', 'energetic', 'shimmering hi hats', 'clapping', 'thin', 'hollow', '4 on the floor kick pattern']",romantic
train,disco,C:\Users\user\Downloads\gnn_bert_music_context\data\processed\graphs\disco\disco.00054.pkl,C:\Users\user\Downloads\gnn_bert_music_context\data\processed\features\disco\disco.00054.npy,liuCTk2nPG8,30,40,This is a famous disco piece. There are female vocals singing the lyrics joyfully. The main tune is played in major scale by a keyboard while it is supported by a syncopated synth bass in the background. The rhythm is kept by a repetitive electronic drum beat accompanied by percussion. The atmosphere is groovy and danceable. It is perfect for an 80s themed party setlist. It could also be playing in the background of an 80s themed bar.,"['pop', 'disco', 'female vocals', 'electronic drums', 'percussion', 'keyboard', 'synth bass', 'dance', 'groovy', 'repeated theme']",energetic
train,pop,C:\Users\user\Downloads\gnn_bert_music_context\data\processed\graphs\pop\pop.00008.pkl,C:\Users\user\Downloads\gnn_bert_music_context\data\processed\features\pop\pop.00008.npy,ODOrls3MuZI,190,200,This pop song features a male and female voice singing the main melody. There are backing voices singing fills in between lines. Children sing in the background. This is accompanied by percussion playing a simple beat. The bass plays the root notes of the chords. A synth plays a pedal chord in staccato. This song can be played at the end credits of a holiday movie.,"['pop song', 'holiday theme', 'duet', 'male voice', ""children's voices"", 'christmas song', 'percussion', 'bass', 'synth', 'happy mood', 'moderate tempo', 'backing voices']",happy
train,country,C:\Users\user\Downloads\gnn_bert_music_context\data\processed\graphs\country\country.00063.pkl,C:\Users\user\Downloads\gnn_bert_music_context\data\processed\features\country\country.00063.npy,A_Yd5huF2Pg,30,40,"The song is an instrumental. The tempo is medium with a church organ playing melody, steady drumming rhythm, cymbals crashing, tambourine percussion, steady bass, and guitar playing rhythm. The song is exciting and retro nostalgia. The audio quality is poor.","['church organ', 'country music', 'backing track', 'medium tempo', 'instrumental music', 'tambourine percussion', 'cymbals crashing', 'guitar rhythm', 'organ accompaniment', 'vintage hits', 'bad audio quality', 'gain issues', 'exciting', 'adventurous', 'retro classics', 'passionate', 'great adventure', 'romantic', 'movie themes', 'vintage pop']",romantic
train,metal,C:\Users\user\Downloads\gnn_bert_music_context\data\processed\graphs\metal\metal.00050.pkl,C:\Users\user\Downloads\gnn_bert_music_context\data\processed\features\metal\metal.00050.npy,5KvjUzQbMT4,0,10,"Here we get to hear a hardcore metal piece. This is characterised, in part, by the rapid action on the kick drum - with notes being played at a rate of sixteenth notes on the kick. The drummer also frequents the ride cymbal. The guitar is grungy, gritty, fuzzy, heavy, deep, hardcore.","['metal rock', 'hard rock', 'hard metal', 'rapid kick drum', 'ride cymbals', 'grungy gritty electric guitar', 'fuzzy electric guitar', 'intense', 'potent', 'energetic']",energetic
train,jazz,C:\Users\user\Downloads\gnn_bert_music_context\data\processed\graphs\jazz\jazz.00034.pkl,C:\Users\user\Downloads\gnn_bert_music_context\data\processed\features\jazz\jazz.00034.npy,AgVUGzrzJ20,320,330,"The low quality recording features a jazz song that consists of groovy double bass located in the right channel, groovy piano melody leaning towards the left channel of the stereo image and widely spread shimmering shakers and soft hi-hats. It sounds smooth, chill, easygoing and relaxing - like something you would hear in high-end restaurants.","['low quality', 'jazz', 'groovy piano melody', 'groovy double bass', 'shimmering shakers', 'soft hi hats', 'smooth', 'easygoing', 'chill', 'relaxing']",calm
train,hiphop,C:\Users\user\Downloads\gnn_bert_music_context\data\processed\graphs\hiphop\hiphop.00047.pkl,C:\Users\user\Downloads\gnn_bert_music_context\data\processed\features\hiphop\hiphop.00047.npy,OEpMpYMjO9Y,30,40,"Someone is scratching over a hip hop backing-track containing digital drums, a subby bassline and some pad sounds samples playing a melody. A male voice sample is shouting something. This song may be playing at home practicing scratching.","['scratch/hiphop', 'bass', 'keys/pads', 'digital drums', 'medium tempo', 'male voice sample']",neutral
train,jazz,C:\Users\user\Downloads\gnn_bert_music_context\data\processed\graphs\jazz\jazz.00060.pkl,C:\Users\user\Downloads\gnn_bert_music_context\data\processed\features\jazz\jazz.00060.npy,gp1DYuoQH08,40,50,This is a live performance of a jazz ballad music piece. The accordion is playing a solo as the main melody. There is an acoustic guitar playing the chords of the piece. The bass line is being played by the upright bass. The atmosphere is gentle. This piece is the perfect music to be played in the background at a coffee shop.,"['jazz ballad', 'live performance', 'accordion', 'solo', 'acoustic guitar', 'upright bass', 'gentle', 'chill', 'coffee shop music']",calm
train,reggae,C:\Users\user\Downloads\gnn_bert_music_context\data\processed\graphs\reggae\reggae.00032.pkl,C:\Users\user\Downloads\gnn_bert_music_context\data\processed\features\reggae\reggae.00032.npy,mcAsO331Z9s,30,40,"This music is an upbeat instrumental. The tempo is fast with a plethora of instruments like trumpets, congas, bongos, steel drum, accordion,saxophone, keyboard,and electric guitar. The music is perky, buoyant, high spirited, enthusiastic, energetic with complex harmonies. This music is a contemporary take in Traditional Latin folk music.","['instrumental', 'fast tempo', 'trumpets', 'complex harmonies', 'syncopated', 'electronic reggae', 'synthesiser arrangement', 'folk music', 'latin folk', 'world music', 'accordion harmony', 'psychedelic', 'party song', 'dance groove', 'contemporary traditional music', 'trombone', 'conga', 'bongos', 'steel pan', 'saxophone', 'electric guitar', 'groovy bass', 'upbeat', 'cheerful', 'happy merry', 'polyrhythms', 'animated', 'high-spirited', 'lively', 'colourful', 'vivid', 'vivacious']",energetic
train,reggae,C:\Users\user\Downloads\gnn_bert_music_context\data\processed\graphs\reggae\reggae.00009.pkl,C:\Users\user\Downloads\gnn_bert_music_context\data\processed\features\reggae\reggae.00009.npy,30tNWUyJCog,140,150,This reggae song features a male voice singing the main melody. The vocal melody is repetitive. This is accompanied by programmed percussion playing a reggae beat. Hand claps are played at regular intervals. The bass plays a groovy bassline. A saxophone plays fills in between lines. This song has a reggae feel. This song can be played in a Caribbean style party.,"['reggae song', 'male voice', 'saxophone', 'programmed percussion', 'bass', 'hand claps', 'repetitive melody', 'slow tempo']",calm
train,pop,C:\Users\user\Downloads\gnn_bert_music_context\data\processed\graphs\pop\pop.00073.pkl,C:\Users\user\Downloads\gnn_bert_music_context\data\processed\features\pop\pop.00073.npy,ITg9o6Gwsbo,30,40,"This music is an electronic instrumental. The tempo is fast with synthesiser arrangements, electronic beats , Dj mixer and a repetitive vocal riff. The music is incessant, psychedelic, hypnotic, trippy and trance like with a dance groove. This music is Techno Pop/EDM.","['instrumental', 'fast tempo', 'electronic music', 'house music', 'progressive trance', 'repetitive beats', 'high energy', 'tech trance', 'ambient music', 'hardcore', 'psytrance', 'edm', 'electronica', 'techno', 'techno pop', 'trippy', 'trance droning', 'dance pop', 'psychedelic', 'vocal riff', 'dance music', 'club music', 'dj', 'dj mixer', 'digital drumming', 'synthesiser arrangement', 'hypnotic', 'trance music', 'trippy', 'youthful']",energetic
train,metal,C:\Users\user\Downloads\gnn_bert_music_context\data\processed\graphs\metal\metal.00096.pkl,C:\Users\user\Downloads\gnn_bert_music_context\data\processed\features\metal\metal.00096.npy,QtfIj5cJzYw,30,40,"The music excerpt features a synth sound playing a melody. In the background, accompanying this melody is another synth sound that plays long chords and thus provides harmonic structure. A bass guitar can be heard alternating between regular playing and string slapping. A light rhythm is being played by a pair of congas. A metallic percussive sound can be heard from time to time.","['congas', 'synth', 'bass guitar', 'metallic percussive sound']",calm
train,hiphop,C:\Users\user\Downloads\gnn_bert_music_context\data\processed\graphs\hiphop\hiphop.00070.pkl,C:\Users\user\Downloads\gnn_bert_music_context\data\processed\features\hiphop\hiphop.00070.npy,vxIF3B4YqW8,180,190,This is an R&B/soul music piece. There is a female vocal singing at a high pitch joined by a male vocal singing at a medium pitch and a female choir backing. The beat has a repeating electric guitar tune. There is a groovy bass line. The rhythm is provided by an electronic drum beat. The atmosphere is emotional and grandiose. This piece could be playing in the background at a memorial event.,"['r&b', 'soul', 'hip-hop', 'live performance', 'female vocal', 'male vocal', 'female choir', 'melodic singing', 'electric guitar', 'bass guitar', 'electronic drums', 'groovy', 'emotional', 'grandiose']",sad
train,rock,C:\Users\user\Downloads\gnn_bert_music_context\data\processed\graphs\rock\rock.00031.pkl,C:\Users\user\Downloads\gnn_bert_music_context\data\processed\features\rock\rock.00031.npy,xVab_CbwecE,60,70,This song features a bass guitar playing a groovy lick at a high pitch. This is followed by a rock and roll pattern. This starts off on a high sequence. This is played for two bars followed by a sequence on a lower part of the bass. This song can be played in an instructional video for bass. There are no voices in this song. There are no other instruments in this song.,"['bass guitar', 'no voices', 'instrumental', 'no other instruments', 'instructional song']",neutral
train,jazz,C:\Users\user\Downloads\gnn_bert_music_context\data\processed\graphs\jazz\jazz.00093.pkl,C:\Users\user\Downloads\gnn_bert_music_context\data\processed\features\jazz\jazz.00093.npy,WCifI6rwOoM,30,40,This jazz song features the main melody played on the piano. The double bass plays jazz basslines using half note intervals and jazz fills. The percussion plays a complicated jazz rhythm mostly focusing on the snare hits. Another percussion is played using sticks sounding like a congo. A male voice speaks some meaningless phrase. This song can be played in a bar.,"['jazz song', 'double bass', 'percussion', 'piano', 'male voice', 'meaningless words', 'jazz drumming', 'moderate tempo']",neutral
train,metal,C:\Users\user\Downloads\gnn_bert_music_context\data\processed\graphs\metal\metal.00061.pkl,C:\Users\user\Downloads\gnn_bert_music_context\data\processed\features\metal\metal.00061.npy,UzT20Rf8RPA,30,40,"A male vocalist sings this vigorous heavy metal song. The tempo is fast with intense  electric guitar lead ,hard hitting drumming, steady bass lines, keyboard harmony and vocal backup. There is a sound of racing cars at the onset of the song followed by a vigorous male vocal harmony. The song is energetic, enthusiastic, gripping, intense, vital and youthful. This song is Heavy Metal.","['instrumental', 'fast tempo', 'vigorous', 'loud vocals', 'rapid', 'boisterous', 'vociferous', 'car racing sounds', 'heavy metal', 'intense bass line', 'hard hitting drums', 'keyboard harmony', 'vigorous electric guitar lead', 'male vocalist', 'impactful', 'insistent', 'youthful', 'energetic', 'enthusiastic']",energetic
train,country,C:\Users\user\Downloads\gnn_bert_music_context\data\processed\graphs\country\country.00017.pkl,C:\Users\user\Downloads\gnn_bert_music_context\data\processed\features\country\country.00017.npy,O0sDg-yLvlE,30,40,"A male singer sings this gentle country music melody. The song is slow tempo with banjo, mandolin and guitar accompaniment and a double bass playing the lower register harmony. The song is emotional and nostalgic. The song is a country music hit with an average audio quality.","['male singer', 'country music band', 'double bass', 'mandolin', 'american country music', 'nostalgic', 'story telling', 'average audio quality', 'live performance', 'ambient room noise', 'ukulele accompaniment', 'guitars rhyme', 'guitar band', 'country folk musical folk singer', 'slow tempo', 'gentle music', 'country music hits', 'romantic', 'emotional', 'lilting melody']",calm
train,country,C:\Users\user\Downloads\gnn_bert_music_context\data\processed\graphs\country\country.00021.pkl,C:\Users\user\Downloads\gnn_bert_music_context\data\processed\features\country\country.00021.npy,fEfe8jznp5Q,30,40,This recording is full of digital game noises along with short instrumentation sounds. Then a country song starts to play a composition in a very bad quality along with duck sounds. Nature sounds like water and birds chirping can be noticed. This recording is of poor audio quality and may be playing for a simple videogame.,"['cinematic', 'background sounds', 'gamesounds', 'amateur recording', 'uplifting']",happy
train,disco,C:\Users\user\Downloads\gnn_bert_music_context\data\processed\graphs\disco\disco.00098.pkl,C:\Users\user\Downloads\gnn_bert_music_context\data\processed\features\disco\disco.00098.npy,jx27p7k2lSw,110,120,"An e-piano is playing a melody and chords with a lot of tremolo while thin, airy synth pads are playing long evolving sounds. A male voice is singing in a higher register with effects on his voice. It sounds like a voice sample. This song may be playing in a club.","['r&b/disco', 'synthesizer pads', 'e-piano', 'male voice singing', 'atmospheric', 'slow tempo']",calm
train,jazz,C:\Users\user\Downloads\gnn_bert_music_context\data\processed\graphs\jazz\jazz.00018.pkl,C:\Users\user\Downloads\gnn_bert_music_context\data\processed\features\jazz\jazz.00018.npy,IwdjPDw6o5I,30,40,"The low quality recording features a jazz song that consists of groovy soft drums, smooth bass and saxophone solo, over which there is shoe tapping. It sounds like it is a live performance and like something you would watch in a theatre. It is a bit noisy and in mono.","['low quality', 'mono', 'jazz', 'shoe tapping', 'noisy', 'saxophone solo', 'smooth bass', 'groovy soft drums', 'live performance']",calm
train,metal,C:\Users\user\Downloads\gnn_bert_music_context\data\processed\graphs\metal\metal.00008.pkl,C:\Users\user\Downloads\gnn_bert_music_context\data\processed\features\metal\metal.00008.npy,79tuMIiWMZ4,30,40,This is a nu-metal piece performed live on the stage. There is a male vocal shouting the words at the end of the song. The electric guitar is repeating the same tune while the bass guitar is playing in the background. The drummer plays fills on the acoustic drums to provide the rhythmic background. There is a high energy atmosphere to this piece. It could be used in an ad targeted for teenagers.,"['nu-metal', 'alternative', 'live performance', 'male vocal', 'electric guitar', 'repeated tune', 'bass guitar', 'acoustic drums', 'energetic']",energetic
train,disco,C:\Users\user\Downloads\gnn_bert_music_context\data\processed\graphs\disco\disco.00057.pkl,C:\Users\user\Downloads\gnn_bert_music_context\data\processed\features\disco\disco.00057.npy,fhWzjWZqzvs,20,30,"The low quality recording features a Northern Soul song that consists of passionate female vocal singing over groovy piano chords, groovy bass, shimmering tambourine layered with punchy snare hits, muddy kick hits and groovy church organ melody. It sounds thin, but also easygoing, nostalgic, sentimental and passionate - like something you would hear in clubs during 60s and 70s.","['low quality', 'northern soul', 'passionate female vocal', 'groovy piano chords progression', 'groovy bass', 'shimmering tambourine', 'muddy kick', 'punchy snare', 'groovy church organ melody', 'passionate', 'easygoing', 'disco', 'thin', 'sentimental', 'nostalgic']",romantic
train,country,C:\Users\user\Downloads\gnn_bert_music_context\data\processed\graphs\country\country.00075.pkl,C:\Users\user\Downloads\gnn_bert_music_context\data\processed\features\country\country.00075.npy,5rjQU4vOIlw,170,180,Here we have a live recording of a musician playing the harmonica in a bluesy style. The tone is warm and rich and the mood is reminiscent of a country western film.,"['harmonica playing', 'bluesy', 'warm tone', 'live recording']",neutral
train,jazz,C:\Users\user\Downloads\gnn_bert_music_context\data\processed\graphs\jazz\jazz.00077.pkl,C:\Users\user\Downloads\gnn_bert_music_context\data\processed\features\jazz\jazz.00077.npy,nzpnWuk3RjU,170,180,"This song is a lively Jazz instrumental. The tempo is medium with a spirited piano harmony, syncopated drum rhythm and groovy bass lines. The music is ambient, lively, engaging and catchy with complex chords, irregular beats, improvisations , syncopation and creative freedom for improvisations.","['instrumental', 'medium tempo', 'jazz music', 'funky piano', 'jazz style drumming', 'groovy bass line', 'upbeat', 'ambient', 'engaging', 'lively', 'jazz pianist', 'improvisations', 'complex chords', 'swing notes', 'blues notes', 'irregular beats', 'deliberate syncopation', 'creative', 'poly rhytms']",energetic
train,reggae,C:\Users\user\Downloads\gnn_bert_music_context\data\processed\graphs\reggae\reggae.00063.pkl,C:\Users\user\Downloads\gnn_bert_music_context\data\processed\features\reggae\reggae.00063.npy,Pln4GLIMqKY,30,40,This song has a typical reggaeton drumbeat that just sounds a little softer and not so much in the foreground. A synthetic bass is supporting the drums with a simple bassline. A processed guitar-like sound is panned to the left side of the speakers. Some gameboy coinlike sound is popping up here and there. A male voice is rapping while getting backing voices from another male voice. This song may be playing at a latin barber shop.,"['rap/reggeaton', 'electronic drums', 'sub bass', 'sound-effects', 'instrument samples', 'keys', 'male voice rapping', 'moderate tempo']",calm
train,rock,C:\Users\user\Downloads\gnn_bert_music_context\data\processed\graphs\rock\rock.00027.pkl,C:\Users\user\Downloads\gnn_bert_music_context\data\processed\features\rock\rock.00027.npy,zYM0gtd_PRo,30,40,The music is a soft rock ballad with Hawaiian sounds. The melody is driven by a gliding steel pedal guitar. In the background a synth string section can be heard sustaining chords creating a relaxed ambience. The atmosphere of the song is easy going and relaxed. This is a song you would hear at a hotel lobby in Hawaii.,"['steel pedal guitar', 'hawaiian', 'soft rock ballad', 'synth string section', 'tight drum kit', 'relaxed', 'laid back']",calm
train,blues,C:\Users\user\Downloads\gnn_bert_music_context\data\processed\graphs\blues\blues.00079.pkl,C:\Users\user\Downloads\gnn_bert_music_context\data\processed\features\blues\blues.00079.npy,EBpa2CADNJA,140,150,This is a live recording of a blues piece being played by a guitarist. The audio recording is vintage and the quality could be improved. The guitarist plays an intricate finger picked piece with slides embedded between the plucked notes.,"['live recording', 'tutorial', 'blues guitar', 'guitar slide', 'blues', 'mellow blues']",calm
train,disco,C:\Users\user\Downloads\gnn_bert_music_context\data\processed\graphs\disco\disco.00000.pkl,C:\Users\user\Downloads\gnn_bert_music_context\data\processed\features\disco\disco.00000.npy,KoAGZ_dB8MM,60,70,"A female singer sings this eerie melody. The song is medium tempo with a rolling bells keyboard harmony, and other ambient echo tones and harp tones. The song is haunting and unsettling. The audio quality is very poor and not enjoyable.","['female singer', 'faint vocals', 'eerie', 'haunting', 'emotional', 'poor audio quality', 'discomforting effect', 'poignant', 'unsettling', 'offbeat', 'quirky', 'amateur music production', 'haunting harmony', 'horror film soundtrack', 'no percussions', 'harp accompaniment', 'keyboard harmony', 'medium tempo']",dark
train,classical,C:\Users\user\Downloads\gnn_bert_music_context\data\processed\graphs\classical\classical.00089.pkl,C:\Users\user\Downloads\gnn_bert_music_context\data\processed\features\classical\classical.00089.npy,2Ic1zm9mBjk,30,40,"The song is an instrumental. The song is medium tempo with a sitar playing solo, tabla playing percussively and other Indian percussion instruments. The song is emotional and poignant. The audio quality is very ordinary.","['classical hindustani music', 'sitar playing', 'sitarist', 'ethic indian instruments', 'double time percussion rhythm', 'groovy', 'himdustani music hits', 'live performance', 'tabla playing percussively', 'medium tempo', 'love performance', 'concert hall', 'instrumentals music', 'replacing', 'passionate', 'emotional', 'romantic', 'nostalgia', 'poor audio quality', 'ambient noises']",romantic
train,rock,C:\Users\user\Downloads\gnn_bert_music_context\data\processed\graphs\rock\rock.00097.pkl,C:\Users\user\Downloads\gnn_bert_music_context\data\processed\features\rock\rock.00097.npy,53UF6F7D284,30,40,"The low quality recording features a southern rock song that consists of a fruity male vocal singing over groovy bass guitar, low toms and wide electric guitar melody. It sounds emotional and nostalgic.","['low quality', 'southern rock', 'wide electric guitar melody', 'groovy bass', 'low toms', 'fruity male vocal', 'emotional', 'nostalgic']",sad
train,hiphop,C:\Users\user\Downloads\gnn_bert_music_context\data\processed\graphs\hiphop\hiphop.00035.pkl,C:\Users\user\Downloads\gnn_bert_music_context\data\processed\features\hiphop\hiphop.00035.npy,7avMUhHOCR8,30,40,"A male vocalist sings this enthusiastic Electro Hop. The tempo is fast with synthesiser articulation, Dj mixer and digital drum beats. The song has emphatic, insistent vocals, punchy, youthful, buoyant, funky,strong,psychedelic,  persuasive, groovy and untiring. This song is a contemporary Electronic HIp-Hop.","['male vocalist', 'fast tempo', 'rap', 'hip-hop', 'edm', 'funky', 'drum machines', 'electronica', 'trap', 'dance music', 'club music', 'electro hop', 'heavy bass', 'electro house', 'edm trap', 'rave music', 'psychedelic', 'hypnotic', 'dj mixer', 'electronic arrangements', 'digital drums', 'synthesiser articulation', 'rhythmic patter', 'vigorous vocals', 'youthful', 'incessant', 'persuasive', 'emphatic', 'energetic', 'enthusiastic']",energetic
train,country,C:\Users\user\Downloads\gnn_bert_music_context\data\processed\graphs\country\country.00056.pkl,C:\Users\user\Downloads\gnn_bert_music_context\data\processed\features\country\country.00056.npy,oNryELagQUM,20,30,A female singer sings this beautiful melody. The tempo is medium with a string section harmony and a strong bass line. The audio quality is poor. The song is a retro pop hit with inspiring and romantic vibes.,"['female singer', 'lilting vocals', 'strong bass line', 'poor audio quality', 'country hits', 'diva', 'timeless hits', 'classic hits', 'emotional', 'romantic', 'life lessons', 'inspiring', 'motivational', 'loving', 'romantic', 'medium tempo', 'retro pop hits', 'diva', 'string section harmony', 'medium tempo']",romantic
train,pop,C:\Users\user\Downloads\gnn_bert_music_context\data\processed\graphs\pop\pop.00063.pkl,C:\Users\user\Downloads\gnn_bert_music_context\data\processed\features\pop\pop.00063.npy,EtmKuWPpjG0,230,240,This pop song features a female voice singing the main melody. This is accompanied by male and female backing voices. The voices sing a repetitive melody. This is accompanied by percussion playing a simple beat. Trumpets play a backing melody. The bass plays a groovy descending bassline. The mood of this song is happy. This song can be played at a club.,"['pop song', 'female voice', 'male backing voice', 'female backing voice', 'percussion', 'trumpet', 'bass', 'moderate tempo', 'dance song', 'repetitive melody', 'happy mood']",happy
train,rock,C:\Users\user\Downloads\gnn_bert_music_context\data\processed\graphs\rock\rock.00056.pkl,C:\Users\user\Downloads\gnn_bert_music_context\data\processed\features\rock\rock.00056.npy,yQN9gj7Vk0w,70,80,"The low quality recording features a rock song that consists of a flat male vocal, alongside background male vocals, singing over shimmering hi hats, groovy bass, punchy kick and snare hits and electric guitar melodies. It sounds energetic and emotional.","['low quality', 'rock', 'background male vocal', 'flat male vocal', 'shimmering hi hats', 'electric guitars melodies', 'groovy bass', 'punchy kick', 'punchy snare', 'emotional', 'energetic']",energetic
train,disco,C:\Users\user\Downloads\gnn_bert_music_context\data\processed\graphs\disco\disco.00005.pkl,C:\Users\user\Downloads\gnn_bert_music_context\data\processed\features\disco\disco.00005.npy,oFCzd9bJo9A,70,80,"The song contains a flutesound, brass-section, e-bass and some lower register keys all playing the same funky and repetitive melody. The drums are holding a straight rhythm while the hits on the ride are played in a light swing. This song may be played at a rollerblade disco.","['funk/discofunk', 'dancemood', 'e-bass', 'flutesound', 'jazz piano', 'brass section', 'uptempo']",energetic
train,pop,C:\Users\user\Downloads\gnn_bert_music_context\data\processed\graphs\pop\pop.00094.pkl,C:\Users\user\Downloads\gnn_bert_music_context\data\processed\features\pop\pop.00094.npy,-wymN80CiYU,130,140,"A male singer sings this beautiful melody with backup singers in vocal harmony. The song is medium tempo with a percussive string section, strong bass line, guitar lead, steady drumming rhythm , keyboard accompaniment and various percussion clicks. The song is emotional and romantic. The song is of poor audio quality.","['male singer', 'backup singers', 'guitar lead', 'medium tempo', 'steady drumming rhythm', 'string section playing rhythmically', 'cymbals crashing', 'slick percussion clicks', 'strong bass line', 'keyboard harmony', 'modern pop hits', 'emotional', 'romantic', 'together for ever', 'i’m sorry', 'forgive me', 'love song', 'poor audio quality', 'heartfelt', 'vocal harmony', 'clapping percussions']",romantic
train,country,C:\Users\user\Downloads\gnn_bert_music_context\data\processed\graphs\country\country.00057.pkl,C:\Users\user\Downloads\gnn_bert_music_context\data\processed\features\country\country.00057.npy,rfa-iUp5UQc,50,60,This is an intricate country guitar performance. The guitarist plays slide guitar. The playing is complex. There is a tambourine as a percussive element on every beat. It's a live recording.,"['country', 'country guitar', 'acoustic guitar', 'slide guitar', 'acoustic guitar arpeggio', 'tambourine', 'live recording', 'intricate guitar playing']",neutral
train,rock,C:\Users\user\Downloads\gnn_bert_music_context\data\processed\graphs\rock\rock.00038.pkl,C:\Users\user\Downloads\gnn_bert_music_context\data\processed\features\rock\rock.00038.npy,b8okzVltB5Q,30,40,This rock and roll song is a live recording of low quality. This features a male voice singing the main melody. This is accompanied by percussion playing a simple melody in common time. The bass plays a rock and roll bassline. The keyboard plays chords and fills using a piano tone. An acoustic guitar plays chords. A voice from the crowd sings a quirky sound at the beginning of the second bar. This song can be used in a retro movie in a music festival or carnival scene.,"['rock and roll', 'live recording', 'low quality recording', 'amateur band', 'acoustic song', 'bass', 'quirky sounds from the crowd', 'piano', 'percussion', 'moderate tempo']",neutral
train,reggae,C:\Users\user\Downloads\gnn_bert_music_context\data\processed\graphs\reggae\reggae.00006.pkl,C:\Users\user\Downloads\gnn_bert_music_context\data\processed\features\reggae\reggae.00006.npy,S_Z7o4OmU30,30,40,"The Reggae/Dub song features a subtle funky electric guitar melody with echoing guitar pedal effects on, punchy snare, soft kick hits, groovy bass and shimmering cymbals, while the wide harmonizing male vocals are singing over it. It sounds easygoing and chill, like something you would listen to on a beautiful Sunday afternoon.","['reggae/dub', 'punchy snare', 'subtle funky electric guitar melody', 'wide harmonizing male vocals', 'echoing guitar pedal effects', 'shimmering cymbals', 'soft kick', 'easygoing', 'chill', 'groovy bass']",calm
train,pop,C:\Users\user\Downloads\gnn_bert_music_context\data\processed\graphs\pop\pop.00091.pkl,C:\Users\user\Downloads\gnn_bert_music_context\data\processed\features\pop\pop.00091.npy,gigxzYegRqM,90,100,"A male singer sings this cool melody in the background with a bunch of female singers singing a little jig in a different key. The song is medium tempo with steady drumming, tambourine percussion, trumpets blaring, strong bass line and a piano accompaniment. The song serves as a background music to a group of females singing a jig in a different key. The song is a modern pop dance tune.","['female singers', 'male singer singing', 'different music tracks superimposed', 'bad quality audio', 'group singing', 'strong bass line', 'game show', 'talent show', 'musical background', 'trumpets blaring', 'medium fast tempo', 'clapping rhythm', 'steady drumming bass line', 'piano accompaniment', 'strong abs slime', 'dance groove', 'pop song', 'retro pop song', 'cheerful positive', 'spirited', 'game time', 'fun', 'cheerful']",energetic
train,reggae,C:\Users\user\Downloads\gnn_bert_music_context\data\processed\graphs\reggae\reggae.00037.pkl,C:\Users\user\Downloads\gnn_bert_music_context\data\processed\features\reggae\reggae.00037.npy,C4-mZ1jGQ-E,30,40,"The Reggae song features a flat male vocal rapping over shimmering cymbals, heavy bass, bouncy snare, wide sustained synth lead and ""4 on the floor"" kick pattern. Even though the song is uptempo, it sounds easygoing and like something you would listen to in a car, or while chilling.","['reggae', 'boomy', 'flat male vocal', 'shimmering cymbals', 'heavy bass', 'bouncy snare', 'wide sustained synth lead', '4 on the floor kick', 'easygoing', 'uptempo']",energetic
train,hiphop,C:\Users\user\Downloads\gnn_bert_music_context\data\processed\graphs\hiphop\hiphop.00007.pkl,C:\Users\user\Downloads\gnn_bert_music_context\data\processed\features\hiphop\hiphop.00007.npy,4HfU5OQUqq0,220,230,"A male artist talks and makes drilling noises. The song is a modern hip hop song with male rap vocals, hip hop drumming rhythm, heavy bass drops and keyboard harmony. The track has ambient room noises and the music track is very faint. The audio quality is very average.","['vocal male monologue', 'drilling noises', 'youtube tutorial', 'medium tempo', 'documentary soundtrack', 'modern', 'cool', 'positive', 'groovy bass line', 'ambient room notes', 'male rap singer', 'memdium tempo', 'groovy bas slime', 'hip hop drumming rhythm', 'syncopated rhythm', 'groovy rhythm', 'soft music background track', 'documentary soundtrack', 'poor audio quality', 'strong bass drops', 'keyboard percussive tones']",happy
train,rock,C:\Users\user\Downloads\gnn_bert_music_context\data\processed\graphs\rock\rock.00002.pkl,C:\Users\user\Downloads\gnn_bert_music_context\data\processed\features\rock\rock.00002.npy,1_YHHL_t2GI,150,160,"The low quality recording features clapping and shoe tapping sounds over rock songs played on playback. The song consists of a passionate male vocal that sings over punchy kick and snare hits, shimmering hi hats, electric guitar melody and groovy bass guitar. The recording is in mono and a bit noisy, as it was probably recorded with a phone.","['low quality', 'clapping', 'shoe tapping', 'mono', 'noisy', 'rock', 'playback', 'passionate male vocal', 'electric guitar melody', 'punchy snare', 'shimmering hi hats', 'groovy bass guitar', 'punchy kick']",romantic
train,reggae,C:\Users\user\Downloads\gnn_bert_music_context\data\processed\graphs\reggae\reggae.00029.pkl,C:\Users\user\Downloads\gnn_bert_music_context\data\processed\features\reggae\reggae.00029.npy,R5JRh08zgMo,30,40,"The Reggae song features a flat male vocal singing, alongside wide background harmonizing female vocals, over metallic snare, simple kick hits, offbeat acoustic rhythm guitar chords, groovy bass, electric guitar licks and tinny percussive elements widely spread in the stereo image. Sounds happy and uplifting, like something you can listen to while chilling at the beach.","['reggae', 'offbeat acoustic rhythm guitar chords', 'wide background harmonizing female vocals', 'flat male vocal', 'groovy bass', 'electric guitar licks', 'metallic snare', 'wide tinny percussive elements', 'happy', 'uplifting', 'simple kick']",happy
train,metal,C:\Users\user\Downloads\gnn_bert_music_context\data\processed\graphs\metal\metal.00049.pkl,C:\Users\user\Downloads\gnn_bert_music_context\data\processed\features\metal\metal.00049.npy,4QJktFv916o,170,180,"The low quality recording features a metal song that consists of female opera vocal singing over double pedal kick, punchy snare, energetic cymbals, wide electric guitar melody and groovy bass guitar. It sounds aggressive, energetic and upbeat.","['low quality', 'metal', 'punchy snare', 'double pedal kick', 'female opera vocal', 'wide electric guitar melody', 'groovy bass', 'energetic cymbals', 'aggressive', 'upbeat', 'energetic']",energetic
train,classical,C:\Users\user\Downloads\gnn_bert_music_context\data\processed\graphs\classical\classical.00086.pkl,C:\Users\user\Downloads\gnn_bert_music_context\data\processed\features\classical\classical.00086.npy,whZygh228yw,150,160,"The song is an instrumental piece. The song is medium tempo with a furiously playing timpani percussion, string section playing, horns playing and low pitched harmony that evokes danger and suspense. The song is a modern western classical instrumental.","['western classical music', 'tense', 'ominous', 'utmost importance', 'life changing moments', 'eerie', 'spirited', 'passionate', 'opera hall', 'creating fear', 'timpani percussions', 'drums playing furiously', 'string section', 'conductor', 'composer', 'horn section', 'brass section', 'emotional', 'scary', 'building anticipation', 'philharmonic orchestra']",dark
train,disco,C:\Users\user\Downloads\gnn_bert_music_context\data\processed\graphs\disco\disco.00038.pkl,C:\Users\user\Downloads\gnn_bert_music_context\data\processed\features\disco\disco.00038.npy,7l4-QmvXxEs,80,90,This is a space disco music piece. It is a funky version of the Star Wars movie theme. There is a lively combination of the strings and the brass sections playing the main melody while a groovy bass guitar is playing alongside them. The rhythmic background is composed of a disco type acoustic drum beat. Robotic sounds akin to the ones that can be heard in the movie are added in the music. The atmosphere is unique and danceable. This piece could be used in retro-themed parties. It could also be playing in the background at a Star Wars themed event.,"['space disco', 'funk', 'instrumental', 'star wars', 'movie theme', 'strings', 'brass', 'bass guitar', 'acoustic drums', 'robotic sound effects', 'lively', 'unique', 'danceable', 'outer space']",energetic
train,reggae,C:\Users\user\Downloads\gnn_bert_music_context\data\processed\graphs\reggae\reggae.00091.pkl,C:\Users\user\Downloads\gnn_bert_music_context\data\processed\features\reggae\reggae.00091.npy,KFB1raoIhoU,80,90,A drum is playing a groove with a strong snare sound. An e-guitar is strumming short funky chords on the offbeat creating a reggae style rhythm. A male backing voice is shouting in the same offbeat. An e-bass is playing a soft funky bassline while a male voice sings in the mid range. A trumpet is adding a short melody on top spicing up the good vibes. This song may be playing in a car racing video-game.,"['funk/dance', 'e-guitar', 'drums', 'trumpets', 'male voice singing', 'male backing voice', 'e-bass', 'uptempo', 'good energetic vibes']",energetic
train,rock,C:\Users\user\Downloads\gnn_bert_music_context\data\processed\graphs\rock\rock.00014.pkl,C:\Users\user\Downloads\gnn_bert_music_context\data\processed\features\rock\rock.00014.npy,7Mv4eKPe850,110,120,"The low quality recording features a live performance of a rock song that consists of an energetic female vocal singing over electric guitar chords, punchy snare and kick hits and distorted bass guitar. The recording is very noisy and buzzy, in mono, muffled and messy, as it was probably recorded with a phone. It still sounds energetic.","['low quality', 'buzzy', 'noisy', 'rock', 'mono', 'energetic', 'muffled', 'messy', 'distorted', 'live performance', 'punchy kick', 'punchy snare', 'distorted bass', 'energetic female vocal', 'electric guitar chords']",energetic
train,country,C:\Users\user\Downloads\gnn_bert_music_context\data\processed\graphs\country\country.00053.pkl,C:\Users\user\Downloads\gnn_bert_music_context\data\processed\features\country\country.00053.npy,W00eTCOgUNs,60,70,"This country song features a female voice singing the main melody. Another female voice sings backing vocals in harmony with the main voice. This is accompanied by percussion playing a simple beat in common time. A guitar strums chords. The bass plays the root notes of the chords. After the voices pause, a guitar solo is played in a repetitive pattern. The mood of this song is romantic. Other instruments cannot be heard due to low quality of audio. This song can be played in a romantic movie.","['country song', 'female voice', 'female backing voice', 'guitar', 'percussion', 'low quality audio', 'bass', 'moderate tempo', 'tambourine', 'romantic mood']",romantic
train,blues,C:\Users\user\Downloads\gnn_bert_music_context\data\processed\graphs\blues\blues.00051.pkl,C:\Users\user\Downloads\gnn_bert_music_context\data\processed\features\blues\blues.00051.npy,BEZdszHKGTQ,20,30,"This is a tutorial of a song that could be described as blues-rock. The performer plays the harmonica while strumming chords on an acoustic guitar. The feel of the instrumental is reflective, mellow and bluesy.","['harmonica', 'guitar', 'live recording', 'tutorial video', 'acoustic guitar strumming', 'bluesy harmonica playing', 'bluesy guitar chords', 'male speaking']",calm
train,disco,C:\Users\user\Downloads\gnn_bert_music_context\data\processed\graphs\disco\disco.00051.pkl,C:\Users\user\Downloads\gnn_bert_music_context\data\processed\features\disco\disco.00051.npy,JlzlNpttvVM,30,40,"The Disco song features a passionate male vocalist singing over funky electric guitar melody, groovy bass, punchy kick and snare hits, shimmering hi hats and groovy synth keys melody. It sounds groovy, funky and passionate.","['disco', 'passionate male vocal', 'funky electric guitar melody', 'groovy bass', 'punchy kick', 'punchy snare', 'shimmering hi hats', 'groovy synth keys melody', 'passionate', 'groovy', 'funky']",romantic
train,pop,C:\Users\user\Downloads\gnn_bert_music_context\data\processed\graphs\pop\pop.00019.pkl,C:\Users\user\Downloads\gnn_bert_music_context\data\processed\features\pop\pop.00019.npy,qutPvh6TFd8,30,40,"This song features two harps playing a melody. In the beginning, both harps play the harp complimenting each other. After one bar, one of the harps plays the higher repetitive phrase and the other harp plays the lower register notes. This song has a happy mood. There are no other instruments in this song. There are no voices in this song. This song can be played in an inspirational video.","['harp song', 'no voices', 'no other instruments', 'instrumental', 'pop melody', 'happy song', 'moderate tempo', 'inspirational music']",happy
train,rock,C:\Users\user\Downloads\gnn_bert_music_context\data\processed\graphs\rock\rock.00029.pkl,C:\Users\user\Downloads\gnn_bert_music_context\data\processed\features\rock\rock.00029.npy,yj4xorgrbV4,30,40,This audio contains acoustic drums playing a groove with a lot of cymbal hits. An e-bass is holding the groove while a distorted e-guitar is playing a solo in a higher register. In the background you can hear another e-guitar playing something like an arpeggio melody in the mid-range. This song may be playing in the rehearsal band room practicing drumming to a backing song.,"['post-rock', 'acoustic drums', 'e-guitars', 'e-bass', 'uptempo', 'slightly agressive']",energetic
train,blues,C:\Users\user\Downloads\gnn_bert_music_context\data\processed\graphs\blues\blues.00031.pkl,C:\Users\user\Downloads\gnn_bert_music_context\data\processed\features\blues\blues.00031.npy,m8-aK8egg84,90,100,"Solo harmonica playing blues licks, followed by a male voiceover.","['solo harmonica', 'blues licks', 'male voiceover']",neutral
train,metal,C:\Users\user\Downloads\gnn_bert_music_context\data\processed\graphs\metal\metal.00029.pkl,C:\Users\user\Downloads\gnn_bert_music_context\data\processed\features\metal\metal.00029.npy,DYp8940tHso,0,10,This is the guitar cover of a speed metal/progressive metal piece. The distorted electric guitar is playing a solo. There is a rapid and complex procession of notes in the solo which is played by the shredding technique. There is a loud and violent atmosphere to the recording. The quality is quite poor since the recording is a bit dated.,"['cover', 'speed metal', 'progressive metal', 'instrumental', 'distorted electric guitar', 'guitar solo', 'shredding', 'complex', 'rapid', 'violent', 'poor quality']",dark
train,rock,C:\Users\user\Downloads\gnn_bert_music_context\data\processed\graphs\rock\rock.00085.pkl,C:\Users\user\Downloads\gnn_bert_music_context\data\processed\features\rock\rock.00085.npy,6PWiDlWmPs0,30,40,"A male vocalist sings this romantic song. The tempo is medium fast with keyboard harmony, infectious drumming, steady bass lines and electronic guitar. The song is simple, mellow, tender, sentimental, emotional and mellow. This is a Romantic Soft Rock.","['male vocalist', 'medium fast tempo', 'infectious drumming', 'sentimental', 'mellow', 'tender', 'love song', 'first love', 'pop', 'ost', 'you’ve got mail', 'ending song', 'keyboard harmony', 'steady bass lines', 'violin harmony soft', 'mellow', 'romantic', 'soft rock', 'electric guitar']",energetic
train,metal,C:\Users\user\Downloads\gnn_bert_music_context\data\processed\graphs\metal\metal.00055.pkl,C:\Users\user\Downloads\gnn_bert_music_context\data\processed\features\metal\metal.00055.npy,fmHbWq-7-iQ,160,170,"The low quality recording features a soft metal song that consists of muffled male vocals, alongside wide background melodic male vocals, singing over filtered synth pad, uptempo toms rolls, punchy snare and kick hits and shimmering cymbals. It sounds energetic and addictive.","['low quality', 'soft metal', 'uptempo toms rolls', 'punchy snare', 'wide background melodic male vocals', 'muffled male vocal', 'punchy kick', 'shimmering cymbals', 'energetic', 'addictive', 'filtered synth pad melody']",energetic
train,rock,C:\Users\user\Downloads\gnn_bert_music_context\data\processed\graphs\rock\rock.00019.pkl,C:\Users\user\Downloads\gnn_bert_music_context\data\processed\features\rock\rock.00019.npy,-hSMzrWZCAE,30,40,The pop rock music features a male voice singing. An electric guitar with a distortion effect on plays plays two chords every two measures. The drums play a strong rhythm and together with a synth bass drive the pulse of the music.,"['male voice', 'electric guitar', 'distortion effect', 'drums', 'synth bass', 'pop rock genre']",neutral
train,metal,C:\Users\user\Downloads\gnn_bert_music_context\data\processed\graphs\metal\metal.00063.pkl,C:\Users\user\Downloads\gnn_bert_music_context\data\processed\features\metal\metal.00063.npy,kaabXWuPWRg,30,40,"This music clip is an electric guitar solo lead instrumental. The tempo is fast with the guitarist playing a very emphatic, intense riff. No other instruments have been used. The music is loud, intense, engaging and catchy.","['electric guitar', 'instrumental', 'string instrument', 'external amplification', 'vibrations', 'skilful', 'pop', 'jazz', 'country', 'blues', 'heavy metal', 'lead instrument', 'medium tempo', 'sonic power', 'amplified  guitar', 'melodious', 'minimal instrumentation', 'rock', 'hard rock', 'intense', 'loud', 'powerful']",energetic
train,rock,C:\Users\user\Downloads\gnn_bert_music_context\data\processed\graphs\rock\rock.00007.pkl,C:\Users\user\Downloads\gnn_bert_music_context\data\processed\features\rock\rock.00007.npy,8ynjAtF5VnA,40,50,An acoustic drum is playing a fast and complex drum groove with a lot of crash hits and double bass drum. Distorted e-guitars strumming wild chords along with an e-bass holding the melody while a male voice is screaming/singing loud and aggressively. In-between the song high and awkward laughing can be heard. This is an amateur recording. This song may be playing at a hard rock tattoo studio.,"['hardrock/punkrock', 'acoustic drums', 'e-guitars', 'e-bass', 'laughing', 'male voice screaming', 'fast tempo', 'amateur recording', 'agressive']",energetic
train,pop,C:\Users\user\Downloads\gnn_bert_music_context\data\processed\graphs\pop\pop.00042.pkl,C:\Users\user\Downloads\gnn_bert_music_context\data\processed\features\pop\pop.00042.npy,-m9pH0WXQto,110,120,"The Electro Pop song features a flat female vocal, occasionally supported by wide background female doubling vocals, singing over quiet drums, groovy and boomy bass, arpeggiated synth melody and some sound effects of the airplane and the explosion. In the second part, the drums cut through the mix more, therefore they are more audible, while the new elements appear, including shimmering bells and simple hi hats. Sounds like a low quality recording, especially because of that first part of the loop.","['electro pop', 'low quality', 'flat female vocal', 'wide background female doubling vocals', 'airplane sound effect', 'explosion sound effect', 'arpeggiated synth melody', 'shimmering tinny bells melody', 'energetic muffled crash cymbals', 'quiet drums', 'boomy groovy bass', 'simple hi hats', '4 on the floor kick', 'claps']",energetic
train,country,C:\Users\user\Downloads\gnn_bert_music_context\data\processed\graphs\country\country.00071.pkl,C:\Users\user\Downloads\gnn_bert_music_context\data\processed\features\country\country.00071.npy,LFYRuK8YstI,30,40,This amateur recording features a male voice singing the main melody. This is accompanied by a banjo being strummed in a country rhythm. This song is sung at a moderate tempo. This song has a patriotic feel. There are no other instruments in this song apart from the tenor banjo. This song can be played in a patriotic American movie.,"['country song', 'banjo song', 'amateur recording', 'no percussion', 'male voice', 'moderate tempo', 'folk song', 'minimal instruments', 'patriotic song']",neutral
train,rock,C:\Users\user\Downloads\gnn_bert_music_context\data\processed\graphs\rock\rock.00013.pkl,C:\Users\user\Downloads\gnn_bert_music_context\data\processed\features\rock\rock.00013.npy,BHu95Y_kVQA,30,40,This song contains acoustic drums playing a steady groove with an uplifting bassline that repeats itself. An e-guitar is playing a single note melody while strings and an organ are elevating the energy with long higher register chords. Some backing vocals are singing along to the strings while the male voice is singing his melody. This song may be playing on a sunny day at the park having a picnic.,"['rock&roll', 'acoustic drum', 'e-bass', 'organ', 'e-guitar', 'male voice singing', 'uptempo', 'positive vibes']",happy
train,hiphop,C:\Users\user\Downloads\gnn_bert_music_context\data\processed\graphs\hiphop\hiphop.00020.pkl,C:\Users\user\Downloads\gnn_bert_music_context\data\processed\features\hiphop\hiphop.00020.npy,iTV3Otwq_dI,60,70,Someone is scratching along to a hip hop style backing song containing digital drums and a synth arpeggio sound playing in the midrange. Two male voices are speaking. This song may be playing while practicing scratching.,"['amateur recording', 'hiphop', 'scratching', 'male voices speaking', 'synth arpeggio', 'digital drums', 'uptempo']",energetic
train,pop,C:\Users\user\Downloads\gnn_bert_music_context\data\processed\graphs\pop\pop.00089.pkl,C:\Users\user\Downloads\gnn_bert_music_context\data\processed\features\pop\pop.00089.npy,nbYdiazwUQo,30,40,"A tropical feeling electronic pop track with heavily processed autotuned vocals hard panned left right and center. The cumbia beat, lots of percussion, synthesizer melody and a syncopated bass give the music a light, friendly, and youthful vibe;","['autotuned vocals', 'hard panned vocals', 'heavy vocal processing', 'tropical electronic', 'pop', 'syncopated bass', 'cumbia beat', 'light', 'friendly', 'youthful', 'percussion', 'synth melody']",calm
train,classical,C:\Users\user\Downloads\gnn_bert_music_context\data\processed\graphs\classical\classical.00093.pkl,C:\Users\user\Downloads\gnn_bert_music_context\data\processed\features\classical\classical.00093.npy,M4rXhyyvERM,40,50,"This is the recording of a jazz improvisation performance. It is in an instrumental piece performed with a keyboard that utilizes a classical piano sound. The chords are being played gently which creates a calming atmosphere. Due to various chords and lines being played in this performance, parts of it could be lifted to be used as piano samples for a beat. It could also be playing in the background of a restaurant or a jazz bar.","['jazz', 'improvisation', 'no singer', 'instrumental', 'single instrument', 'jam', 'keyboard', 'piano sound', 'gentle', 'calming']",calm
train,metal,C:\Users\user\Downloads\gnn_bert_music_context\data\processed\graphs\metal\metal.00023.pkl,C:\Users\user\Downloads\gnn_bert_music_context\data\processed\features\metal\metal.00023.npy,OcdrbkDm2LQ,30,40,"The Soul Instrumental features an addictive marimba melody, shimmering shakers, punchy kick hits, syncopated snare and tinny metallic percussive elements. It sounds narrow because it is recorded with one mono room microphone and therefore it is a low quality recording.","['soul', 'low quality', 'instrumental', 'marimba melody', 'shimmering shakers', 'tinny metallic percussive elements', 'punchy kick', 'syncopate snare hits', 'low quality', 'mono', 'room microphone']",energetic
train,pop,C:\Users\user\Downloads\gnn_bert_music_context\data\processed\graphs\pop\pop.00047.pkl,C:\Users\user\Downloads\gnn_bert_music_context\data\processed\features\pop\pop.00047.npy,Zbmm_hXcrA0,160,170,"The low quality recording features a pop song that consists of suspenseful synth, repetitive piano melody, filtered synth bass and sustained strings melody located in the left channel of the stereo image. It sounds uplifting, soulful and exciting.","['pop', 'low quality', 'suspenseful synth', 'repetitive piano melody', 'filtered synth bass', 'sustained strings melody', 'soulful', 'uplifting', 'exciting']",dark
train,hiphop,C:\Users\user\Downloads\gnn_bert_music_context\data\processed\graphs\hiphop\hiphop.00049.pkl,C:\Users\user\Downloads\gnn_bert_music_context\data\processed\features\hiphop\hiphop.00049.npy,TrvI6t4pAP0,30,40,"A male rapper sings this rap medley with a backup singer in vocal harmony. The song is medium tempo with a boomy bass line, synth string section and piano accompaniment. The song is storytelling and haunting in its style. The song is a retro rap song with poor audio quality.","['bad audio quality', 'male rapper', 'story telling', 'emotional', 'male backup singer', 'piano accompaniment', 'medium tempo', 'eerie', 'haunting', 'serious', 'steady drumming rhythm', 'boomy bass line', 'keyboard harmony', 'aggressive', 'rap song', 'goth rap', 'synth string section']",dark
train,rock,C:\Users\user\Downloads\gnn_bert_music_context\data\processed\graphs\rock\rock.00049.pkl,C:\Users\user\Downloads\gnn_bert_music_context\data\processed\features\rock\rock.00049.npy,BT4env-Tw2o,30,40,This song has a bassline that repeats itself playing along with a distorted guitar that supports the melody by playing the low notes along with slight variations and licks. The acoustic drums sound in the background but are played at full force. Fast paced with a lot of hits on different crashes and using a double bass kick. The male voice is screaming full force then a synthesizer lead sound is playing a simple melody that is panned to the right side of the speakers. This song may be playing at a live-concert jumping up and down enjoying the energetic energy of the surrounding and the music.,"['punkrock', 'e-guitar', 'e-bass', 'loud acoustic drums', 'male', 'screaming voice', 'synthesizer lead sound', 'energetic', 'medium to uptempo']",energetic
train,blues,C:\Users\user\Downloads\gnn_bert_music_context\data\processed\graphs\blues\blues.00092.pkl,C:\Users\user\Downloads\gnn_bert_music_context\data\processed\features\blues\blues.00092.npy,DlU56FGTVEk,30,40,"The low quality record features a blues song played on some device and it features brass melody, electric guitar solo melody, energetic drums, smooth bass and passionate male vocal singing over it. It sounds crushed, distorted and noisy.","['low quality', 'blues', 'electric guitar solo', 'passionate male vocal', 'energetic drums', 'brass melody', 'smooth bass', 'crushed', 'distorted', 'noisy']",romantic
train,pop,C:\Users\user\Downloads\gnn_bert_music_context\data\processed\graphs\pop\pop.00016.pkl,C:\Users\user\Downloads\gnn_bert_music_context\data\processed\features\pop\pop.00016.npy,ROM--1yVra8,180,190,"This is a pop music piece. There is a medium-to-high pitch male vocal singing melodically in the lead. The melody is being played by the strings and the piano. There is a loud but simple electronic drum beat in the rhythmic background. The piece is in major key, so there is an optimistic aura. The piece could be used in the soundtracks of teenage dramas. It could also work well in an advertisement jingle.","['pop music', 'medium-to-high pitch male vocal', 'melodic singing', 'electronic drums', 'strings', 'piano', 'bass', 'optimistic', 'passionate', 'emotional']",romantic
train,jazz,C:\Users\user\Downloads\gnn_bert_music_context\data\processed\graphs\jazz\jazz.00008.pkl,C:\Users\user\Downloads\gnn_bert_music_context\data\processed\features\jazz\jazz.00008.npy,-XkbErI_7EU,50,60,This slow jazz song features male voices singing the main melody in harmony. This is accompanied by percussion playing a simple beat. The double bass plays the root notes of the chords. Trumpets play a fill in harmony in between lines. A piano plays an arpeggiated chord at the end of the first line. This song has a romantic mood. This song can be played in a classic romantic movie.,"['slow jazz song', 'barbershop quartet', 'trumpets', 'double bass', 'vocal harmony', 'male voices', 'piano', 'slow tempo', 'romantic song']",calm
train,disco,C:\Users\user\Downloads\gnn_bert_music_context\data\processed\graphs\disco\disco.00030.pkl,C:\Users\user\Downloads\gnn_bert_music_context\data\processed\features\disco\disco.00030.npy,DOb8htND5_o,30,40,"This disco song features female voices and male voices singing vocables in harmony in the background. A synth melody is played in the foreground. Toward the end of the melody, a synth swell is played in a ringing tone. At the peak, the percussion starts to play a dance beat. The synth changes melody to a faster rhythm. The mood of this song is happy and upbeat. This song can be played in a club.","['disco song', 'dance song', 'female voices', 'male voices', 'programmed percussion', 'vocables', 'synth song', 'moderate tempo', 'happy mood']",happy
train,disco,C:\Users\user\Downloads\gnn_bert_music_context\data\processed\graphs\disco\disco.00052.pkl,C:\Users\user\Downloads\gnn_bert_music_context\data\processed\features\disco\disco.00052.npy,yzjbAxCnt7U,50,60,"The Disco song features a passionate male vocal, alongside harmonizing background vocals, singing over sustained strings melody, piano melody, brass melody, punchy kick and snare hits, shimmering hi hats and some claps. It sounds funky, addictive and passionate - like something you would hear in clubs during the 70s.","['disco', 'harmonizing background vocals', 'passionate male vocal', 'sustained strings melody', 'piano melody', 'brass melody', 'punchy kick', 'punchy snare', 'shimmering hi hats', 'claps', 'funky', 'addictive', 'passionate']",romantic
train,blues,C:\Users\user\Downloads\gnn_bert_music_context\data\processed\graphs\blues\blues.00049.pkl,C:\Users\user\Downloads\gnn_bert_music_context\data\processed\features\blues\blues.00049.npy,YIhfk4Zaevk,30,40,"Instrumental Chicago blues music featuring a saxophone melody interspersed with licks from harmonica, Hammond style organ, acoustic piano and electric guitar. The drums play a shuffled backbeat on the snare and low toms under a repetitive electric bass riff. Would be at home in a roadhouse or barbecue festival.","['instrumental', 'chicago blues', 'saxophone', 'harmonica', 'electric guitar', 'acoustic piano', 'shuffle', 'repetitive bass riff', 'low tom backbeat', 'hammond organ']",neutral
train,pop,C:\Users\user\Downloads\gnn_bert_music_context\data\processed\graphs\pop\pop.00070.pkl,C:\Users\user\Downloads\gnn_bert_music_context\data\processed\features\pop\pop.00070.npy,BWSJjF32tQA,240,250,"The song is an instrumental. The song is medium tempo with a moog bass accompaniment, keyboard organ tone and a strong bass line. The song is emotional and poignant. The song is a new age pop soundtrack.","['moog bass', 'keyboard accompaniment', 'experimental', 'experimental', 'abstract', 'art music', 'documentary soundtrack', 'instrumental music', 'memdium tempo', 'organ accompaniment', 'strong bass line', 'emotional', 'melancholic', 'poignant', 'playful', 'inspirational', 'motivational', 'new age', 'song introduction']",sad
train,rock,C:\Users\user\Downloads\gnn_bert_music_context\data\processed\graphs\rock\rock.00045.pkl,C:\Users\user\Downloads\gnn_bert_music_context\data\processed\features\rock\rock.00045.npy,UoGXR3V5Mro,30,40,This is a low quality recording of a sped up song. The song features voices that have reached a high pitch of singing due to the sped up tempo. This is accompanied by percussion playing at a fast tempo. Distortion guitars are playing power chords but are now at a higher pitch due to speeding up the song. The bass plays the root notes of the chords. The song has a quirky mood. It can be used in a comedy movie.,"['punk rock', 'sped up song', 'cartoon voices', 'distortion guitars', 'low quality recording', 'fast paced drumming', 'fast tempo']",energetic
train,jazz,C:\Users\user\Downloads\gnn_bert_music_context\data\processed\graphs\jazz\jazz.00052.pkl,C:\Users\user\Downloads\gnn_bert_music_context\data\processed\features\jazz\jazz.00052.npy,UR3k09hOxI4,30,40,The song is an instrumental. The song is in medium tempo with various Latin percussions playing syncopated rhythms and an organ playing accompaniment. The song is a Latin Jazz tune with a definite dance rhythm. The audio quality is mediocre.,"['latin dance rhythm', 'latin percussions', 'mediocre audio quality', 'latin dancers', 'emotional', 'passionate', 'energetic', 'organ accompaniment', 'instrumental music', 'latin percussion instruments', 'syncopated rhythms', 'groovy dance music', 'groovy bass line', 'latin jazz music', 'medium tempo']",romantic
train,pop,C:\Users\user\Downloads\gnn_bert_music_context\data\processed\graphs\pop\pop.00044.pkl,C:\Users\user\Downloads\gnn_bert_music_context\data\processed\features\pop\pop.00044.npy,uAYPacrJnyQ,30,40,The song has a futuristic kind of feel. It's a synth pop song with a female vocalist who has a robotic filter and autotune applied to her voice. The feel of the song is sort of epic and progressive. It's action-oriented and feels like something cool is about to happen.,"['futuristic synth pop', 'female pop vocal', 'filtered pop vocal', 'robotic vocal filter', 'autotuned female vocal', 'fast paced bass synth', 'clapping hands effect']",energetic
train,pop,C:\Users\user\Downloads\gnn_bert_music_context\data\processed\graphs\pop\pop.00001.pkl,C:\Users\user\Downloads\gnn_bert_music_context\data\processed\features\pop\pop.00001.npy,4vWChPYkuwA,70,80,"A male vocalist sings this Pop song. The tempo is slow with a melodic and emphatic piano accompaniment. This bit has minimal instrumentation as it is the introduction. The music is burgeoning with a cymbal crash introduced at the end of this clip. The song is slow, sad, poignant, reflective and nostalgic. This song is a hit Pop Rock.","['male singer', 'slow tempo', 'soft', 'emphatic piano', 'cymbal crash', 'strong vocals', 'song introduction', 'hard rock', 'progressive rock', 'alternative/indie', 'progressive pop', 'pop', 'rock', 'art rock', 'queen', 'hit songs', 'freddie mercury', 'ballad', 'opera']",calm
train,blues,C:\Users\user\Downloads\gnn_bert_music_context\data\processed\graphs\blues\blues.00016.pkl,C:\Users\user\Downloads\gnn_bert_music_context\data\processed\features\blues\blues.00016.npy,7cvqeU9Wh-I,10,20,This is a soft rock/blues music piece. There is a male vocalist singing melodically in the lead. The electric guitar is playing bits and pieces of sound with the slide technique. There is a synth string sound in the background. The piece has a story-telling mood to it. The atmosphere is calm. This piece could be playing in the background at a coffee shop or a seaside restaurant.,"['soft rock', 'blues rock', 'live performance', 'male vocal', 'melodic singing', 'electric guitar', 'slide technique', 'synth strings', 'story-telling mood', 'calm', 'serene']",calm
train,classical,C:\Users\user\Downloads\gnn_bert_music_context\data\processed\graphs\classical\classical.00025.pkl,C:\Users\user\Downloads\gnn_bert_music_context\data\processed\features\classical\classical.00025.npy,kCsmvK06SCA,30,40,"This music is an enthralling Sitar instrumental. The tempo is fast with an animated and melodic Sitar lead Harmony and tanpura accompaniment. The music is based on Hindustani Classical notes. It is captivating, intense, mellifluous, engaging,and fervent.","['instrumental', 'fast tempo', 'indian music', 'engaging', 'fervent', 'enigmatic', 'indian classical', 'sitar', 'hindustan classical music', 'tanpura accompaniment', 'lute family', 'raga', 'vivacious', 'vigorous', 'dexterity', 'skill', 'melodic', 'captivating', 'enthralling', 'instrument of goddess saraswati', 'mellifluous']",energetic
train,disco,C:\Users\user\Downloads\gnn_bert_music_context\data\processed\graphs\disco\disco.00006.pkl,C:\Users\user\Downloads\gnn_bert_music_context\data\processed\features\disco\disco.00006.npy,EC_JNTVDrok,10,20,"This is a funk piece. It has an electronic drum beat with heavy use of claps in the rhythmic background. A synth with an organ sound is playing the melody, but it is filled with effects, so the sound is constantly changing. A fuzzy sounding bass is playing a funky groove in the background. There is an eccentric atmosphere. This piece could be used in the soundtracks of young-adult cartoons.","['funk', 'electronic drums', 'claps', 'organ', 'synth', 'funky bass', 'groovy', 'eccentric', 'hip', 'dance', 'disco']",neutral
train,blues,C:\Users\user\Downloads\gnn_bert_music_context\data\processed\graphs\blues\blues.00047.pkl,C:\Users\user\Downloads\gnn_bert_music_context\data\processed\features\blues\blues.00047.npy,DGbMEkQerYs,30,40,"A male voice is singing along to a blues/rock bassline and acoustic drums. A e-guitar and a banjo are playing the same melody as the bass. All the instruments are playing when the male voice is not singing. Then after fading out a new song starts with a percussive sound, an upright bass, piano and a female voice singing.This song may be playing in a bar.","['rock&roll/soul', 'e-guitar', 'e-bass', 'acoustic guitar', 'piano', 'banjo', 'two songs', 'male voice singing', 'female voice singing', 'upright bass', 'medium to uptempo']",energetic
train,hiphop,C:\Users\user\Downloads\gnn_bert_music_context\data\processed\graphs\hiphop\hiphop.00044.pkl,C:\Users\user\Downloads\gnn_bert_music_context\data\processed\features\hiphop\hiphop.00044.npy,5Y_mT93tkvQ,30,40,"This music is a percussion instrumental. The tempo is fast with an energetic drum machine rhythm.no other instrument has been used.It is vibrant, enthusiastic, bright, simple, energetic, and groovy.","['instrumental', 'fast tempo', 'percussion', 'percussion sounds', 'drum beats', 'drumming patterns', 'synthesized electronic tones', 'hip-hop', 'rap', 'rock', 'kick drum', 'snare', 'hi-hat', 'drum kit imitation', 'digital drum', 'drum machine', 'energetic', 'rhythmic beat', 'catchy', 'punchy', 'vibrant', 'enthusiastic', 'snare', 'groovy', 'cymbal', 'beat']",energetic
train,classical,C:\Users\user\Downloads\gnn_bert_music_context\data\processed\graphs\classical\classical.00016.pkl,C:\Users\user\Downloads\gnn_bert_music_context\data\processed\features\classical\classical.00016.npy,3e6GleQ9sl0,30,40,This song contains someone playing a gentle and warm sounding melody on a violin accompanied by a harp. This song may be playing live.,"['new age/classical', 'violin', 'harp', 'heart warming', 'gentle']",calm
train,pop,C:\Users\user\Downloads\gnn_bert_music_context\data\processed\graphs\pop\pop.00036.pkl,C:\Users\user\Downloads\gnn_bert_music_context\data\processed\features\pop\pop.00036.npy,kOBh4NZ4wZQ,70,80,"A male vocalist sings this smooth Soul song. The tempo is medium with a groovy bass line, trombone harmony, electric guitar rhythm, slick drumming, vocal backup, congas and tambourine  beats with smooth vocal backup. The song is soft, rich, elegant, ambient and smooth. This music is a Funk pop/Soul.","['male singer', 'medium tempo', 'man laughing', 'tambourine beats', 'groovy bass line', 'congas', 'elegant', 'smooth', 'slick', 'bongos', 'funky electric guitar', 'vocal backup', 'slick drumming', 'keyboard harmony', 'trombone', 'funk pop', 'soul', 'r&b', 'funk soul', 'movie soundtrack', 'ambient']",calm
train,country,C:\Users\user\Downloads\gnn_bert_music_context\data\processed\graphs\country\country.00045.pkl,C:\Users\user\Downloads\gnn_bert_music_context\data\processed\features\country\country.00045.npy,9ZryMX2UtAo,20,30,This is a country music piece. There is a female vocalist singing melodically in the lead. The electric guitar is playing a simple tune with occasional fiddle tunes adding texture. The bass guitar is playing a simple bass line. There is a basic rock acoustic drum beat in the rhythmic background. It has a normal tempo. The atmosphere is easygoing. This piece could be used in the soundtrack of a teenage drama movie/TV series. It could also be used as an advertisement jingle.,"['country', 'female vocal', 'melodic singing', 'electric guitar', 'fiddle', 'bass guitar', 'acoustic drums', 'simple tune', 'normal tempo', 'easygoing']",calm
train,classical,C:\Users\user\Downloads\gnn_bert_music_context\data\processed\graphs\classical\classical.00067.pkl,C:\Users\user\Downloads\gnn_bert_music_context\data\processed\features\classical\classical.00067.npy,GNjsxLdSwHI,30,40,"The low quality recording features a classical music played by orchestra that consists of staccato string melody, woodwinds melody, staccato brass melody and solo, low tuba melody. The recording is a bit noisy and it sounds like background music for old movies.","['live performance', 'orchestra', 'classical', 'noisy', 'low quality', 'staccato strings melody', 'woodwinds melody', 'staccato brass section', 'solo low tuba melody', 'background music']",neutral
train,pop,C:\Users\user\Downloads\gnn_bert_music_context\data\processed\graphs\pop\pop.00090.pkl,C:\Users\user\Downloads\gnn_bert_music_context\data\processed\features\pop\pop.00090.npy,OFJG5Wo_knI,30,40,"A female singer sings this vocal harmony with backup singers. The song is medium tempo with a steady drumming rhythm, tambourine percussion, groovy bass line and keyboard accompaniment. The song is trance-like and groovy. The song is a modern techno dance with an average audio quality. The song serves as a sound track for a car repairing video.","['techno pop music', 'electronic dance music', 'car repair video', 'video soundtrack', 'medium tempo', 'female singer', 'dance groove', 'relaxing', 'trance music', 'vocal chants', 'vocal harmony', 'keyboard accompaniment', 'groovy bass line', 'medium tempo', 'tambourine percussions', 'average audio quality', 'steady']",calm
train,classical,C:\Users\user\Downloads\gnn_bert_music_context\data\processed\graphs\classical\classical.00070.pkl,C:\Users\user\Downloads\gnn_bert_music_context\data\processed\features\classical\classical.00070.npy,0AGHo8V8HpM,130,140,"This music is instrumental. The tempo is fast with a spirited cello and harpsichord accompaniment. The music is lively, intense, rich, complex , exquisite and engaging. This music a Western Classical.","['instrumental', 'fast tempo', 'cello harmony', 'exquisite', 'creative', 'art music', 'italian  music', 'italian composition', 'italian composer', 'bow stringed instrument', 'lively', 'intense', 'rich', 'classical', 'western classical', 'baroque', 'harpsichord accompaniment']",energetic
train,rock,C:\Users\user\Downloads\gnn_bert_music_context\data\processed\graphs\rock\rock.00030.pkl,C:\Users\user\Downloads\gnn_bert_music_context\data\processed\features\rock\rock.00030.npy,E7D42u8a5gc,30,40,An acoustic drum is playing with crash hits along with a distorted e-guitar and an e-bass playing along before breaking into the next part. The male voice is screaming in a high pitch. This song may be playing live at a Rock&Roll festival.,"['rock&roll', 'acoustic drums', 'e-guitar', 'e-bass', 'male singer screaming', 'uptempo', 'energetic']",energetic
train,rock,C:\Users\user\Downloads\gnn_bert_music_context\data\processed\graphs\rock\rock.00093.pkl,C:\Users\user\Downloads\gnn_bert_music_context\data\processed\features\rock\rock.00093.npy,oT6ud0OdR_E,30,40,The excerpt is actually a song collage and it features third songs. In the first one a male voice is singing and the song has a dance feel to it. In the second song a male voice is singing and being backed by male voices at the same time. The instruments used are more close to the rock genre. The third song lasts for a few milliseconds and so it's hard to notice anything about it.,"['collage', 'male voices', 'indie music']",neutral
train,reggae,C:\Users\user\Downloads\gnn_bert_music_context\data\processed\graphs\reggae\reggae.00039.pkl,C:\Users\user\Downloads\gnn_bert_music_context\data\processed\features\reggae\reggae.00039.npy,6o6DsSnbpxE,60,70,This song contains a male voice singing sounding sad. Drum and percussion are playing a reggae rhythm along with two e-guitars playing. One a melody panned to the right side of the speakers and another short rhythmic strokes as a rhythmic element. The bass is playing its own melody. This song may be playing at a live concert.,"['reggae', 'sad atmosphere', 'e-bass', 'drums', 'e-guitars', 'male voice singing', 'backing vocals']",sad
train,metal,C:\Users\user\Downloads\gnn_bert_music_context\data\processed\graphs\metal\metal.00091.pkl,C:\Users\user\Downloads\gnn_bert_music_context\data\processed\features\metal\metal.00091.npy,0OY8XXZ98rw,30,40,"The Metal song features a distorted flat male vocal singing over wide aggressive electric guitar riffs, distorted bass guitar, punchy snare, double pedal kick and shimmering cymbals. It sounds energetic, aggressive and manic - like something you would go into a mosh pit for.","['metal', 'double pedal kick', 'punchy snare', 'shimmering cymbals', 'distorted flat male vocal', 'wide aggressive electric guitar riff', 'distorted bass guitar', 'energetic', 'aggressive', 'distorted', 'manic']",energetic
train,rock,C:\Users\user\Downloads\gnn_bert_music_context\data\processed\graphs\rock\rock.00000.pkl,C:\Users\user\Downloads\gnn_bert_music_context\data\processed\features\rock\rock.00000.npy,Utl5it7YMUs,330,340,"This is a hard rock music piece. There is a male vocalist singing in the lead. The electric guitar is playing the main melody while a bass guitar plays in the background. The acoustic drums are playing a groovy rock beat. There is a raw,  psychedelic feel to this piece. It could be playing in the background of a rock bar.","['hard rock', 'male vocal', 'electric guitar', 'bass guitar', 'acoustic drums', 'groovy', 'raw', 'psychedelic']",neutral
train,jazz,C:\Users\user\Downloads\gnn_bert_music_context\data\processed\graphs\jazz\jazz.00005.pkl,C:\Users\user\Downloads\gnn_bert_music_context\data\processed\features\jazz\jazz.00005.npy,p2jnUySmuvA,220,230,This is a Hawaiian folk music rendition of a jazz music piece. There is a male vocalist singing melodically in the lead. The simple tune is being played by a mellow sounding ukulele. There is a peaceful and relaxing atmosphere. This piece could be playing in the background of a coffee shop. It could also be included in the soundtrack of a feelgood movie/TV series. Another good use would be in the background of wholesome social media content.,"['hawaiian folk', 'world music', 'male vocal', 'melodic singing', 'ukulele', 'gentle', 'peaceful', 'calming', 'relaxing', 'easygoing']",calm
train,blues,C:\Users\user\Downloads\gnn_bert_music_context\data\processed\graphs\blues\blues.00017.pkl,C:\Users\user\Downloads\gnn_bert_music_context\data\processed\features\blues\blues.00017.npy,1JwoLPCIGhs,30,40,"The low quality recording features a cover of a blues song and it consists of subtly strummed, acoustic rhythm guitar, followed by electric guitar solo melody. It sounds passionate, easygoing and cool - like something you would hear in high end bars or blues clubs. The recording is a bit noisy.","['cover', 'low quality', 'noisy', 'blues', 'subtly strummed acoustic rhythm guitar', 'electric guitar solo melody', 'passionate', 'easygoing', 'cool']",romantic
train,country,C:\Users\user\Downloads\gnn_bert_music_context\data\processed\graphs\country\country.00041.pkl,C:\Users\user\Downloads\gnn_bert_music_context\data\processed\features\country\country.00041.npy,SBeC9TISHz8,30,40,The country music features a male vocalist with a scratchy voice. Two acoustic guitars play a melodic intro riff that goes from melody to strumming. The strings are very sharp-sounding and bright. The atmosphere of the song is sad.,"['country', 'pop', 'sad mood', 'sad male vocals', 'emotional', 'scratchy male vocals', 'bright acoustic guitar solo', 'bass', 'strummed acoustic guitar']",sad
train,classical,C:\Users\user\Downloads\gnn_bert_music_context\data\processed\graphs\classical\classical.00049.pkl,C:\Users\user\Downloads\gnn_bert_music_context\data\processed\features\classical\classical.00049.npy,F5zDEHggiMg,30,40,"We hear a viola and harpsichord being played, with the overall emotion of the piece being thrilling and suspenseful. A high tremolo is played on the violin, which creates the feeling of an energy build-up. This is a classical style piece.","['classical viola playing', 'harpsichord playing', 'suspenseful playing', 'tense playing', 'tremolo', 'build-up', 'tension']",dark
train,metal,C:\Users\user\Downloads\gnn_bert_music_context\data\processed\graphs\metal\metal.00040.pkl,C:\Users\user\Downloads\gnn_bert_music_context\data\processed\features\metal\metal.00040.npy,f5eMUCSZCjc,90,100,"The low quality recording features a metal song that consists of wide aggressive, distorted electric guitars, distorted bass, clean electric guitar solo melody, energetic crash cymbals, punchy snare, double pedal kick and throaty male vocal talking and screaming over it. There are some energetic snare rolls that serve as a breakbeat and transition to the next section. It sounds energetic, aggressive and manic. Putting the vocal so low in the mix, makes it a low quality sound.","['low quality', 'metal', 'wide aggressive distorted electric guitars', 'solo clean electric guitar melody', 'distorted bass guitar', 'throaty male vocal', 'energetic crash cymbals', 'punchy snare', 'snare rolls', 'double pedal kick', 'energetic', 'manic', 'aggressive']",energetic
train,pop,C:\Users\user\Downloads\gnn_bert_music_context\data\processed\graphs\pop\pop.00074.pkl,C:\Users\user\Downloads\gnn_bert_music_context\data\processed\features\pop\pop.00074.npy,gBuLpP4klvI,30,40,"A female vocalist sings this chirpy song. The tempo is medium with a melodic electric guitar harmony, acoustic guitar lead, sprightly drumming, funky bass lines and peppy backup. The song is youthful, perky, cheerful, vivacious ,bubbly and in a foreign language.This song is teen pop/ Pop.","['female singer', 'medium tempo', 'foreign language', 'electric guitar harmony', 'funky bass lines', 'acoustic guitar lead', 'enthusiastic drumming', 'vocal harmony', 'youthful', 'pleasant melody', 'simple', 'fresh', 'happy', 'perky', 'cheerful', 'vivacious', 'buoyant', 'peppy', 'pop song', 'teen pop']",happy
train,metal,C:\Users\user\Downloads\gnn_bert_music_context\data\processed\graphs\metal\metal.00006.pkl,C:\Users\user\Downloads\gnn_bert_music_context\data\processed\features\metal\metal.00006.npy,XdxTZ4-sJvY,260,270,"This heavy metal song features a distortion guitar playing palm muted power chords using mostly down strokes. The bass plays the root note of the chord using the same rhythm pattern. The percussion plays the hi-hat in a continuous pattern and the kick on the first count of the bar. On the third bar, the distortion guitar plays one chord without palm muting. This song can be played at the introduction of a video game. This song has no voices. This is an instrumental song. The mood of this song is aggressive.","['heavy metal song', 'distortion guitar', 'simple percussion', 'no voices', 'instrumental', 'bass', 'moderate tempo', 'aggressive song']",energetic
train,blues,C:\Users\user\Downloads\gnn_bert_music_context\data\processed\graphs\blues\blues.00073.pkl,C:\Users\user\Downloads\gnn_bert_music_context\data\processed\features\blues\blues.00073.npy,AjLuenrAsbE,30,40,An acoustic drum is playing a 3/3 groove along with a bass. Two e-guitars are playing melodie while one of the e-guitars is highly distorted and takes the lead with a loud and wild melody in the higher register. This song may be playing in a bar.,"['bluesrock', 'e-guitars', 'e-bass', 'acoustic drums', 'slow tempo']",calm
train,jazz,C:\Users\user\Downloads\gnn_bert_music_context\data\processed\graphs\jazz\jazz.00071.pkl,C:\Users\user\Downloads\gnn_bert_music_context\data\processed\features\jazz\jazz.00071.npy,sEIn8YYD9jw,170,180,"This song features a harmonica playing the main melody. This is accompanied by percussion playing a simple beat with the focus on the snare. The bass plays the root note of the chord. Due to the low quality of the audio, the other instruments cannot be heard. T.","['jazz song', 'pop', 'harmonica', 'jazz percussion', 'no voices', 'instrumental', 'amateur recording', 'bass', 'slow tempo']",calm
train,classical,C:\Users\user\Downloads\gnn_bert_music_context\data\processed\graphs\classical\classical.00041.pkl,C:\Users\user\Downloads\gnn_bert_music_context\data\processed\features\classical\classical.00041.npy,LaeRCg-NdeY,240,250,"The low quality recording features a cover of a classical song and it consists of a saxophone solo melody playing over a groovy piano melody. At the very end of the loop, there is an applause. It sounds easygoing, passionate and the recording is noisy and in mono.","['low quality', 'mono', 'noisy', 'applause', 'saxophone melody', 'groovy piano melody', 'classical', 'cover']",romantic
train,metal,C:\Users\user\Downloads\gnn_bert_music_context\data\processed\graphs\metal\metal.00083.pkl,C:\Users\user\Downloads\gnn_bert_music_context\data\processed\features\metal\metal.00083.npy,vOU-qA25xNM,260,270,"The low quality recording features a ceramic bowl tone getting progressively louder, while there are some metallic ball impacts in the background. The recording is a bit noisy.","['low quality', 'noisy', 'ceramic bowl tone', 'metallic ball impact', 'loud', 'calming']",calm
train,metal,C:\Users\user\Downloads\gnn_bert_music_context\data\processed\graphs\metal\metal.00054.pkl,C:\Users\user\Downloads\gnn_bert_music_context\data\processed\features\metal\metal.00054.npy,d6w3d9S1LVM,210,220,"This is a metalcore/post-hardcore music piece. There is a male vocal singing using the vocal fry technique. A distant piano melody can be heard. There is an electronic drum beat with a heavy reverb effect. Later on, a string sound starts playing and adds texture to the melodic background. The atmosphere is dramatic and rebellious. This piece can be used in the soundtrack of a teenage drama movie, especially where one of the characters is experiencing a breaking point.","['metalcore', 'post-hardcore', 'male vocal', 'vocal fry', 'piano', 'electronic drums', 'strings sound', 'dramatic', 'loud', 'rebellious', 'gothic']",neutral
train,hiphop,C:\Users\user\Downloads\gnn_bert_music_context\data\processed\graphs\hiphop\hiphop.00075.pkl,C:\Users\user\Downloads\gnn_bert_music_context\data\processed\features\hiphop\hiphop.00075.npy,374R7te0ra0,30,40,"The Hip Hop song features a flat male vocal rapping over repetitive, echoing piano melody, claps and punchy kick hits. At the very beginning of the loop, there are stuttering hi hats, sustained synth bass and filtered, pitched up female chant playing. It sounds groovy and addictive - thanks to the way rappers are rapping.","['hip hop', 'punchy kick', 'flat male vocal', 'repetitive echoing piano melody', 'claps', 'stuttering hi hats', 'filtered pitched up female chant', 'addictive', 'groovy', 'sustained synth bass']",energetic
train,jazz,C:\Users\user\Downloads\gnn_bert_music_context\data\processed\graphs\jazz\jazz.00099.pkl,C:\Users\user\Downloads\gnn_bert_music_context\data\processed\features\jazz\jazz.00099.npy,LnczSOwV9Ds,30,40,"The song is an instrumental. The tempo is medium with subtle jazz drumming, keyboard accompaniment, groovy bass line and an electric guitar playing lead. The song is relaxing and groovy. The song is a live jazz instrumental performance with poor audio quality.","['live performance', 'instrumental music', 'jazz festival', 'jam session', 'improvisation', 'fun', 'funk jazz', 'groovy bass line', 'keyboard accompaniment', 'guitar playing', 'subtle jazz drumming', 'emotional', 'playful', 'causal', 'relaxing', 'jazz music', 'poor audio quality', 'memdium tempo', 'drum brush hits']",calm
train,hiphop,C:\Users\user\Downloads\gnn_bert_music_context\data\processed\graphs\hiphop\hiphop.00087.pkl,C:\Users\user\Downloads\gnn_bert_music_context\data\processed\features\hiphop\hiphop.00087.npy,GwTXkfuc5v8,30,40,"A male vocalist sings this HIp-hop. The tempo is medium with subdued keyboard accompaniment, slick drumming, boomy bass drops, synthesised arrangements and vocal backup. The song is youthful; enthusiastic, passionate, insistent, repetitive,  groovy,rhythmic chanting with a dance groove. This song is Contemporary Hip-Hop/Rap.","['male vocalist', 'medium tempo', 'rap', 'raper', 'vocal riff', 'reverb', 'syncopated background harmony', 'hip-hop', 'pop rap', 'rhythmic patter', 'boomy bass lines', 'slick drumming', 'drum machine', 'digital drums', 'rhythmic', 'chanting', 'repetitive', 'passionate', 'insistent', 'keyboard accompaniment', 'synthesiser arrangements', 'electronic music', 'groovy', 'dance music', 'trap', 'trippy', 'youthful', 'female vocal backup']",romantic
train,reggae,C:\Users\user\Downloads\gnn_bert_music_context\data\processed\graphs\reggae\reggae.00095.pkl,C:\Users\user\Downloads\gnn_bert_music_context\data\processed\features\reggae\reggae.00095.npy,rJZgUpzqAyY,70,80,An e-bass is playing a bluesy bassline along with acoustic drums with a slightly open hihat. An electric piano/organ is playing one short chord as a rhythmic element adding reggae vibes along with a e-guitar strumming fast chords on the offbeat. The guitar is running through a chorus effect. The male voices are singing a simple melody. This song may be playing at a live concert before a sports-event.,"['skarock', 'acoustic drums', 'e-bass', 'electric piano', 'e-guitar', 'male voices singing', 'amateur recording', 'fast tempo', 'uplifting mood']",energetic
train,metal,C:\Users\user\Downloads\gnn_bert_music_context\data\processed\graphs\metal\metal.00076.pkl,C:\Users\user\Downloads\gnn_bert_music_context\data\processed\features\metal\metal.00076.npy,u_TfWvyYY0Y,30,40,"This instrumental is a Heavy Metal instrumental. The tempo is fast with hard hitting drumming, furious and vigorous amplified keyboard playing a harmony, electric bass guitar and electric guitar accompaniment. The music is intense, grim, compelling, passionate, powerful and harmonious. The vibe of the music is serious, sinister, grim and steely. This is used in Hard Rock/Heavy Metal.","['instrumental', 'hard rock', 'heavy metal', 'intense keyboard', 'electronic guitar lead', 'amplified guitar harmony', 'grim', 'intense', 'rock music', 'distorted guitars', 'emphatic rhythm', 'dense bass lines', 'powerful', 'emphatic', 'compelling', 'hard hitting  drums']",energetic
train,jazz,C:\Users\user\Downloads\gnn_bert_music_context\data\processed\graphs\jazz\jazz.00083.pkl,C:\Users\user\Downloads\gnn_bert_music_context\data\processed\features\jazz\jazz.00083.npy,XalMIYYgHt0,130,140,This song contains an acoustic piano playing a jazzy melody and chords along to a very light acoustic drum playing with brushes. An upright bass is playing its own line. On top of that a female voice is singing in a higher key and with a little reverb on her voice. This song may be playing at a jazz festival.,"['loungejazz', 'upright bass', 'acoustic piano', 'acoustic drums', 'female voice singing', 'higher key', 'slow tempo']",calm
train,reggae,C:\Users\user\Downloads\gnn_bert_music_context\data\processed\graphs\reggae\reggae.00036.pkl,C:\Users\user\Downloads\gnn_bert_music_context\data\processed\features\reggae\reggae.00036.npy,Gow0TlxIx7U,220,230,Someone is playing an acoustic guitar strumming chords on the backbeat while someone is holding the rhythm with a shaker and a percussion in the background. This song may be playing while having a jam session with your friends.,"['reggae/pop', 'amateur recording', 'acoustic guitar', 'shaker', 'percussion', 'medium tempo']",neutral
train,pop,C:\Users\user\Downloads\gnn_bert_music_context\data\processed\graphs\pop\pop.00037.pkl,C:\Users\user\Downloads\gnn_bert_music_context\data\processed\features\pop\pop.00037.npy,6sWVG6GyJBU,110,120,This song contains a piano playing a melody in the mid range and also in the higher register. A flute is adding another melody in the mid range. A digital drum is holding a simple groove before dropping out completely. A male voice is softly rapping/talking in the mid range then another male with an effect takes over singing in a higher pitch. In the background you can hear strings underlaying chords. This song may be playing with headphones daydreaming.,"['pop', 'piano', 'strings', 'digital drums', 'digital flute', 'male voices singing/rapping', 'romantic', 'sensitive', 'medium tempo']",romantic
train,blues,C:\Users\user\Downloads\gnn_bert_music_context\data\processed\graphs\blues\blues.00060.pkl,C:\Users\user\Downloads\gnn_bert_music_context\data\processed\features\blues\blues.00060.npy,Jcd63Ev7JXA,30,40,"Due to the sound quality and background cheering it can be assumed that this is a phone recorded audiofile. A male loud voice is singing a gospel song through a microphone that is overdriving through the speakers: He is accompanied by a tambourine, clapping and cheering from people while acoustic drums are backing him up. In the background you can hear an e-bass playing some licks as fill-ins. This song could be played in a gospel church or a disney movie.","['gospel/blues', 'tambourine', 'solo male singer', 'voices cheering', 'acoustic drums', 'clapping', 'e-bass', 'amateur production', 'loud', 'uplifting mood']",happy
train,disco,C:\Users\user\Downloads\gnn_bert_music_context\data\processed\graphs\disco\disco.00035.pkl,C:\Users\user\Downloads\gnn_bert_music_context\data\processed\features\disco\disco.00035.npy,5n8I-br2n1U,70,80,a female voice is singing to a digital drum set along with a bass and old disco synthesizer sounds. The singer gets backed by a male singer and the crowd is singing along. There is clapping from the crowd. This song may be playing live at a concert.,"['2000s pop', 'female singer', 'background cheering', 'synthesizer', 'drums', 'e-bass', 'male backing voice', 'uptempo']",energetic
train,rock,C:\Users\user\Downloads\gnn_bert_music_context\data\processed\graphs\rock\rock.00079.pkl,C:\Users\user\Downloads\gnn_bert_music_context\data\processed\features\rock\rock.00079.npy,7L5HQ4AJyLc,20,30,"The song is a hardcore, fiery and intense rock song. There are layers of electric guitar that are overdriven and drums that are powerful. There's a breakdown section that sees snare rolls and a motif on the electric guitar.","['rock', 'overdriven electric guitar', 'contemporary rock', 'fiery', 'energetic', 'intricate electric guitar solo', 'rock drumming', 'breakdown section']",energetic
train,disco,C:\Users\user\Downloads\gnn_bert_music_context\data\processed\graphs\disco\disco.00075.pkl,C:\Users\user\Downloads\gnn_bert_music_context\data\processed\features\disco\disco.00075.npy,laVgKAcv8XA,30,40,"The low quality recording features a synth wave disco instrumental that consists of punchy ""4 on the floor"" kick patter, reverberant snare hits, shimmering hi hats, widely spread high pitched synth lead, groovy synth bass and repetitive percussive element. It is noisy, but also energetic and groovy- like something you would hear in a disco club.","['low quality', 'synth wave disco', 'muffled snare', 'punchy ""4 on the floor"" kick pattern', 'wide high pitched synth', 'groovy synth bass', 'repetitive percussive element', 'shimmering hi hats', 'energetic', 'groovy', 'noisy']",energetic
train,rock,C:\Users\user\Downloads\gnn_bert_music_context\data\processed\graphs\rock\rock.00017.pkl,C:\Users\user\Downloads\gnn_bert_music_context\data\processed\features\rock\rock.00017.npy,ONfd_rHtL74,30,40,"This funk rock song features a male voice singing the main melody. This is accompanied by percussion playing  a simple beat. A tambourine, snare and kick are played simultaneously on every count. The tambourine plays on the eighth note. This song is common time.  A repetitive piano melody is played in the background. The bass plays the root notes with fills. A whistling sound is played in the gap between lines. At the beginning and toward the middle of the song, the sound of strings is heard playing a short lick. This song can be played in a spy romance movie.","['funk rock', 'male voice', 'repetitive piano melody', 'funky bass', 'simple percussion', 'keyboard song', 'keyboard layers', 'moderate tempo']",romantic
train,jazz,C:\Users\user\Downloads\gnn_bert_music_context\data\processed\graphs\jazz\jazz.00047.pkl,C:\Users\user\Downloads\gnn_bert_music_context\data\processed\features\jazz\jazz.00047.npy,8GKbDSu9Xd0,30,40,The jazz music features a clarinet playing a melody that's ending a song. A big band that incorporates a jazz acoustic guitar accompanies the clarinet. The tempo is slow and the style is ballad. The medium quality audio recording leads me to believe this is an older recording.,"['clarinet', 'strings', 'acoustic guitar', 'big band', 'jazz genre', 'slow tempo', 'ballad', 'ending', 'medium quality audio recording']",calm
train,disco,C:\Users\user\Downloads\gnn_bert_music_context\data\processed\graphs\disco\disco.00076.pkl,C:\Users\user\Downloads\gnn_bert_music_context\data\processed\features\disco\disco.00076.npy,ABr4Q_ecoPw,160,170,"The song is a funky, soulful disco song. The whole vibe is vibrant and upbeat and features a bouncy groove from a bass guitar as well as bright and shimmery sounding brass instruments. There's a sustained silky synth sound. The singer sounds cheerful. The song is suitable for dancing.","['disco', 'funky', 'soulful', 'upbeat', 'groovy', 'dance', 'vibrant soulful male vocal', 'bright synths', 'simple drum beat', 'bright brass sounding instruments']",happy
train,classical,C:\Users\user\Downloads\gnn_bert_music_context\data\processed\graphs\classical\classical.00062.pkl,C:\Users\user\Downloads\gnn_bert_music_context\data\processed\features\classical\classical.00062.npy,HJuR9WJ1iRY,40,50,"The low quality recording features a live performance of a classical song and it consists of harpsichord and sustained strings melodies. The recording is a bit noisy and quite reverberant, as it was recorded in a medium size concert hall. It sounds easygoing, passionate and emotional.","['low quality', 'classical', 'live performance', 'harpsichord melody', 'sustained strings melody', 'emotional', 'passionate', 'reverberant', 'noisy', 'easygoing']",romantic
train,classical,C:\Users\user\Downloads\gnn_bert_music_context\data\processed\graphs\classical\classical.00009.pkl,C:\Users\user\Downloads\gnn_bert_music_context\data\processed\features\classical\classical.00009.npy,I4Rhe1XViYg,30,40,"This music clip is an  Orchestral piece. There is a trumpet playing a lively solo to the accompaniment of an animated, vigorous Violin symphony and a church bell at the end. The music is lively, spirited, vivacious, happy and cheerful with the violins, cello and viola adding a happy, cheerful vibe to this Classical Instrumental.","['instrumental', 'lively violin', 'orchestral music', 'cheerful', 'symphony', 'bowed string instruments', 'brass instrument', 'brass band', 'trumpet', 'classic music', 'church bell', 'lively', 'happy', 'spirited', 'animated', 'exciting', 'energetic', 'youthful', 'joyful', 'cello', 'viola']",energetic
train,pop,C:\Users\user\Downloads\gnn_bert_music_context\data\processed\graphs\pop\pop.00086.pkl,C:\Users\user\Downloads\gnn_bert_music_context\data\processed\features\pop\pop.00086.npy,6-CMq6xw0fg,30,40,"The low quality recording features a pop song that consists of harmonizing male vocals singing over groovy bass, shimmering cymbals, ""4 on the floor"" kick pattern, claps, addictive synth brass melody and distorted, buzzy synth lead. It sounds energetic, happy and fun - like something you would hear on TV commercials.","['low quality', 'pop', 'harmonizing male vocals', 'groovy bass', 'shimmering cymbals', '4 on the floor kick pattern', 'clapping', 'addictive synth brass melody', 'distorted buzzy synth lead', 'energetic', 'happy', 'fun', 'commercial']",energetic
train,classical,C:\Users\user\Downloads\gnn_bert_music_context\data\processed\graphs\classical\classical.00087.pkl,C:\Users\user\Downloads\gnn_bert_music_context\data\processed\features\classical\classical.00087.npy,EnewI6fNhVA,150,160,"This music is an instrumental.the tempo is fast with a harmonium melody and tabla accompaniment. The performance is live with ambient sounds of people talking, sound of glass bangles and a woman’s voice. This music is Indian Classical.","['instrumental', 'fast tempo', 'harmonium melody', 'indian classical', 'raga', 'sruti', 'classical', 'indian percussion instrument', 'lively tabla rhythm', 'live performance', 'live audience', 'ambient sounds', 'people talking', 'ghungaroos sound', 'people talking', 'lively', 'spirited', 'song interlude', 'sing introduction']",energetic
train,disco,C:\Users\user\Downloads\gnn_bert_music_context\data\processed\graphs\disco\disco.00059.pkl,C:\Users\user\Downloads\gnn_bert_music_context\data\processed\features\disco\disco.00059.npy,Q7oWXOByo28,30,40,This electropop song features a female voice singing a repetitive melody. The voice seems like it is coming from a distance. This is accompanied by programmed percussion playing a disco beat. The kick is played at every count. The bass plays a funky bass line using octaves and filler notes in between. There are synth layers that are played in this song. One synth layer plays a piano-sounding loop only with chords. Another synth layer plays an ascending and descending loop according to the chords being played. This song has a happy mood and can be played in a club.,"['electropop', 'dance music', 'female voice', 'repetitive vocal melody', 'distant sounding voice', 'disco music', 'funky bass', 'programmed percussion', 'fast tempo', 'synth sounds', 'happy mood', 'club song']",energetic
train,country,C:\Users\user\Downloads\gnn_bert_music_context\data\processed\graphs\country\country.00038.pkl,C:\Users\user\Downloads\gnn_bert_music_context\data\processed\features\country\country.00038.npy,4AejyFDHP_k,30,40,An acoustic guitar almost fully panned to the left side of the speakers is strumming a single chord as a rhythmic element while an upright-bass is playing a walking bassline. The other acoustic guitar is adding a little melody at the end of the phrase of the singers. The female duo is singing a melody together. One a little deeper and the other a little higher creating a harmony. This song may be playing in the countryside of a Latin country.,"['latin/country/folk', 'acoustic guitars', 'upright-bass', 'female duo singing', 'medium to uptempo']",energetic
train,country,C:\Users\user\Downloads\gnn_bert_music_context\data\processed\graphs\country\country.00073.pkl,C:\Users\user\Downloads\gnn_bert_music_context\data\processed\features\country\country.00073.npy,SwdhfGXkMCo,30,40,This piece involves multiple french horns. The piece sounds regal  and like something you would hear if the king of a country was moving  in his chariot through his kingdom along with a grand parade. The staccato bassline helps add to the sense of marching forward.,"['french horn', 'sextet', 'parade', 'marching', 'regal', 'grand parade', 'staccato bass notes']",neutral
train,rock,C:\Users\user\Downloads\gnn_bert_music_context\data\processed\graphs\rock\rock.00044.pkl,C:\Users\user\Downloads\gnn_bert_music_context\data\processed\features\rock\rock.00044.npy,dbldb9tq8ng,30,40,"The Soft rock song features a mellow female vocal singing the same melody as the lead electric guitar, followed by widely spread acoustic rhythm guitars, simple bass, soft kick hits, punchy snare, simple hi hats, shimmering open hats and energetic crash cymbals. There is a short snare roll at some point in the loop. The stereo bass guitar is what makes the stereo image imbalance and therefore the song sounds lower in quality.","['soft rock', 'mellow female vocal', 'wide acoustic rhythm guitars', 'mono solo electric guitar lead melody', 'short snare roll', 'energetic cash cymbal', 'simple hi hats', 'shimmering open hat', 'easygoing', 'smooth', 'simple bass guitar', 'low quality', 'stereo imbalance']",calm
train,country,C:\Users\user\Downloads\gnn_bert_music_context\data\processed\graphs\country\country.00044.pkl,C:\Users\user\Downloads\gnn_bert_music_context\data\processed\features\country\country.00044.npy,RlcIJsgtU58,30,40,"The Country Pop song features an echoing male vocal singing over offbeat acoustic rhythm guitar, punchy ""4 on the floor"" kick pattern and smooth bass. It sounds emotional, easygoing and passionate.","['country pop', 'offbeat acoustic rhythm guitar', 'punchy ""4 on the floor"" kick pattern', 'smooth bass', 'echoing male vocal', 'emotional', 'passionate', 'easygoing']",romantic
train,reggae,C:\Users\user\Downloads\gnn_bert_music_context\data\processed\graphs\reggae\reggae.00008.pkl,C:\Users\user\Downloads\gnn_bert_music_context\data\processed\features\reggae\reggae.00008.npy,Cn3xoxvbkF0,30,40,"This is the live performance of a reggae piece. There is a female vocalist in the lead singing melodically. The keyboard can be heard playing the main melody. The bass guitar is playing a simple but groovy bass line. In the rhythmic background, there is a slow tempo acoustic drum beat. The atmosphere is emotional. This is an amateur recording and a bit dated, so the audio quality is quite poor.","['reggae', 'live performance', 'amateur recording', 'female vocal', 'melodic singing', 'keyboard', 'bass guitar', 'acoustic drums', 'emotional', 'slow tempo']",calm
train,country,C:\Users\user\Downloads\gnn_bert_music_context\data\processed\graphs\country\country.00062.pkl,C:\Users\user\Downloads\gnn_bert_music_context\data\processed\features\country\country.00062.npy,dNK9bD3LNCc,60,70,"The low quality recording features a live performance of a country song that consists of a steel guitar melody, acoustic rhythm guitar chords and a walking bass guitar. There are some crowd noises in the background by which we can conclude that it is a live performance.","['low quality', 'country', 'live performance', 'walking bass guitar', 'acoustic rhythm guitar chords', 'acoustic steel guitar melody', 'crowd noises']",neutral
train,metal,C:\Users\user\Downloads\gnn_bert_music_context\data\processed\graphs\metal\metal.00056.pkl,C:\Users\user\Downloads\gnn_bert_music_context\data\processed\features\metal\metal.00056.npy,negr4U79PUE,270,280,"This music is a grim instrumental. The tempo is slow with a sombre electric guitar melody with atmospheric synthesiser  and mood digital drums. The music is serious, intense, melancholy, pensive, cheerless, sinister and dark.","['instrumental', 'slow tempo', 'intense electric guitar', 'atmospheric synthesiser', 'digital drums', 'ambient', 'dark', 'sombre', 'grim', 'intense', 'depressed', 'sad', 'sound of metal clanging', 'paper wrapper', 'gloomy']",calm
train,reggae,C:\Users\user\Downloads\gnn_bert_music_context\data\processed\graphs\reggae\reggae.00020.pkl,C:\Users\user\Downloads\gnn_bert_music_context\data\processed\features\reggae\reggae.00020.npy,pSt8NwXyDlg,30,40,This is a rocksteady/proto-reggae music piece. There is a male vocalist singing in a relaxed manner. The electric guitar and the bass guitar is playing a groovy melody while occasional synth sounds from the keyboard can be heard. The rhythmic background consists of a slow tempo reggae acoustic drum beat. The atmosphere is chill. This piece could be used in the soundtrack of a summertime movie taking place on a tropical island.,"['rocksteady', 'proto-reggae', 'male vocal', 'relaxed singing', 'jamaican', 'electric guitar', 'bass guitar', 'keyboard', 'acoustic drums', 'chill', 'trippy', 'groovy', 'tropical', 'slow tempo']",calm
train,reggae,C:\Users\user\Downloads\gnn_bert_music_context\data\processed\graphs\reggae\reggae.00035.pkl,C:\Users\user\Downloads\gnn_bert_music_context\data\processed\features\reggae\reggae.00035.npy,GaNjXwElAUE,30,40,"An acoustic drum is playing a straight groove while an e-bass is playing a bassline that reminds of reggae. This feeling gets enhanced by a e-guitar strumming a short rhythmic chord on the offbeat giving the song its typical reggae vibe. On top of that, someone is playing a melody on a steeldrums. This song may be playing at beachbar.","['reggae', 'steeldrum', 'e-bass', 'e-guitar', 'acoustic drums', 'slow to medium tempo', 'good vibes']",calm
train,classical,C:\Users\user\Downloads\gnn_bert_music_context\data\processed\graphs\classical\classical.00088.pkl,C:\Users\user\Downloads\gnn_bert_music_context\data\processed\features\classical\classical.00088.npy,NRWlHRvaDcQ,30,40,"This music is instrumental. The tempo is slow with a dominant Trombone lead. The music is loud, powerful, emphatic , clear and rich. This music is a Western Classical Trombone instrumental.","['instrumental', 'slow tempo', 'trumpet', 'brass instrument', 'loud', 'dominant', 'emphatic', 'clear', 'rich', 'exquisite', 'concert', 'orchestra', 'classical', 'western classical', 'trombone', 'wind instrument', 'aerophone', 'powerful', 'strong', 'minimalist', 'trombone solo']",calm
train,metal,C:\Users\user\Downloads\gnn_bert_music_context\data\processed\graphs\metal\metal.00010.pkl,C:\Users\user\Downloads\gnn_bert_music_context\data\processed\features\metal\metal.00010.npy,J7fVdG7Zd3A,30,40,"This music is an electric guitar solo. The tempo is medium with a haunting and lilting electric guitar riff.The music is minimalist with no accompaniment. It is youthful, energetic, passionate , melodic and pensive.","['instrumental', 'electric guitar', 'medium tempo', 'rock', 'metal', 'soft rock', 'tutorial', 'experiment', 'applied instruments', 'external amplification', 'sonic power', 'loud feedback', 'resonating', 'vibrations', 'home recording', 'muffled audio', 'electric guitar solo', 'guitar riff']",calm
train,pop,C:\Users\user\Downloads\gnn_bert_music_context\data\processed\graphs\pop\pop.00038.pkl,C:\Users\user\Downloads\gnn_bert_music_context\data\processed\features\pop\pop.00038.npy,c5NGOcNyF4g,70,80,"This music is a lively instrumental. The tempo is fast with an animated clarinet lead, lively spanish guitar rhythm, ukulele accompaniment and bright tambourine /pandeireta beats. The music is upbeat, buoyant, peppy, cheerful, happy, playful and fun Latin Clarinet Instrumental.","['instrumental', 'fast tempo', 'spirited', 'clarinet', 'ukele', 'cheerful', 'light', 'perky', 'happy', 'playful', 'latin instrumental music', 'live performance', 'concert', 'wind instrument', 'spanish guitar', 'cheerful', 'upbeat', 'latin pop', 'lively tambourine beats', 'rhythmic acoustic guitar']",energetic
train,rock,C:\Users\user\Downloads\gnn_bert_music_context\data\processed\graphs\rock\rock.00034.pkl,C:\Users\user\Downloads\gnn_bert_music_context\data\processed\features\rock\rock.00034.npy,7p_Mnxl4Vq8,30,40,"This is an instrumental occult rock piece. There is an electric guitar playing a simple melody with a minimal bass guitar backing. The atmosphere of this piece is sinister and unsettling, it gives the impression of a Satanic ritual about to commence. The tempo is slow. This music piece could be included in the soundtrack of a ritualistic horror movie/TV series or a video game of the similar genres.","['occult rock', 'instrumental', 'electric guitar', 'bass guitar', 'sinister', 'ominous', 'unsettling', 'unnerving', 'slow tempo']",dark
train,reggae,C:\Users\user\Downloads\gnn_bert_music_context\data\processed\graphs\reggae\reggae.00077.pkl,C:\Users\user\Downloads\gnn_bert_music_context\data\processed\features\reggae\reggae.00077.npy,ZM0imDMXuw8,100,110,An acoustic drum is playing a groove that is not strongly connected to reggae rhythm. A e-bass and piano-keys are bringing the typical reggae backbeat while another synth sound is playing short plucks as a melody. The male voice is singing in a reggae-fashion and in a higher key. In the background you can hear a big organ sound coming in and playing along with the melody. The elements are spread along the speakers. This song may be playing with speakers riding on your bike.,"['reggae', 'acoustic drums', 'e-bass', 'keys', 'synth pluck sound', 'organ', 'male voices singing', 'higher register', 'medium tempo', 'uplifting energy']",happy
train,rock,C:\Users\user\Downloads\gnn_bert_music_context\data\processed\graphs\rock\rock.00089.pkl,C:\Users\user\Downloads\gnn_bert_music_context\data\processed\features\rock\rock.00089.npy,zYsFbF9emtI,0,10,"The low quality recording features a cover of a rock song played on bass guitar over electric guitar arpeggiated melody played on playback in the background. The recording is noisy, in mono, as it was probably recorded on a phone, and it sounds emotional and passionate.","['low quality', 'noisy', 'mono', 'playback', 'electric guitar arpeggiated melody', 'rock', 'bass guitar', 'cover', 'emotional', 'passionate']",romantic
train,pop,C:\Users\user\Downloads\gnn_bert_music_context\data\processed\graphs\pop\pop.00072.pkl,C:\Users\user\Downloads\gnn_bert_music_context\data\processed\features\pop\pop.00072.npy,WNv-YNn1cZ8,10,20,"The low quality recording features a pop song that consists of an echoing electric guitar melody, followed by really bad samples of knocking and door opening sound effects. At the end of the loop the synth keys and smooth synth bass appear. It sounds like an intro section of a song.","['echoing electric guitar melody', 'low quality', 'knocking', 'door opening sound effect', 'synth keys', 'pop', 'smooth synth bass', 'intro']",neutral
train,jazz,C:\Users\user\Downloads\gnn_bert_music_context\data\processed\graphs\jazz\jazz.00037.pkl,C:\Users\user\Downloads\gnn_bert_music_context\data\processed\features\jazz\jazz.00037.npy,sZQ4TeLueSs,210,220,This is a low quality audio clip. This jazz song features percussion playing a Latin style beat. A chindong is being played along with the main percussion. This instrument has a 'tin' sound. There are no other instruments in this song. The male singer narrates one line in the course of this song. This is an instrumental song. The mood of this song is happy.,"['jazz song', 'low quality audio', 'latin style percussion', 'chindong', 'male narrator']",happy
train,jazz,C:\Users\user\Downloads\gnn_bert_music_context\data\processed\graphs\jazz\jazz.00063.pkl,C:\Users\user\Downloads\gnn_bert_music_context\data\processed\features\jazz\jazz.00063.npy,QRKc90kuAaE,560,570,"This composition contains acoustic drums playing a complex groove on just the snare using brushes. The crowd in the background is cheering, whistling and clapping their hands. A bass, piano and horn section is playing a melody as a counter-beat along with trumpets playing along a modified melody in a higher register. Then saxophones are coming in playing their own countermelody. This song is highly complex and may be playing at a jazz festival.","['jazz', 'acoustic drums', 'acoustic piano', 'brass section', 'horn section', 'background crowd', 'uptempo']",energetic
train,disco,C:\Users\user\Downloads\gnn_bert_music_context\data\processed\graphs\disco\disco.00011.pkl,C:\Users\user\Downloads\gnn_bert_music_context\data\processed\features\disco\disco.00011.npy,vx5iuWuE2Ng,30,40,This song contains acoustic drums playing a groove along with an e-bass and a tambourine. A brass section is playing along with the drum fills  and the bongos. A piano is playing a melody together with a guitar strumming chords in the mid range. The male singer sounds loud and soulful. This song may be playing in a rollerblade disco.,"['r&b/soul', 'e-bass', 'brass section', 'e-guitar', 'bongos', 'acoustic drums', 'male voice singing', 'tambourine', 'piano', 'medium to uptempo']",energetic
train,country,C:\Users\user\Downloads\gnn_bert_music_context\data\processed\graphs\country\country.00090.pkl,C:\Users\user\Downloads\gnn_bert_music_context\data\processed\features\country\country.00090.npy,1nUqhH8bAPk,30,40,"A country-song with guitar, acoustic drums and a almost walking bassline is playing along with a high pitched baby voice singing along to some sound effects/noise samples of some ribbon. This recording is in very poor quality. This song may be playing as a joke to pull off on someone.","['comedicsong', 'high pitched baby imitating voice singing', 'acoustic guitar', 'e-bass', 'soundeffects', 'comedic', 'poor sound-quality recording']",neutral
train,disco,C:\Users\user\Downloads\gnn_bert_music_context\data\processed\graphs\disco\disco.00025.pkl,C:\Users\user\Downloads\gnn_bert_music_context\data\processed\features\disco\disco.00025.npy,iS-iTbHndw8,190,200,A female singer sings this passionate melody with backup singers in vocal harmony. The tempo is medium and gradually slows down towards the end. The drumming rhythm is steady and retards to the end with a percussive bass line and keyboard accompaniment. The song is a retro disco or R&B love song. The song has poor audio quality.,"['female singer', 'disco music', 'song retarding', 'bad audio quality', 'slowing down', 'backup singers', 'falsetto', 'vocal harmony', 'steady drumming', 'groovy bass line', 'piano accompaniment', 'guitar rhythm', 'tambourine percussions', 'cymbals crashing', 'retro pop song', 'retro hits', 'emotional', 'love song', 'passionate', 'together forever', 'disco romance hits', 'marry me']",romantic
train,blues,C:\Users\user\Downloads\gnn_bert_music_context\data\processed\graphs\blues\blues.00056.pkl,C:\Users\user\Downloads\gnn_bert_music_context\data\processed\features\blues\blues.00056.npy,4BIIFU_b6BY,0,10,An acoustic drum is playing a rock groove with a big emphasis on the ride and silent hits on the crash. Along with the drums a electric bass is playing a bluesy line and so does the guitar. Another e-guitar is strumming chords. The whole song sounds fast and may be playing at a local festival where people are dancing.,"['blues/rock', 'e-bass', 'acoustic drums', 'e-guitar', 'fast tempo', 'dance']",energetic
train,reggae,C:\Users\user\Downloads\gnn_bert_music_context\data\processed\graphs\reggae\reggae.00064.pkl,C:\Users\user\Downloads\gnn_bert_music_context\data\processed\features\reggae\reggae.00064.npy,ALVS3Q_jNaU,30,40,"This is the recording of a jazz reggae concert. There is a saxophone lead playing a solo. There is a keyboard and an electric guitar playing the main tune with the backing of a bass guitar. In the rhythmic background, there is an acoustic reggae drum beat. The atmosphere is groovy and chill. This piece could be playing in the background at a beach. It could also be included in the soundtrack of a summer/vacation/tropical themed movie.","['jazz', 'reggae', 'live performance', 'concert', 'saxophone', 'keyboard', 'electric guitar', 'bass guitar', 'acoustic drums', 'groovy', 'relaxing', 'calm', 'chill', 'tropical', 'jam']",calm
train,reggae,C:\Users\user\Downloads\gnn_bert_music_context\data\processed\graphs\reggae\reggae.00099.pkl,C:\Users\user\Downloads\gnn_bert_music_context\data\processed\features\reggae\reggae.00099.npy,G9gsCU85c8k,160,170,This song features a male voice singing the main melody. Other male voices sing fills in between lines as backing voices. A repetitive melody is played on the marimba. The percussion is programmed and the focus is on the continuous hi-hat strokes. The bass plays the root notes of the chords. The mood of this song is happy. This song can be played at a dance party.,"['caribbean music', 'dance music', 'reggae feel', 'programmed percussion', 'bass', 'male voice', 'male backing voices', 'marimba', 'moderate tempo', 'happy mood']",happy
train,classical,C:\Users\user\Downloads\gnn_bert_music_context\data\processed\graphs\classical\classical.00050.pkl,C:\Users\user\Downloads\gnn_bert_music_context\data\processed\features\classical\classical.00050.npy,PSYURntIjuc,30,40,"Animated vocalists singing a choral harmony. The song is medium tempo with no instrumentation, but just voices singing in various harmonic ranges. The song is cheerful and cartoonish. The song is a parody of a modern pop song with western classical music influences.","['animated vocals', 'chipmunk noises', 'medium tempo', 'cheerful', 'high pitched vocals', 'choral section', 'dance rhythm', 'groovy rhythm', 'cartoony sounds', 'vocal acapella', 'no instrumentation', 'vocal harmony', 'choral harmony', 'auto tuned vocals', 'exciting', 'parody']",happy
train,blues,C:\Users\user\Downloads\gnn_bert_music_context\data\processed\graphs\blues\blues.00055.pkl,C:\Users\user\Downloads\gnn_bert_music_context\data\processed\features\blues\blues.00055.npy,kVuG_F3qCuY,30,40,An acoustic drum set is playing a shuffle groove with hits on the ride along with an e-bass playing a blues walking bassline. Someone is playing a slide-e-guitar. This song may be playing at a live concert.,"['bluesrock', 'e-guitar', 'slide guitar', 'acoustic drums', 'e-bass', 'medium tempo']",neutral
train,blues,C:\Users\user\Downloads\gnn_bert_music_context\data\processed\graphs\blues\blues.00033.pkl,C:\Users\user\Downloads\gnn_bert_music_context\data\processed\features\blues\blues.00033.npy,31O2j4aAgYU,30,40,This song features an electric guitar. The guitar plays a blues progression by first descending three chords and then ending the song on a higher register. The guitar tone has a lot of added reverb. There are no other instruments in this audio. This is an instrumental song with no voices.,"['guitar music', 'no percussion', 'no other instruments', 'reverb effect', 'no voices']",neutral
train,blues,C:\Users\user\Downloads\gnn_bert_music_context\data\processed\graphs\blues\blues.00081.pkl,C:\Users\user\Downloads\gnn_bert_music_context\data\processed\features\blues\blues.00081.npy,un-OXLWhvDc,10,20,This song contains someone playing blues on a clean e-guitar. Then a male voice starts singing calmly and with a mid ranged voice. This song may be playing in a road-movie.,"['blues', 'e-guitar', 'male voice singing', 'slow tempo']",calm
train,reggae,C:\Users\user\Downloads\gnn_bert_music_context\data\processed\graphs\reggae\reggae.00046.pkl,C:\Users\user\Downloads\gnn_bert_music_context\data\processed\features\reggae\reggae.00046.npy,2GWkKVHxGRM,30,40,"This music is a live instrumental.The music is medium tempo with a dominant piano accompaniment, keyboard harmony, bright drumming, funky bass line, congas rhythm and tambourine beats. The music is a live performance as there are ambient background sounds of people talking and laughing.","['instrumental', 'medium tempo', 'emphatic piano harmony', 'electric guitar', 'steady drumming', 'congas beat', 'funky bass line', 'reggae', 'blues', 'live performance', 'lively', 'engaging', 'people talking', 'background laughter', 'gig', 'live performance', 'concert', 'tambourine', 'cymbals', 'keyboard harmony']",energetic
train,rock,C:\Users\user\Downloads\gnn_bert_music_context\data\processed\graphs\rock\rock.00072.pkl,C:\Users\user\Downloads\gnn_bert_music_context\data\processed\features\rock\rock.00072.npy,9kt7rsziUVQ,140,150,"instrumental rock music with a drum kit, lots of cymbal crashes, acoustic guitar strumming, harmonized lead guitars and an active bass guitar.","['rock', 'four chord jam', 'drum kit', 'cymbal crashes', 'acoustic guitar strumming', 'harmonized lead guitars', 'active bass guitar', 'instrumental']",neutral
train,rock,C:\Users\user\Downloads\gnn_bert_music_context\data\processed\graphs\rock\rock.00012.pkl,C:\Users\user\Downloads\gnn_bert_music_context\data\processed\features\rock\rock.00012.npy,pp6eSGANq0Y,80,90,"A female vocalist sings this spirited song. The tempo is fast with enthusiastic electric guitar harmony, slick drumming, groovy bass lines and synthesiser arrangements. The song is energetic, youthful, fun, pulsating, engaging and emphatic. This song is Alternative Rock.","['female vocalist', 'fast tempo', 'vibrant electric guitars', 'progressive rock', 'symphonic rock', 'alternative rock', 'slick drumming', 'synthesiser articulation', 'vivacious', 'youthful', 'vibrant', 'groovy bass lines', 'engaging', 'powerful', 'rock', 'classic rock', 'soft rock']",energetic
train,classical,C:\Users\user\Downloads\gnn_bert_music_context\data\processed\graphs\classical\classical.00028.pkl,C:\Users\user\Downloads\gnn_bert_music_context\data\processed\features\classical\classical.00028.npy,nIL_xrqjo1g,30,40,This is a classical music performance. There is a gentle piano tune playing in the background while there is a theremin playing the main melody. The performance has a unique feel to it. The atmosphere is out of the ordinary but also heart-touching. This piece could be used in the soundtrack of an animation movie/TV series.,"['classical music', 'no singer', 'instrumental', 'piano', 'theremin', 'emotional', 'unique', 'eccentric', 'heart-touching']",sad
train,rock,C:\Users\user\Downloads\gnn_bert_music_context\data\processed\graphs\rock\rock.00091.pkl,C:\Users\user\Downloads\gnn_bert_music_context\data\processed\features\rock\rock.00091.npy,y_TnstfXeBQ,30,40,This rock song features a female voice singing at a comfortable pitch. The song starts off with the voice singing vocables. This is accompanied by the overdriven guitar playing one chord three times followed by a second chord three times which is higher in pitch than the first chord. The percussion plays a role at that time. The voice continues to sing a phrase. One guitar harmonic note keeps ringing during this part. The overdriven guitar plays a descending chord pattern. The bass plays the root notes of the guitar. The percussion plays a simple beat in common time. This song can be played in a detective movie.,"['rock song', 'overdriven guitar', 'female voice', 'bass', 'percussion', 'slow tempo', 'romantic mood']",calm
train,classical,C:\Users\user\Downloads\gnn_bert_music_context\data\processed\graphs\classical\classical.00023.pkl,C:\Users\user\Downloads\gnn_bert_music_context\data\processed\features\classical\classical.00023.npy,Bx3nzrmGXhw,11,21,A female soprano singer sings this high pitched melody. The song is medium tempo with just the singer singing this hauntingly beautiful choral melody with no accompaniment. The song is emotional and devotional. The audio quality is bad.,"['soprano singers', 'church choir', 'gospel music', 'choral melody', 'western classical music', 'high pitched singing', 'cathedral reverb', 'no instrumentation', 'solo', 'church music', 'hymnal', 'lilting', 'haunting', 'ethereal music', 'poor audio quality', 'retro gospel music', 'timeless spirituality', 'purity', 'emotional', 'meditational', 'devotional', 'hymns']",dark
train,reggae,C:\Users\user\Downloads\gnn_bert_music_context\data\processed\graphs\reggae\reggae.00016.pkl,C:\Users\user\Downloads\gnn_bert_music_context\data\processed\features\reggae\reggae.00016.npy,C5MhO2HM2Wg,30,40,The drums are just playing the hihat and the kick on the second beat which is typical for reggae. The  keys are playing one chord on the offbeat. A guitar is playing some repeating chords along while the bass is playing a simple rhythmic pattern to support the drums. The female voice is singing with some reverb on her voice. This song may be playing on a sunny day at home with open windows mixed with the noises of a lovely small town.,"['reggae', 'acoustic drums', 'white noise', 'bass', 'keys', 'guitar', 'female voice singing', 'slower tempo', 'relaxing mood']",calm
train,jazz,C:\Users\user\Downloads\gnn_bert_music_context\data\processed\graphs\jazz\jazz.00043.pkl,C:\Users\user\Downloads\gnn_bert_music_context\data\processed\features\jazz\jazz.00043.npy,_y07ENAx2_E,130,140,"The low quality recording features a live performance of a jazz song that consists of a wide passionate, harmonizing male vocals singing over punchy snare and kick hits, shimmering hi hats, groovy bass guitar, synth pad and funky electric guitar melody. It sounds funky, groovy and passionate.","['low quality', 'noisy', 'jazz', 'live performance', 'synth pad', 'groovy bass', 'funky electric guitar melody', 'wide passionate harmonizing male vocals', 'punchy kick', 'punchy kick', 'shimmering hi hats', 'funky', 'groovy', 'passionate']",romantic
train,blues,C:\Users\user\Downloads\gnn_bert_music_context\data\processed\graphs\blues\blues.00099.pkl,C:\Users\user\Downloads\gnn_bert_music_context\data\processed\features\blues\blues.00099.npy,JFJuEOZx1K4,160,170,This rock and roll song features a male voice singing the main melody. There is a female and male backing voice singing in harmony. This is accompanied by percussion playing a simple beat in common time. The bass plays a 12 bar blues lick. The organ fills in between lines. The mood of this song is happy. The quality of audio is low. This song can be played at a celebration party.,"['rock and roll', 'amateur recording', 'male voice', 'female backing voice', 'vocal harmony', 'percussion', 'rock and roll bass riffs', 'organ song', 'happy song', 'song for celebration', 'moderate tempo']",happy
train,metal,C:\Users\user\Downloads\gnn_bert_music_context\data\processed\graphs\metal\metal.00045.pkl,C:\Users\user\Downloads\gnn_bert_music_context\data\processed\features\metal\metal.00045.npy,mwwnfWgV_5U,160,170,This is a power metal/speed metal music piece. The melody is being performed by the distorted electric guitar and the keyboard while the bass guitar is playing in the background. The rhythmic background consists of a loud metal acoustic drum beat. The atmosphere is aggressive and upbeat. This music would suit perfectly in the soundtrack of an adventure video game. It could also work well in the soundtrack of an action-filled cartoon series.,"['power metal', 'speed metal', 'distorted electric guitar', 'keyboard', 'bass guitar', 'acoustic drums', 'loud', 'aggressive', 'upbeat']",energetic
train,country,C:\Users\user\Downloads\gnn_bert_music_context\data\processed\graphs\country\country.00035.pkl,C:\Users\user\Downloads\gnn_bert_music_context\data\processed\features\country\country.00035.npy,cTzJlLzN-xU,30,40,"A male vocalist sings this famous Beatle’s song in Country style. The tempo is medium with an auto harp accompaniment, groovy bass line, keyboard harmony, female vocal backup and sound of clapping and cheering indicating that this is a live performance . The song is cheerful, melodious, engaging, energetic,youthful and upbeat.","['male vocalist', 'fast tempo', 'groovy bass lines', 'beatle’s song country style', 'auto harp', 'female vocal backup', 'clapping', 'keyboard accompaniment', 'lively', 'spirited', 'live performance', 'cheerful', 'country music', 'folk musc', 'regional music', 'popular songs', 'cheerful', 'peppy', 'spirited', 'melodious']",energetic
train,country,C:\Users\user\Downloads\gnn_bert_music_context\data\processed\graphs\country\country.00088.pkl,C:\Users\user\Downloads\gnn_bert_music_context\data\processed\features\country\country.00088.npy,O84YjlJ_Qw4,40,50,The song is instrumental. The tempo is medium with a prolific fiddler playing melody and a banjo and guitar accompaniment. The song is adventurous and exciting. The song is a classic country instrumental. The song has poor audio quality.,"['violinists', 'country music', 'fiddlers', 'child performers', 'instrumental music', 'guitar strumming', 'country folk music', 'live performance', 'groovy rhythm', 'country dance music', 'the country life', 'the wild west', 'dance rhythm', 'passionate', 'emotional', 'spirited', 'never give up', 'cheerful', 'positive', 'traditional music', 'bad audio quality', 'country bluegrass', 'banjo', 'medium tempo']",happy
train,hiphop,C:\Users\user\Downloads\gnn_bert_music_context\data\processed\graphs\hiphop\hiphop.00077.pkl,C:\Users\user\Downloads\gnn_bert_music_context\data\processed\features\hiphop\hiphop.00077.npy,uqUNGNZoxrg,110,120,This is a DJ performance piece. The DJ is scratching the turntable over a breakbeat sample. The constantly shifting electronic drums are in the rhythmic background. There is a beat repeat effect added on the beat in the background. The atmosphere is urban. This piece could be playing in the background of a basketball skills compilation video.,"['dj performance', 'turntable', 'scratching', 'hip-hop', 'breakbeat', 'beat repeat', 'electronic drums', 'hip', 'urban']",neutral
train,country,C:\Users\user\Downloads\gnn_bert_music_context\data\processed\graphs\country\country.00019.pkl,C:\Users\user\Downloads\gnn_bert_music_context\data\processed\features\country\country.00019.npy,kmZFn-CQ19A,30,40,This audio contains someone playing an acoustic guitar fingerstyle. An upright bass is playing a line in the background. This song may be playing guitar to someone.,"['amateur recording', 'country', 'acoustic guitar', 'uprightbass', 'uptempo']",energetic
train,metal,C:\Users\user\Downloads\gnn_bert_music_context\data\processed\graphs\metal\metal.00011.pkl,C:\Users\user\Downloads\gnn_bert_music_context\data\processed\features\metal\metal.00011.npy,R5KBk76b9HE,110,120,"This is a piano cover of a glam metal music piece. The piece is being played gently on a keyboard with a grand piano sound. There is a calming, relaxing atmosphere in this piece. It could be playing in the background at a coffee shop.","['piano cover', 'glam metal', 'keyboard', 'piano sound', 'gentle playing', 'calming', 'relaxing']",calm
train,rock,C:\Users\user\Downloads\gnn_bert_music_context\data\processed\graphs\rock\rock.00004.pkl,C:\Users\user\Downloads\gnn_bert_music_context\data\processed\features\rock\rock.00004.npy,No4Bi6mG1J8,70,80,"The low quality recording features a rock song and it consists of harmonizing male vocals singing over groovy bass, punchy drums and electric guitar melody. It sounds completely crushed, muffled and messy, since the frequencies of the instruments are clashing with each other. Regardless, it still sounds energetic.","['low quality', 'rock', 'harmonizing male vocals', 'groovy bass', 'punchy drums', 'electric guitar melody', 'muffled', 'messy', 'energetic', 'crushed']",energetic
train,country,C:\Users\user\Downloads\gnn_bert_music_context\data\processed\graphs\country\country.00065.pkl,C:\Users\user\Downloads\gnn_bert_music_context\data\processed\features\country\country.00065.npy,6C0HoQe4Y-Y,160,170,"A child singer sings this passionate Latin melody. The song is slow tempo with steady drumming, tambourine percussions, a strong bass line and brass instruments playing countermelody. The song is spirited and passionate. The song has poor audio quality and has ambient crowd noises.","['child singer', 'latin music', 'ambient crowd noise', 'steady bass line', 'cymbals crashing', 'people talking', 'trumpets blaring', 'school concert', 'latin folk music', 'latin folk music', 'traditional', 'cowboys', 'latin country music', 'yodelling music', 'spirited', 'passionate', 'romantic', 'emotional', 'brass instruments harmony', 'slow tempo', 'latin brass band']",calm
train,classical,C:\Users\user\Downloads\gnn_bert_music_context\data\processed\graphs\classical\classical.00039.pkl,C:\Users\user\Downloads\gnn_bert_music_context\data\processed\features\classical\classical.00039.npy,dUlQepCYXgw,460,470,This song features a flute playing the main melody. The flute plays staccato notes and allows only the last note to be sustained. This is accompanied by a cello playing the same melody in the lower register. There are no voices in this song. This song is an instrumental. This folk song features no other instruments. This song can be played in an animation movie featuring fairies.,"['classical music', 'flute', 'cello', 'no other instruments', 'no voices', 'instrumental', 'moderate tempo']",neutral
train,classical,C:\Users\user\Downloads\gnn_bert_music_context\data\processed\graphs\classical\classical.00019.pkl,C:\Users\user\Downloads\gnn_bert_music_context\data\processed\features\classical\classical.00019.npy,hkWcUtga1lw,400,410,The song is an instrumental. The song is medium tempo with a violin playing a solo with a piano accompaniment. The song is emotional and positive. The song is a classic western hit and has poor audio quality in general.,"['piano accompaniment', 'violin solo', 'instrumental music', 'music rehearsal', 'classical duet', 'medium tempo', 'western classical music', 'studio chamber echo', 'instrumental music', 'memdium tempo', 'emotional', 'dance groove', 'cheerful', 'spirited', 'nostalgia', 'good day', 'poor audio quality', 'home video quality', 'entertaining', 'classical dance', 'composers']",happy
train,blues,C:\Users\user\Downloads\gnn_bert_music_context\data\processed\graphs\blues\blues.00024.pkl,C:\Users\user\Downloads\gnn_bert_music_context\data\processed\features\blues\blues.00024.npy,t6XtW3SHQNE,380,390,"The song is an instrumental. The tempo is medium fast with three accordions playing in harmony and virtuoso style , guitar strumming and other percussion instruments. The song is highly improvisational and has a bad audio quality with ambient room noises.","['live music', 'accordion players', 'accordion harmony', 'percussions playing rhythmically', 'blues', 'guitar strumming', 'chaotic harmonies', 'loud ambient room noise', 'bad audio quality', 'medium fast tempo', 'walking bass style', 'groovy music', 'gypsy music', 'improvisational music', 'emotional', 'spirited exciting', 'instrumental music', 'accordion virtuosos']",energetic
train,classical,C:\Users\user\Downloads\gnn_bert_music_context\data\processed\graphs\classical\classical.00013.pkl,C:\Users\user\Downloads\gnn_bert_music_context\data\processed\features\classical\classical.00013.npy,KEp2NhraIZI,30,40,This is a classical music piece. There is a wide range of strings in the orchestra playing a lively melody while a horn is in the lead. The atmosphere is lighthearted. This piece could be used in the soundtrack of a documentary where there are natural movements happening in the scene.,"['classical', 'instrumental', 'strings section', 'horn', 'lively', 'cheerful', 'lighthearted']",energetic
train,hiphop,C:\Users\user\Downloads\gnn_bert_music_context\data\processed\graphs\hiphop\hiphop.00079.pkl,C:\Users\user\Downloads\gnn_bert_music_context\data\processed\features\hiphop\hiphop.00079.npy,E3iPiZlT6f8,30,40,The song features a steelpan that creates the main melody. The sounds are bright and have a positive atmosphere. The track fits the afrobeat genre. In the background there are drums that play a mix between hip-hop and afrobeat patterns. A percussion synth creates a counter melody that contrasts the whole instrumental. This is a song you would play at a beach party in the caribbean at night.,"['steelpan', 'afrobeat', 'upbeat', 'chill', 'smooth', 'bright', 'positive', 'no vocals', 'fast tempo', 'danceable', 'percussion synth']",energetic
train,metal,C:\Users\user\Downloads\gnn_bert_music_context\data\processed\graphs\metal\metal.00077.pkl,C:\Users\user\Downloads\gnn_bert_music_context\data\processed\features\metal\metal.00077.npy,7XMqcbZKNNw,30,40,The music is purely instrumental and so it features no human voice. More gamelans are played but by using different techniques. Other metallic percussion instruments can be heard.,"['instrumental', 'no voice', 'metallic percussion', 'gamelan']",neutral
train,pop,C:\Users\user\Downloads\gnn_bert_music_context\data\processed\graphs\pop\pop.00023.pkl,C:\Users\user\Downloads\gnn_bert_music_context\data\processed\features\pop\pop.00023.npy,5C70IZwHA5g,20,30,This song features a male voice and a female voice singing together. This is accompanied by percussion playing a simple beat. A shaker is played once on the count and twice on the end of each count. The bass plays a melody using a fuzzy tone. A synth holds chords in the background. The mood of the singers is narrative. This song can be played in a mystery movie.,"['electropop song', 'fuzzy bass', 'shaker', 'simple percussion', 'male voice', 'female backing voice', 'synth sounds', 'moderate tempo', 'narrative mood']",neutral
train,blues,C:\Users\user\Downloads\gnn_bert_music_context\data\processed\graphs\blues\blues.00098.pkl,C:\Users\user\Downloads\gnn_bert_music_context\data\processed\features\blues\blues.00098.npy,ZJZxWLYzNh8,30,40,This seems to be a life recording because you can hear people in the background cheering. An electric bass is playing a bluesy bassline along with the drums holding a simple steady groove. One guitar is panned to the right side of the speakers playing chords while another e-guitar is playing a melody on the left side of the speakers. Both are fairly in the background. A male mid ranged voice is singing with a little reverb on his voice. This song may be playing life at a festival.,"['bluesrock', 'e-bass', 'background cheering', 'guitars', 'acoustic drums', 'male mid range voice singing', 'medium tempo']",neutral
train,country,C:\Users\user\Downloads\gnn_bert_music_context\data\processed\graphs\country\country.00000.pkl,C:\Users\user\Downloads\gnn_bert_music_context\data\processed\features\country\country.00000.npy,tUJ_ZniLjhc,70,80,"A female singer sings this sad Country song. The tempo is medium with a Harmonica harmony, steady bass line, acoustic guitar, auto harp and dobro accompaniment. The song is soft, mellow, sad, poignant, emotional, sentimental and despondent with a melodious tune. This Song is a classic Country Pop.","['female singer', 'medium tempo', 'country song', 'despondent', 'melodious tune', 'country pop', 'regional music', 'folk song', 'love song', 'sad song', 'breakup song', 'breakup', 'harmonica', 'steady drumming', 'steady bass lines', 'auto harp', 'dobro', 'resonator guitar', 'mellow', 'lonely', 'soft', 'sentimental', 'emotional']",sad
train,rock,C:\Users\user\Downloads\gnn_bert_music_context\data\processed\graphs\rock\rock.00077.pkl,C:\Users\user\Downloads\gnn_bert_music_context\data\processed\features\rock\rock.00077.npy,MS8VU468rKk,320,330,This is a cover of an alternative rock music piece. There is an electric guitar with a clean sound and a lot of reverb playing a gentle arpeggio. The atmosphere is dreamy and hazy. This piece could be used in the background of a tutorial video.,"['cover', 'alternative rock', 'electric guitar', 'clean sound', 'reverb', 'gentle playing', 'dreamy', 'hazy']",calm
train,metal,C:\Users\user\Downloads\gnn_bert_music_context\data\processed\graphs\metal\metal.00065.pkl,C:\Users\user\Downloads\gnn_bert_music_context\data\processed\features\metal\metal.00065.npy,2aPVOidHLXI,190,200,"The low quality recording features a wide, soft whispering male vocals singing over a wide electric guitar melody, shimmering cymbals and drum roll. In the second part of the loop there is an energetic male vocal singing over more energetic electric guitar chords, distorted bass, punchy kick and snare hits and shimmering cymbals. It sounds energetic, aggressive, but also messy and kind of chaotic, since the mix is dirty.","['metal', 'wide soft whispering male vocals', 'energetic male vocal', 'wide electric guitar melody', 'distorted bass guitar', 'shimmering cymbals', 'drum roll', 'punchy kick', 'punchy snare', 'low quality', 'energetic', 'aggressive', 'dirty', 'messy', 'chaotic']",energetic
train,reggae,C:\Users\user\Downloads\gnn_bert_music_context\data\processed\graphs\reggae\reggae.00011.pkl,C:\Users\user\Downloads\gnn_bert_music_context\data\processed\features\reggae\reggae.00011.npy,MdYXznF3Eac,30,40,To male voices are singing a melody. Someone is playing acoustic drums together with a djembe. A ukulele is being strummed on the offbeat along with a piano playing the same chords. This is an amateur recording. This song may be playing live at a small festival.,"['reggae', 'piano', 'djembe', 'acoustic drums', 'male voices singing', 'ukulele', 'medium to uptempo', 'amateur recording']",energetic
train,classical,C:\Users\user\Downloads\gnn_bert_music_context\data\processed\graphs\classical\classical.00063.pkl,C:\Users\user\Downloads\gnn_bert_music_context\data\processed\features\classical\classical.00063.npy,azyNUtTHvaE,30,40,A female voice is singing very clear and a high pitched melody. She got a lot of reverb on her voice. A string section is supporting her. This song may be playing in a post-apocalyptic movie-scene.,"['ballad', 'classical', 'string section', 'female voice singing', 'high register', 'soothing', 'melancholic']",sad
train,jazz,C:\Users\user\Downloads\gnn_bert_music_context\data\processed\graphs\jazz\jazz.00079.pkl,C:\Users\user\Downloads\gnn_bert_music_context\data\processed\features\jazz\jazz.00079.npy,JRfU_hF1wdM,30,40,"The low quality recording features a jazzy song that consists of shimmering hi hats, repetitive cowbell, snappy rimshots and smooth bass in the right channel, short brass stabs and groovy piano chords in the left channel of the stereo image and electric guitar solo melody in the middle. The stereo image of the song is a bit unbalanced, due to the spreadness of low frequency sounds throughout the stereo image. It sounds easygoing and percussive.","['low quality', 'jazzy', 'unbalanced stereo', 'shimmering hi hats', 'repetitive cowbell', 'short brass stabs', 'electric guitar solo melody', 'groovy piano chords', 'smooth bass', 'easygoing', 'percussive', 'snappy rimshots']",calm
train,reggae,C:\Users\user\Downloads\gnn_bert_music_context\data\processed\graphs\reggae\reggae.00070.pkl,C:\Users\user\Downloads\gnn_bert_music_context\data\processed\features\reggae\reggae.00070.npy,7ZXz3Xa7APs,0,10,This is a tongue-in-cheek version of a reggae song edited to make it sound like a movie character was featured in it. It has a male vocal that starts singing with a Jamaican accent that turns into gibberish. Clean electric guitar and bass guitar provide the melodic background while the acoustic drums and percussion play a basic reggae beat for the rhythmic background.,"['reggae', 'male vocal', 'gibberish', 'electric guitar', 'bass guitar', 'acoustic drums', 'percussion', 'comedic', 'parody']",neutral
train,metal,C:\Users\user\Downloads\gnn_bert_music_context\data\processed\graphs\metal\metal.00022.pkl,C:\Users\user\Downloads\gnn_bert_music_context\data\processed\features\metal\metal.00022.npy,7lV4IvuW2lk,410,420,"The low quality recording features a live performance of distant trumpet melody, followed by energetic cymbals, snare roll and manically played metallic percussion. It sounds energetic and loud, while the recording is noisy and in mono, as it was probably recorded with a phone.","['low quality', 'distant trumpet melody', 'manic metallic percussions', 'energetic cymbals', 'snare rolls', 'energetic', 'loud', 'noisy', 'mono']",energetic
train,metal,C:\Users\user\Downloads\gnn_bert_music_context\data\processed\graphs\metal\metal.00027.pkl,C:\Users\user\Downloads\gnn_bert_music_context\data\processed\features\metal\metal.00027.npy,XjGm3Bn4j5k,80,90,"The low quality recording features a live performance of a metal song. The recording is noisy, in mono and so crushed, distorted, harsh and loud that you can barely hear anything but the loud noise.","['low quality', 'noisy', 'mono', 'metal', 'crushed', 'distorted', 'loud', 'live performance', 'harsh']",neutral
train,classical,C:\Users\user\Downloads\gnn_bert_music_context\data\processed\graphs\classical\classical.00015.pkl,C:\Users\user\Downloads\gnn_bert_music_context\data\processed\features\classical\classical.00015.npy,_XrolyeJXDw,30,40,"The low quality recording features a classical song that consists of a wide strings melody, low brass and woodwinds melody. It sounds suspenseful and intense.","['low quality', 'classical', 'wide strings melody', 'low brass melody', 'woodwinds melody', 'suspenseful', 'intense']",dark
train,reggae,C:\Users\user\Downloads\gnn_bert_music_context\data\processed\graphs\reggae\reggae.00085.pkl,C:\Users\user\Downloads\gnn_bert_music_context\data\processed\features\reggae\reggae.00085.npy,opu2tXoVNKU,130,140,"A male vocalist sings this beautiful Reggae song. The tempo is medium with a keyboard harmony, punchy and infectious bass line and funky drumming with harmonic vocal backup. The song talks about world peace, kindness towards humankind and unity. The song is inspirational, passionate, youthful, emotional,persuasive,impactful, melodic , engaging and captivating.","['male vocalist', 'medium tempo', 'keyboard harmony', 'emotional', 'youthful', 'passionate', 'emotional punchy bass line', 'funky drumming', 'female vocal backup', 'reggae', 'inspirational', 'emotional', 'sentimental', 'persuasive', 'impactful', 'soothing', 'melodic', 'engaging', 'captivating', 'groovy']",sad
train,metal,C:\Users\user\Downloads\gnn_bert_music_context\data\processed\graphs\metal\metal.00031.pkl,C:\Users\user\Downloads\gnn_bert_music_context\data\processed\features\metal\metal.00031.npy,9iYxf1hS4Yk,460,470,"This piece has no melody. Only percussion instruments can be heard in the background. The drumming is rapid and vigorous with a boomy bass drum and sounds of a helicopter, roaring, grunting,gunshots, blasts,fireworks, and clanging of metal and a siren at the end. The vibe is intense, sinister, hostile and dangerous.","['instrumental', 'no vocals', 'no melody', 'hostile', 'dangerous', 'danger', 'intense', 'blasts', 'grunting', 'serious', 'hostile', 'vigorous drumming', 'percussions', 'booming bass drum', 'booming sounds', 'roaring', 'gunshots', 'fireworks', 'metal clanging', 'sinister', 'intense', 'siren at the end', 'helicopter sound', 'chopper']",dark
train,hiphop,C:\Users\user\Downloads\gnn_bert_music_context\data\processed\graphs\hiphop\hiphop.00096.pkl,C:\Users\user\Downloads\gnn_bert_music_context\data\processed\features\hiphop\hiphop.00096.npy,GRdzFvQezUE,80,90,This is a hip-hop music piece. There is a duo of one male and one female vocal singing in a way that resembles rapping. The beat has an electric guitar and a bass guitar playing a groovy tune. The rhythmic background consists of an electronic drum beat. The atmosphere is urban. This piece could be playing in the soundtrack of a crime movie where the characters are doubting their actions.,"['hip-hop', 'male vocal', 'female vocal', 'rap-like singing', 'electric guitar', 'bass guitar', 'electronic drums', 'groovy', 'hip', 'urban', 'southern rap sound']",neutral
train,classical,C:\Users\user\Downloads\gnn_bert_music_context\data\processed\graphs\classical\classical.00042.pkl,C:\Users\user\Downloads\gnn_bert_music_context\data\processed\features\classical\classical.00042.npy,PFa1XVCgPgM,40,50,"The low quality recording features a live performance of a classical song that consists of a fruity male opera singer over a piano melody. In the background there are coughing and telephone ring sounds. The recording is noisy, muffled and it sounds emotional and passionate.","['low quality', 'live performance', 'reverberant', 'noisy', 'muffled', 'coughing', 'classical', 'opera', 'fruity male vocal', 'piano melody', 'emotional', 'passionate', 'telephone ring']",romantic
train,classical,C:\Users\user\Downloads\gnn_bert_music_context\data\processed\graphs\classical\classical.00081.pkl,C:\Users\user\Downloads\gnn_bert_music_context\data\processed\features\classical\classical.00081.npy,IwqD859w2_E,30,40,"A fiery, passionate flamenco duet between a nylon string guitar player and a clapping dancer. The guitar playing is virtuosic, employing flamenco strumming and fast scales. The rhythms are complex and additive.","['flamenco', 'duet', 'spanish guitar', 'classical guitar', 'nylon string guitar', 'hand claps', 'virtuosic', 'fast scales', 'flamenco strumming', 'additive rhythm', 'complex rhythm', 'fiery', 'passionate']",romantic
train,classical,C:\Users\user\Downloads\gnn_bert_music_context\data\processed\graphs\classical\classical.00051.pkl,C:\Users\user\Downloads\gnn_bert_music_context\data\processed\features\classical\classical.00051.npy,yfXvz2FyZ_U,140,150,The song is of a classical style and features an intricate piano phrase alongside some passionate violin playing. The song has a certain intensity and build-up to it.,"['classical style music', 'violin playing', 'piano playing', 'intricate piano motif', 'passionate violin playing', 'passionate song', 'intense', 'energy build-up', 'bravado']",romantic
train,hiphop,C:\Users\user\Downloads\gnn_bert_music_context\data\processed\graphs\hiphop\hiphop.00055.pkl,C:\Users\user\Downloads\gnn_bert_music_context\data\processed\features\hiphop\hiphop.00055.npy,0ISHZQJdeSw,30,40,"A male vocalist sings this Rap. The tempo is slow with enthusiastic drumming, syncopated piano harmony, digital beats ,keyboard arrangements with vocal backup and a catchy vocal riff. The rap is catchy, youthful, insightful, enthusiastic, intense, passionate, emotional and persuasive. This song is contemporary Rap/Hip-Hop.","['male vocalist', 'slow tempo', 'hip-hop', 'rap', 'progressive', 'vocal backup', 'youthful', 'funky snare drumming', 'digital beats', 'syncopated piano accompaniment', 'groovy bass line', 'synthesiser arrangements', 'persuasive', 'story telling', 'rhythmic patter', 'rhythmic speech', 'intense', 'passionate', 'emotional', 'intense', 'vocal riff']",calm
train,blues,C:\Users\user\Downloads\gnn_bert_music_context\data\processed\graphs\blues\blues.00030.pkl,C:\Users\user\Downloads\gnn_bert_music_context\data\processed\features\blues\blues.00030.npy,y7PtSsbkGdM,30,40,This slow blues song features a distortion guitar playing a guitar solo and the song is in 6/8 time signature. This is accompanied by a bass guitar playing a descending bassline. The percussion is playing a simple beat over a 6/8 time signature with a roll at the end of the bar. There are no voices in this song. This song can be played in a spy movie in a scene when a plan is being executed.,"['slow blues', 'no voices', 'distortion guitar', 'descending bassline', 'compound time signature', 'percussion']",calm
train,reggae,C:\Users\user\Downloads\gnn_bert_music_context\data\processed\graphs\reggae\reggae.00073.pkl,C:\Users\user\Downloads\gnn_bert_music_context\data\processed\features\reggae\reggae.00073.npy,4Lk8pUeLCwQ,60,70,"A male singer sings this reggae melody with backup singers in vocal harmony. The song is medium fast tempo with a groovy drum drumming rhythm, keyboard accompaniment, percussive bass line and various percussive effects. The song is groovy and enthusiastic with a reggae influence.","['male singers', 'backup singers', 'vocal harmony', 'keyboard accompaniment', 'reggae music', 'tero pop hits', 'retro dance hits', 'groovy dance rhythm', 'percussive bass line', 'groovy drum rhythm', 'keybiard accompaniment', 'sonic effects', 'horns playing trumpets', 'passionate', 'story telling', 'spirited', 'enthusiastic', 'exciting', 'medium fast tempo']",energetic
train,reggae,C:\Users\user\Downloads\gnn_bert_music_context\data\processed\graphs\reggae\reggae.00089.pkl,C:\Users\user\Downloads\gnn_bert_music_context\data\processed\features\reggae\reggae.00089.npy,yVWk3yq3Abc,30,40,"The low quality recording features a reggae song that consists of wide harmonizing low male vocals singing over groovy bass, muffled snare, shimmering hi hats, tinny percussive elements and offbeat piano chords. The recording is noisy and it sounds easygoing and chill.","['reggae', 'low quality', 'wide harmonizing low male vocals', 'offbeat piano chords', 'groovy bass', 'muffled snare', 'tinny percussive elements', 'shimmering hi hats', 'noisy', 'easygoing', 'chill']",calm
train,rock,C:\Users\user\Downloads\gnn_bert_music_context\data\processed\graphs\rock\rock.00035.pkl,C:\Users\user\Downloads\gnn_bert_music_context\data\processed\features\rock\rock.00035.npy,D6xrH93lnoc,30,40,This is a rock-n-roll music piece. There is a male vocalist singing as if he is telling a story in the lead. The electric and the bass guitar are playing a simple tune. The acoustic drums are playing an upbeat rhythm with a heavy use of rimshots. The atmosphere of the piece is groovy. This piece could be used in the soundtrack of a romance/romantic comedy movie where the protagonist cannot stop thinking about a girl.,"['rock-n-roll', 'male vocal', 'story-telling mood', 'electric guitar', 'simple tune', 'bass guitar', 'acoustic drums', 'rimshots', 'upbeat', 'energetic', 'groovy']",energetic
train,rock,C:\Users\user\Downloads\gnn_bert_music_context\data\processed\graphs\rock\rock.00057.pkl,C:\Users\user\Downloads\gnn_bert_music_context\data\processed\features\rock\rock.00057.npy,JrOV2Xz2djA,90,100,"A male vocalist sings this  energetic rock song. The song is  fast tempo with emphatic drumming, groovy bass lines, funky electric guitar feedback and keyboard accompaniment, with animated, high pitched backup. The song is youthful, energetic,spirited, intense, psychedelic and passionate. This song is Hard Rock.","['male singer', 'fast tempo', 'youthful', 'progressive', 'compelling', 'passionate', 'funky electric guitar feedback', 'emphatic drumming', 'groovy bass lines', 'animated vocal backup', 'high pitched singing', 'funky electri guitar feedback', 'youthful', 'progressive', 'hard rock', 'metal', 'hard metal', 'goth rock', 'punk rock', 'energetic', 'emphatic', 'intense', 'goth', 'psychedelic']",energetic
train,jazz,C:\Users\user\Downloads\gnn_bert_music_context\data\processed\graphs\jazz\jazz.00004.pkl,C:\Users\user\Downloads\gnn_bert_music_context\data\processed\features\jazz\jazz.00004.npy,A-oSBMP-Zy4,30,40,This is a live performance from a female cabaret quartet. They have different vocal ranges and harmonise every line of the song. The audience cheers and claps as they sing. The song feels jazzy.,"['live performance', 'poor quality audio', 'female quartet', 'cabaret', 'jazzy', 'harmony', 'alto', 'soprano', 'mezzo', 'audience cheering', 'audience clapping']",neutral
train,metal,C:\Users\user\Downloads\gnn_bert_music_context\data\processed\graphs\metal\metal.00001.pkl,C:\Users\user\Downloads\gnn_bert_music_context\data\processed\features\metal\metal.00001.npy,JL4Z2_5Q7sU,190,200,"The low quality recording features a metal song that consists of an aggressive male vocal, alongside wide harmonizing background vocals, singing over punchy kick and snare hits, shimmering cymbals, distorted bass guitar and wide aggressive electric guitar melody.","['low quality', 'metal', 'wide harmonizing vocals', 'aggressive male vocals', 'wide aggressive guitars melodies', 'distorted bass guitar', 'shimmering cymbals', 'punchy kick', 'punchy snare', 'energetic', 'aggressive']",energetic
train,classical,C:\Users\user\Downloads\gnn_bert_music_context\data\processed\graphs\classical\classical.00076.pkl,C:\Users\user\Downloads\gnn_bert_music_context\data\processed\features\classical\classical.00076.npy,adHhqDnyZv8,100,110,"This music is a rich Italian Classical Orchestra. The tempo is fast with a symphonic orchestra with a rich ,animated violin solo, complete with violin, cello viola , flute and piano accompaniment . This music is a sonic treat. It is rich, expressive, exquisite, spectacular, enthralling and captivating. This music is a Baroque classical.","['instrumental', 'fast tempo', 'orchestra', 'allergissimo', 'allegro', 'symphony', 'violin symphony', 'violin solo', 'italian classical', 'violin solo', 'cello', 'viola', 'classical', 'exquisite', 'delicate', 'merry', 'enchanting', 'captivating', 'enthralling', 'baroque', 'english dance', 'chamber music', 'extravagant', 'spectacular', 'pulsating', 'electrifying', 'live performance', 'live audience', 'concert', 'paino accompaniment']",energetic
train,rock,C:\Users\user\Downloads\gnn_bert_music_context\data\processed\graphs\rock\rock.00065.pkl,C:\Users\user\Downloads\gnn_bert_music_context\data\processed\features\rock\rock.00065.npy,qoBC2wimalI,30,40,"This music is instrumental . The tempo is slow with an Oboe playing a monotone note and synthesised sound of heavy rainfall. The music has minimal instruments and has a creepy, scary, sinister, unnatural vibe.","['instrumental', 'eerie', 'hollow sounds', 'sinister', 'goth rock', 'spooky', 'unnatural', 'horror movie vibe', 'minimal instruments', 'creepy', 'rainfall', 'oboe', 'no vocals', 'no percussions', 'synthesiser arrangement', 'slow tempo']",dark
train,classical,C:\Users\user\Downloads\gnn_bert_music_context\data\processed\graphs\classical\classical.00048.pkl,C:\Users\user\Downloads\gnn_bert_music_context\data\processed\features\classical\classical.00048.npy,wBe5tW8iJew,0,10,The song is an instrumental. The song is slow tempo with a violin and cello playing a duet with no other instrumentation. The song is emotional and extremely heartfelt. The song is a western classical music hit.,"['violin solo', 'cello solo', 'string duet', 'heartfelt', 'duet', 'orchestra', 'opera hall', 'concert hall', 'live audience', 'string section', 'great composers', 'great vibrato', 'masterful string technique', 'virtuosos in play', 'conductor', 'live performance', 'heart strings', 'instrumental music', 'philharmonic orchestra', 'western classical music', 'emotional', 'romantic', 'passionate', 'sentimental']",sad
train,classical,C:\Users\user\Downloads\gnn_bert_music_context\data\processed\graphs\classical\classical.00037.pkl,C:\Users\user\Downloads\gnn_bert_music_context\data\processed\features\classical\classical.00037.npy,cm62raVagEE,60,70,"The classical music features an intense brass section, followed by energetic drums, repetitive suspenseful woodwinds and wide strings melody. It sounds cinematic, epic, powerful, intense and suspenseful - like a background music for a very dynamic scene in a movie.","['classical music', 'cinematic', 'epic', 'powerful', 'intense', 'suspenseful', 'female choir', 'wide strings melody', 'intense brass section', 'energetic drums', 'repetitive suspenseful woodwinds']",energetic
train,reggae,C:\Users\user\Downloads\gnn_bert_music_context\data\processed\graphs\reggae\reggae.00001.pkl,C:\Users\user\Downloads\gnn_bert_music_context\data\processed\features\reggae\reggae.00001.npy,L5Uu_0xEZg4,80,90,"The song is a traditional south asian dance song with clear reggae influences. It is upbeat, vibrant and features bouncy reggae percussion. There are brass instruments playing cheerful motifs, and the lead singer has reverb and ample autotune applied to his vocal. There's a background vocalist adding shouted ad-libs to the song.","['south asian dance music', 'reggae style rhythm', 'brass instruments', 'trumpets', 'autotuned vocal', 'background shouting', 'background ad-libs', 'vibrant']",happy
train,reggae,C:\Users\user\Downloads\gnn_bert_music_context\data\processed\graphs\reggae\reggae.00034.pkl,C:\Users\user\Downloads\gnn_bert_music_context\data\processed\features\reggae\reggae.00034.npy,xUVvBF9BWdg,30,40,"A male singer sings this jazz melody with the backup singer in vocal harmony. The song is medium tempo, with saxophone harmony, ska drumming rhythm and a good bass line. The song is entertaining and groovy. The song is a classic jazz tune played in ska style.","['male singer', 'reggae music', 'ska band', 'dance rhythm', 'people dancing', 'band recording', 'classy', 'medium tempo', 'guitar accompaniment', 'bass guitar', 'saxophones harmony', 'backup singer', 'vocal harmony', 'groovy bass line', 'jazz music', 'funky jazz', 'percussive horn section', 'joyful', 'passionate', 'medium tempo', 'syncopated vocals', 'ska orchestra', 'jazz hits', 'life’s truths']",happy
train,reggae,C:\Users\user\Downloads\gnn_bert_music_context\data\processed\graphs\reggae\reggae.00047.pkl,C:\Users\user\Downloads\gnn_bert_music_context\data\processed\features\reggae\reggae.00047.npy,aUvHaURNgY8,50,60,A low sounding male voice is rapping over a fast paced drums playing a reggaeton beat along with a bass. Something like a guitar is playing the melody along. This recording is of poor audio-quality. In the background a laughter can be noticed. This song may be playing in a bar.,"['reggaeton', 'drums', 'bass', 'background laughter', 'guitar', 'male voice rapping/singing', 'amateur recording', 'uptempo']",energetic
train,rock,C:\Users\user\Downloads\gnn_bert_music_context\data\processed\graphs\rock\rock.00036.pkl,C:\Users\user\Downloads\gnn_bert_music_context\data\processed\features\rock\rock.00036.npy,d0Uz_RnRV88,460,470,The low quality recording features a cover of a rock song that consists of repetitive acoustic rhythm guitars chord progressions. The progression is played a bit sloppy and the recording is noisy.,"['low quality', 'repetitive acoustic rhythm guitars chord progressions', 'noisy', 'mono', 'rock', 'cover', 'sloppy']",neutral
train,rock,C:\Users\user\Downloads\gnn_bert_music_context\data\processed\graphs\rock\rock.00008.pkl,C:\Users\user\Downloads\gnn_bert_music_context\data\processed\features\rock\rock.00008.npy,b-Y-AjW6MJ0,0,10,"The low quality recording features a rock song that consists of a flat male vocal and flat female vocal talking, followed by punchy kick and snare hits, shimmering hi hats, energetic crash hits, wide electric guitar chords, groovy bass guitar and synth lead melody. It sounds energetic.","['low quality', 'rock', 'flat female vocal', 'flat male vocal', 'energetic crash cymbal', 'groovy bass guitar', 'wide electric guitar chords', 'synth lead melody', 'shimmering hi hats', 'punchy kick', 'punchy snare', 'energetic']",energetic
train,country,C:\Users\user\Downloads\gnn_bert_music_context\data\processed\graphs\country\country.00083.pkl,C:\Users\user\Downloads\gnn_bert_music_context\data\processed\features\country\country.00083.npy,jrwhxVnvMdk,30,40,"The music is a country song instrumental. The tempo is slow with an auto harp harmony and lively acoustic guitar accompaniment. The music is soft, mellow, mellifluous,dulcet, sentimental, simple and nostalgic.","['instrumental', 'slow tempo', 'acoustic guitar accompaniment', 'mellow', 'soft', 'dulcet', 'country love song', 'steel guitar', 'auto harp', 'country song', 'country hits', 'country instrumental', 'auto harp instrumental', 'mellifluous', 'enthralling', 'pleasant', 'nostalgic', 'calming', 'soothing', 'emphatic']",calm
train,blues,C:\Users\user\Downloads\gnn_bert_music_context\data\processed\graphs\blues\blues.00091.pkl,C:\Users\user\Downloads\gnn_bert_music_context\data\processed\features\blues\blues.00091.npy,YKQMolFL2Rs,30,40,The song has a bluesy funk feel to it. The singer has a raspy and burly vocal and sits on top of a grungy gritty electric guitar.,"['funky guitar playing', 'bluesy guitar playing', 'burly raspy male vocal', 'blues', 'funk', 'grungy electric guitar', 'simple drumming']",neutral
train,hiphop,C:\Users\user\Downloads\gnn_bert_music_context\data\processed\graphs\hiphop\hiphop.00013.pkl,C:\Users\user\Downloads\gnn_bert_music_context\data\processed\features\hiphop\hiphop.00013.npy,YZvv4hOlNqw,210,220,"The low quality recording features a hip hop song where a fruity male vocal is rapping over punchy kick and snare hits, shimmering hi hats, groovy bass and brass melody. It sounds bouncy, groovy and upbeat.","['low quality', 'hip hop', 'fruity male vocal', 'brass melody', 'punchy kick', 'punchy snare', 'shimmering hi hats', 'groovy bass', 'groovy', 'bouncy', 'upbeat']",energetic
train,jazz,C:\Users\user\Downloads\gnn_bert_music_context\data\processed\graphs\jazz\jazz.00041.pkl,C:\Users\user\Downloads\gnn_bert_music_context\data\processed\features\jazz\jazz.00041.npy,Oe_xSG_ic-c,80,90,"The low quality recording features a live performance of a jazz song and it consists of a saxophone solo melody played over mellow keys chords, groovy bass, punchy snare and kick hits and shimmering hi hats. It sounds passionate and soulful.","['low quality', 'jazz', 'live performance', 'saxophone solo melody', 'shimmering hi hats', 'punchy kick', 'punchy snare', 'mellow keys chords', 'groovy bass', 'passionate', 'soulful']",romantic
train,reggae,C:\Users\user\Downloads\gnn_bert_music_context\data\processed\graphs\reggae\reggae.00017.pkl,C:\Users\user\Downloads\gnn_bert_music_context\data\processed\features\reggae\reggae.00017.npy,zfkPKRn8ah8,30,40,"This is a dancehall music piece. There is a male vocalist singing at a medium-to-high pitch with a Jamaican accent. In the background, there is a keyboard playing the main melody. The atmosphere of the piece is vibrant. This piece could be used at beach parties and summer/vacation themed movies or TV shows.","['dancehall', 'reggae', 'dub', 'jamaican', 'male vocal', 'medium-to-high pitch singing', 'keyboard', 'chill', 'vibrant', 'lively']",happy
train,blues,C:\Users\user\Downloads\gnn_bert_music_context\data\processed\graphs\blues\blues.00045.pkl,C:\Users\user\Downloads\gnn_bert_music_context\data\processed\features\blues\blues.00045.npy,Ou7vteWmqfw,120,130,"This blues song features a male voice singing the main melody. This is accompanied by the percussion playing a simple beat. The percussion plays the tambourine as well. The bass plays the same licks played on the guitar. The guitar plays notes that are octaves apart. Toward the end of the song, an overdrive guitar plays a hammer on note. The mood of this song is comforting. This song can be played in a bar.","['blues song', 'male voice', 'guitar fills', 'guitar playing octaves', 'simple percussion', 'tambourine', 'bass', 'slow tempo', 'comforting song']",calm
train,hiphop,C:\Users\user\Downloads\gnn_bert_music_context\data\processed\graphs\hiphop\hiphop.00019.pkl,C:\Users\user\Downloads\gnn_bert_music_context\data\processed\features\hiphop\hiphop.00019.npy,CrbZHPkHeV4,30,40,"A male vocalist sings this passionate Rap. The tempo is medium with steady drumming, keyboard harmony, amplified piano accompaniment, and  groovy bass lines . The song is emotional, intense, persuasive, intense and has a catchy groove. This song is contemporary Rap/Hip-Hop.","['male vocalist', 'medium tempo', 'hip-hop', 'rap', 'rhythmic patter', 'rhythmic speech', 'slang', 'objectionable lyrics', 'passionate', 'emotional', 'intense', 'emphatic', 'persuasive', 'catchy', 'youthful', 'steady drumming', 'melody keyboard', 'amplified piano', 'groovy bass lines']",romantic
train,rock,C:\Users\user\Downloads\gnn_bert_music_context\data\processed\graphs\rock\rock.00010.pkl,C:\Users\user\Downloads\gnn_bert_music_context\data\processed\features\rock\rock.00010.npy,Occ4uW0lw0k,30,40,This slow rock song features a female voice singing the main melody. This is accompanied by a piano and no other instruments. The piano plays chords backing the voice. It fills in between lines. The mood of the song is relaxing. This song can be played at a coffee shop.,"['low quality recording', 'piano music', 'female voice', 'easy listening', 'slow rock', 'relaxing music', 'no other instruments', 'no percussion', 'slow tempo']",calm
train,country,C:\Users\user\Downloads\gnn_bert_music_context\data\processed\graphs\country\country.00061.pkl,C:\Users\user\Downloads\gnn_bert_music_context\data\processed\features\country\country.00061.npy,AF7sah5a_DE,30,40,someone is picking and strumming a melody on the acoustic guitar while a slide guitar is playing the main melody on top of it. Then an acoustic drum comes with an e-bass providing the rhythmic support.,"['country/folk/ballad', 'acoustic guitar', 'slide guitar', 'acoustic drums', 'e-bass', 'slow tempo']",calm
train,reggae,C:\Users\user\Downloads\gnn_bert_music_context\data\processed\graphs\reggae\reggae.00068.pkl,C:\Users\user\Downloads\gnn_bert_music_context\data\processed\features\reggae\reggae.00068.npy,ZNGvyFsCx4g,30,40,This is a reggae piece. There is a male vocalist singing with a Jamaican accent. An electric guitar is playing the main melody with a groovy bass guitar in the background. The rhythmic background is a simple 2/4 reggae beat being played by acoustic drums. The atmosphere is very chill. This piece could be played at beaches and summertime barbecue parties.,"['reggae', 'dub', 'jam', 'male vocal', 'electric guitar', 'bass guitar', 'acoustic drums', 'jamaican', 'groovy', 'relaxing', 'chill']",calm
train,pop,C:\Users\user\Downloads\gnn_bert_music_context\data\processed\graphs\pop\pop.00011.pkl,C:\Users\user\Downloads\gnn_bert_music_context\data\processed\features\pop\pop.00011.npy,qxWVr67g6yY,200,210,This is the live performance of a pop music piece. It is an amateur recording. There are male vocals singing melodically. An electric guitar strums a chord for the ending of a song while the sounds of the cymbals can be heard from the acoustic drums. The cheers of the crowd can be heard even more than the music itself. This recording could be sampled for use in beat-making.,"['pop music', 'live performance', 'amateur recording', 'male vocals', 'melodic singing', 'electric guitar', 'acoustic drums', 'crowd cheering']",neutral
train,classical,C:\Users\user\Downloads\gnn_bert_music_context\data\processed\graphs\classical\classical.00069.pkl,C:\Users\user\Downloads\gnn_bert_music_context\data\processed\features\classical\classical.00069.npy,y6iMm7Pltq0,30,40,Someone is playing a simple repeating melody on a zitar along with a small harp. A flute is playing the same melody in the higher mid-range. A male voice is singing along. Someone is playing tabla. This song sounds calm and repetitive. This song may be playing live at a local performance place.,"['classical afghan music', 'zitar', 'flute', 'tablas', 'harp', 'male voice singing', 'higher key', 'slower tempo']",calm
train,hiphop,C:\Users\user\Downloads\gnn_bert_music_context\data\processed\graphs\hiphop\hiphop.00004.pkl,C:\Users\user\Downloads\gnn_bert_music_context\data\processed\features\hiphop\hiphop.00004.npy,SG24NL2Xi3A,30,40,"The low quality recording features a hip hop song sung with an addictive flow by flat double male vocals over arpeggiated piano melody, boomy, layered bass and kick hits, soft crash cymbal and claps. It sounds muddy and messy as the mix of the song is bad making the frequencies clash with each other - especially in the low end.","['low quality', 'hip hop', 'arpeggiated piano melody', 'boomy kick', 'claps', 'soft crash cymbal', 'flat double male vocals', 'boomy bass', 'muddy', 'messy', 'bad mix', 'addictive']",calm
train,country,C:\Users\user\Downloads\gnn_bert_music_context\data\processed\graphs\country\country.00046.pkl,C:\Users\user\Downloads\gnn_bert_music_context\data\processed\features\country\country.00046.npy,-uaTK8sa5Ms,10,20,An acoustic drum set is playing a 16th note rhythm using the edge of his snare and a hihat sound opening and closing. A banjo is playing a fast melody along with a violin/viola playing the same melody. An upright bass is playing a walking bassline. This song may be playing in a funny tv-show.,"['country', 'banjo', 'acoustic piano', 'violin', 'upright bass', 'uptempo']",energetic
train,jazz,C:\Users\user\Downloads\gnn_bert_music_context\data\processed\graphs\jazz\jazz.00013.pkl,C:\Users\user\Downloads\gnn_bert_music_context\data\processed\features\jazz\jazz.00013.npy,5r4jLwjj_Ik,140,150,This is a jazz music piece. There is a saxophone playing a solo in the lead. A tuba is playing the bass line. There is an electric guitar strumming chords. The rhythm is being played on the ride cymbal by the acoustic drums. The instrumentals have a sophisticated feel. This piece could be playing in the background at a classy restaurant.,"['jazz', 'tuba', 'saxophone', 'electric guitar', 'acoustic drums', 'melancholic', 'sophisticated']",sad
train,blues,C:\Users\user\Downloads\gnn_bert_music_context\data\processed\graphs\blues\blues.00025.pkl,C:\Users\user\Downloads\gnn_bert_music_context\data\processed\features\blues\blues.00025.npy,XHczpbtBhk4,0,10,"This is a recording of a live show performance by a rock band. We hear some cheering fans and then the song starts with an electric guitar lick and a bass guitar, and a kick on the drums. The audio quality is muffled and poor.","['live recording', 'cheering fans', 'live performance', 'rock', 'poor audio quality', 'electric guitar lick', 'alternative rock', 'blues rock']",neutral
train,country,C:\Users\user\Downloads\gnn_bert_music_context\data\processed\graphs\country\country.00024.pkl,C:\Users\user\Downloads\gnn_bert_music_context\data\processed\features\country\country.00024.npy,nU7x170OvJ4,30,40,"This is a bluesy country style song played on a lap steel guitar. There is a walking bassline, and slide guitar being played. The singer has a burly, calm voice. The song would be heard in an old school bar in Texas - which might be called a ""saloon"".","['lap steel guitar', 'blues', 'upright bass guitar', 'country blues', 'twangy high pitched licks', 'slide guitar']",calm
train,classical,C:\Users\user\Downloads\gnn_bert_music_context\data\processed\graphs\classical\classical.00075.pkl,C:\Users\user\Downloads\gnn_bert_music_context\data\processed\features\classical\classical.00075.npy,3kSQNjfJnN8,210,220,The song is an instrumental. The song is slow tempo with a Chinese string instrument playing a lilting melody along with tones of the string instrument being plucked like a harp. The song is emotional and melancholic. The song is a live performance with ambient room noise and generally poor audio quality.,"['instrumental music', 'chinese stringed instrument', 'relaxing playlist', 'no percussion instruments', 'sound searching', 'heartfelt', 'folk music', 'classical music influences', 'poor audio quality', 'ambient room noises', 'slow tempo', 'emotional', 'passionate', 'sad', 'melancholic', 'poignant', 'strings plucked', 'live performance', 'quiet audience', 'harp accompaniment']",sad
train,classical,C:\Users\user\Downloads\gnn_bert_music_context\data\processed\graphs\classical\classical.00055.pkl,C:\Users\user\Downloads\gnn_bert_music_context\data\processed\features\classical\classical.00055.npy,keHCWa6XfGY,30,40,"This is an Indian classical music piece. The female vocals are singing in a syncopated manner at the same time with the rhythmic background of the tabla, the cajon and the acoustic drums. The melodic background is provided by a sitar. The piece is used as an accompaniment for the kathak dance. It could be used for the same task in dancing courses.","['indian', 'indian classical', 'sitar', 'tabla', 'percussion', 'female vocals', 'drums', 'cajon', 'kathak dance']",neutral
train,metal,C:\Users\user\Downloads\gnn_bert_music_context\data\processed\graphs\metal\metal.00021.pkl,C:\Users\user\Downloads\gnn_bert_music_context\data\processed\features\metal\metal.00021.npy,wxKtBDKasgM,310,320,"The song is a black metal band which features a heavily distorted, sustained guitar chord. The male voice is croaky, raspy, deep and fuzzy. There is a soft choral vocal in the background.","['metal', 'rock', 'black metal', 'distorted guitar chords', 'haunting', 'mysterious', 'croaky male voice', 'raspy male voice', 'christian choral backing vocals']",dark
train,country,C:\Users\user\Downloads\gnn_bert_music_context\data\processed\graphs\country\country.00095.pkl,C:\Users\user\Downloads\gnn_bert_music_context\data\processed\features\country\country.00095.npy,8ntKBILZ06k,30,40,"This song is a child yodelling .The tempo is medium with an enthusiastic guitar accompaniment. The yodelling is melodic, calm, engaging, and pleasant. The song  has minimal instrumentation with vocal emphasis.","['child singer', 'fast tempo', 'yodelling', 'vocalisation', 'falsetto', 'vocal emphasis', 'country side singing', 'enthusiastic acoustic guitar accompaniment', 'vocalisation', 'no lyrics', 'austria', 'switzerland music', 'energetic', 'enthusiastic', 'pleasant', 'sweet', 'melodic']",energetic
train,country,C:\Users\user\Downloads\gnn_bert_music_context\data\processed\graphs\country\country.00050.pkl,C:\Users\user\Downloads\gnn_bert_music_context\data\processed\features\country\country.00050.npy,pz8P96myUZk,140,150,This contemporary gospel song features a female voice singing the main melody. This is accompanied by percussion playing a simple beat in common time. The bass plays the root nots of the chords. An electric guitar plays fills in between lines. The quality of this audio is low and other instruments cannot be easily identified. This song can be played in a Christian movie.,"['contemporary gospel', 'low quality audio', 'country feel', 'female voice', 'guitar fill', 'simple percussion', 'synth', 'bass']",neutral
train,reggae,C:\Users\user\Downloads\gnn_bert_music_context\data\processed\graphs\reggae\reggae.00023.pkl,C:\Users\user\Downloads\gnn_bert_music_context\data\processed\features\reggae\reggae.00023.npy,PqN7aT4dVN4,390,400,This song contains an acoustic drum playing a reggae rhythm along with an e-guitar with effects strumming a chord on the backbeat. A bass is playing a simple repeating line while an organ is playing a rhythmic melody panned to the right side of the speakers. A female voice is singing at a higher pitch. This song may be playing chilling at home.,"['reggae', 'organ', 'e-bass', 'acoustic drums', 'e-guitar', 'female voice singing', 'slow to medium tempo']",calm
train,pop,C:\Users\user\Downloads\gnn_bert_music_context\data\processed\graphs\pop\pop.00018.pkl,C:\Users\user\Downloads\gnn_bert_music_context\data\processed\features\pop\pop.00018.npy,xN9tKWgXLI4,310,320,"The song is instrumental. The tempo is medium with keyboard accompaniment, string pad harmony, steady drumming and a strong bass line. The song is spirited and easy listening and serves as a background to a glass sculpture making video. There is hammering and glass cracking noises with ambient room sounds. The overall sound quality is poor.","['instrumental music', 'medium tempo', 'string pad section', 'pop instrumental music', 'soft background music', 'keyboard harmony', 'subtle drumming rhythm', 'xylophone tones', 'groovy bass line', 'ambient room noises', 'glass cracking tones', 'banging and hammering noises', 'ambient room noise', 'percussion tones', 'diy tutorial music track']",calm
train,blues,C:\Users\user\Downloads\gnn_bert_music_context\data\processed\graphs\blues\blues.00077.pkl,C:\Users\user\Downloads\gnn_bert_music_context\data\processed\features\blues\blues.00077.npy,m7i4g_o-znQ,30,40,"This is a high-octane blues song, with layers of intricate bluesy acoustic guitar playing. There's a slide guitar involved, and other layers of potent intense guitar playing. There's a distant filtered vocal hum which sounds like it is coming through a telephone.","['slide guitar', 'blues', 'blues guitar', 'country blues', 'intricate acoustic guitar playing', 'guitar layers', 'dense guitar playing', 'foot stomping percussion', 'filtered vocal humming']",energetic
train,blues,C:\Users\user\Downloads\gnn_bert_music_context\data\processed\graphs\blues\blues.00065.pkl,C:\Users\user\Downloads\gnn_bert_music_context\data\processed\features\blues\blues.00065.npy,QZNrK337wow,20,30,This is a clip featuring an electric guitar being played through an amp. First a chord is played. This is followed by a descending pentatonic lick being played. This lick has a blues feel. This is an instrumental song. There are no voices in this song. There are no other instruments in this song.,"['electric guitar', 'pentatonic scale', 'no other instruments', 'no voices', 'instrumental', 'blues vibe']",neutral
train,jazz,C:\Users\user\Downloads\gnn_bert_music_context\data\processed\graphs\jazz\jazz.00070.pkl,C:\Users\user\Downloads\gnn_bert_music_context\data\processed\features\jazz\jazz.00070.npy,mwqluX7sXXU,240,250,"This music is a Jazz instrumental. The tempo is medium fast with lively trumpets, groovy bass lines, infectious drumming, sound of bells and chimes at the end followed by the voice of a female speaking. The music is spirited, ambient, complex, fun, informal, active,smooth and airy and emphatic.","['instrumental', 'medium fast tempo', 'jazz music', 'lively spirited', 'informal', 'smooth', 'powerful', 'empahtic', 'atmospheric', 'chill', 'fun', 'active', 'airy', 'emphatic', 'female voice', 'brass bell', 'enchanting chimes', 'lively trumpets', 'bright drumming', 'groovy bass lines', 'syncopated harmony', 'complex chords', 'improvisation', 'polyrhythms']",energetic
train,classical,C:\Users\user\Downloads\gnn_bert_music_context\data\processed\graphs\classical\classical.00012.pkl,C:\Users\user\Downloads\gnn_bert_music_context\data\processed\features\classical\classical.00012.npy,07FxCXxknY4,30,40,This audio contains an acoustic guitar. The piece is played in fingerstyle. Meaning that the chords and the melody are played at the same time. The guitar has some reverb on it. This song may be playing live at an art gallery.,"['fingerstyle-guitar', 'acoustic guitar', 'medium tempo', 'classical atmosphere']",neutral
train,jazz,C:\Users\user\Downloads\gnn_bert_music_context\data\processed\graphs\jazz\jazz.00011.pkl,C:\Users\user\Downloads\gnn_bert_music_context\data\processed\features\jazz\jazz.00011.npy,S2u5IE0n1ws,140,150,"An instrumental western swing group featuring a violin or fiddle solo. The upright bass lays down a steady walking bassline while two jazz guitars accompanied by strumming chords. Accordion is also present, but drums are not.","['fiddle', 'guitar strumming', 'western swing', 'accordion', 'violin solo', 'upright bass', 'jazz guitar', 'violin solo', 'jazz', 'walking bassline', 'no drums', 'instrumental']",neutral
train,jazz,C:\Users\user\Downloads\gnn_bert_music_context\data\processed\graphs\jazz\jazz.00032.pkl,C:\Users\user\Downloads\gnn_bert_music_context\data\processed\features\jazz\jazz.00032.npy,J1gZRam89EE,100,110,"This is a yodeling music piece. There is a female vocalist that is singing happily in the lead. The melody is provided by medium and high pitch woodwinds. In the background, the bass line is played by an upright bass while the rhythm is provided by an acoustic drum. The atmosphere is very lively. This piece could be used in the soundtrack of a comedy movie or a children's show.","['yodeling', 'american', 'female vocal', 'merrily singing', 'woodwinds', 'upright bass', 'acoustic drums', 'jazzy', 'jolly', 'positive', 'lively']",energetic
train,reggae,C:\Users\user\Downloads\gnn_bert_music_context\data\processed\graphs\reggae\reggae.00028.pkl,C:\Users\user\Downloads\gnn_bert_music_context\data\processed\features\reggae\reggae.00028.npy,XKp670Yh0E0,0,10,"This is the opening of a reggae song played live during a performance. There is a saxophone playing a solo as the lead. An electric guitar and a bass guitar play the tune in the background. The acoustic drums follow a basic, repetitive reggae beat. The song could be played at a bar or a coffee house.","['reggae', 'live performance', 'concert', 'saxophone', 'electric guitar', 'bass guitar', 'acoustic drums', 'relaxing']",calm
train,blues,C:\Users\user\Downloads\gnn_bert_music_context\data\processed\graphs\blues\blues.00088.pkl,C:\Users\user\Downloads\gnn_bert_music_context\data\processed\features\blues\blues.00088.npy,d-KxsdWX9xE,20,30,"The low quality recording features a blues song that consists of filtered monotone male vocal singing over groovy bass, groovy organ keys, chords, soft kick hits, punchy snare and shimmering cymbals. The song is poorly mixed, as the vocals are not so much in the face as they should be, probably because the bass is eating the other elements - making it sound boomy.","['blues', 'punchy snare', 'groovy bass', 'filtered monotone male vocal', 'shimmering cymbals', 'soft kick hits', 'groovy organ keys chords', 'boomy', 'low quality', 'poor mix']",energetic
train,jazz,C:\Users\user\Downloads\gnn_bert_music_context\data\processed\graphs\jazz\jazz.00010.pkl,C:\Users\user\Downloads\gnn_bert_music_context\data\processed\features\jazz\jazz.00010.npy,vNPx6RS8PiM,210,220,This song contains someone playing a bass-ukulele along to a piano playing jazzy chords along with a soft jazz piano. The main melody is being played by an alto saxophone. This song may be playing in a jazz lounge bar.,"['jazz', 'bass-ukulele', 'piano', 'saxophone', 'jazz piano', 'uptempo']",energetic
train,country,C:\Users\user\Downloads\gnn_bert_music_context\data\processed\graphs\country\country.00006.pkl,C:\Users\user\Downloads\gnn_bert_music_context\data\processed\features\country\country.00006.npy,aqhhfkXKJ1o,10,20,This is a solo electric guitarist playing some blues. It's a twelve bar blues progression that's intricately finger picked. It has a turnaround.,"['electric guitar playing', 'country blues guitar playing', 'electric guitar arpeggio', 'complex guitar playing']",neutral
train,reggae,C:\Users\user\Downloads\gnn_bert_music_context\data\processed\graphs\reggae\reggae.00033.pkl,C:\Users\user\Downloads\gnn_bert_music_context\data\processed\features\reggae\reggae.00033.npy,p28jmA01BHo,50,60,"A male singer sings this melody with a backup singer singing rapping vocals. The song is medium tempo, with a steady drumming rhythm, groovy bass line and keyboard accompaniment. The song is groovy and exciting. The song is a retro reggae song but has a poor audio quality.","['poor audio quality', 'reggae music', 'groovy bass line', 'sway to the music', 'dance party', 'steady drumming rhythm', 'guitar accompaniment', 'people dancing', 'tropical dance party', 'rapping vocals', 'retro reggae', 'keyboard accompaniment', 'male singer backup singers']",energetic
train,hiphop,C:\Users\user\Downloads\gnn_bert_music_context\data\processed\graphs\hiphop\hiphop.00006.pkl,C:\Users\user\Downloads\gnn_bert_music_context\data\processed\features\hiphop\hiphop.00006.npy,bSX5-VPL8rE,80,90,"Make the singer sing this Latin rap song in vocal harmony. The song is medium  tempo with a steady drum drumming rhythm, keyboard accompaniment, string section harmony, percussive bass line and machine gunshot sounds. The song is story telling and violent in nature. The song has bad audio quality.","['latin male singers', 'latin rap singers', 'gunshots', 'bad audio quality', 'machine gun sounds', 'vocal harmony', 'explicit lyrics', 'string section harmony', 'keyboard accompaniment', 'groovy bass line', 'steady drumming rhythm', 'violence', 'struggles', 'story telling', 'gang fights', 'drug wars', 'life is tough', 'energetic', 'youthful', 'the hood', 'ghetto boys', 'reciting pain']",energetic
train,pop,C:\Users\user\Downloads\gnn_bert_music_context\data\processed\graphs\pop\pop.00039.pkl,C:\Users\user\Downloads\gnn_bert_music_context\data\processed\features\pop\pop.00039.npy,1PKxdTlquCA,30,40,"The Pop song features a flat female vocal, supported by wide harmonizing background vocals, singing over groovy acoustic rhythm guitar, offbeat shimmering open hats, claps, offbeat synth keys chords and a simple ""4 on the floor"" kick pattern that perfectly complements the groovy bass. Sounds energetic and uptempo, like something you would hear in clubs, or on a radio.","['pop', '4 on the floor kick', 'offbeat synth keys chords', 'groovy bass', 'claps', 'offbeat shimmering open hats', 'flat female vocal', 'wide background harmonizing vocals', 'groovy acoustic rhythm guitar', 'uptempo', 'energetic']",energetic
train,hiphop,C:\Users\user\Downloads\gnn_bert_music_context\data\processed\graphs\hiphop\hiphop.00031.pkl,C:\Users\user\Downloads\gnn_bert_music_context\data\processed\features\hiphop\hiphop.00031.npy,h9zF09TMgLU,100,110,This song contains a drumbeat with a funky bassline. A male voice is singing in a higher range. in the background you can hear different voice samples and scratching. This song may be playing while cruising down the street in your car.,"['hiphop', 'drums', 'scratching', 'e-bass', 'vocal samples', 'male voice singing', 'laid back atmosphere', 'slower tempo']",calm
train,reggae,C:\Users\user\Downloads\gnn_bert_music_context\data\processed\graphs\reggae\reggae.00030.pkl,C:\Users\user\Downloads\gnn_bert_music_context\data\processed\features\reggae\reggae.00030.npy,RcfaWoTywcA,30,40,The drums is playing a beat that reminds of a slower version of reggaeton along with some shakers and other percussive elements that are slightly panned to the right side of the speakers. An e-bass is helping to create a mood for dancing. A plucked string instrument is playing an oriental melody accompanied by a string-section playing along and adding little melody-licks. You can hear some backing vocals shouting to the rhythm. This song may be playing at a cafe.,"['turkish pop/dancemusic', 'e-bass', 'electronic drums', 'plucked strings', 'male sample shouting', 'strings', 'medium tempo']",calm
train,jazz,C:\Users\user\Downloads\gnn_bert_music_context\data\processed\graphs\jazz\jazz.00055.pkl,C:\Users\user\Downloads\gnn_bert_music_context\data\processed\features\jazz\jazz.00055.npy,3dzR3ZWOe8Y,410,420,This song contains acoustic drums playing a complex rhythm along with a e-bass playing a walking bassline and a piano playing jazz chords in the mid range. A baritone saxophone is playing the main melody accompanied by other brass instruments. This song may be playing during a live concert.,"['jazz', 'baritone saxophone', 'acoustic piano', 'saxophones', 'trombones', 'trumpets', 'acoustic drums', 'e-bass', 'very fast tempo']",energetic
train,hiphop,C:\Users\user\Downloads\gnn_bert_music_context\data\processed\graphs\hiphop\hiphop.00040.pkl,C:\Users\user\Downloads\gnn_bert_music_context\data\processed\features\hiphop\hiphop.00040.npy,FmytwY7SAfU,60,70,"The low quality recording features a DJ scratching a hip hop song that consists of punchy kick and snare hits, shimmering hi hats and syncopated open hats. There are some plastic tapping sounds. The recording is noisy, in mono and it sounds groovy.","['low quality', 'hip hop', 'dj scratching sounds', 'punchy kick', 'punchy snare', 'shimmering hi hats', 'syncopated open hat', 'noisy', 'mono', 'plastic tapping sounds', 'groovy']",energetic
train,pop,C:\Users\user\Downloads\gnn_bert_music_context\data\processed\graphs\pop\pop.00050.pkl,C:\Users\user\Downloads\gnn_bert_music_context\data\processed\features\pop\pop.00050.npy,4ymXDU-48EE,240,250,A female singer leads other backup singers in a vocal harmony. The song is medium tempo with just mouth and body percussion. The song is groovy and played with a lot of ambient crowd noises. The song is a movie soundtrack.,"['female singer', 'acapella band', 'ambient sounds', 'choral band', 'mouth percussions', 'body percussions', 'crowds talk', 'cheering sounds', 'movie soundtrack', 'vocal harmony', 'medium tempo', 'groovy music', 'song cover', 'groovy music', 'bad audio quality', 'modern pop hits']",neutral
train,classical,C:\Users\user\Downloads\gnn_bert_music_context\data\processed\graphs\classical\classical.00074.pkl,C:\Users\user\Downloads\gnn_bert_music_context\data\processed\features\classical\classical.00074.npy,aPAa2sfhS7k,460,470,"This music is a Western Classical Instrumental. The music is fast tempo with a plethora of instrumentation. From a vigorous clarinet solo, flute, intense trumpets , violin symphony, cello, viola and French horns, this music is a treat to the ears. It is smooth, rich, full bodied, exquisite and elegant with an urgent and sombre vibe.","['instrumental', 'fast tempo', 'orchestra', 'live performance', 'concert', 'live audience', 'full bodied', 'exquisite', 'rich', 'smooth', 'elegant', 'vigorous clarinet solo', 'wind instrument', 'violins', 'lively trumpets', 'brass band', 'french horn', 'conductor', 'trombone', 'flute', 'cello', 'classical', 'western classical', 'intense', 'vigorous', 'engaging', 'compelling']",energetic
train,hiphop,C:\Users\user\Downloads\gnn_bert_music_context\data\processed\graphs\hiphop\hiphop.00089.pkl,C:\Users\user\Downloads\gnn_bert_music_context\data\processed\features\hiphop\hiphop.00089.npy,S7R3NMq3MKk,90,100,"A male vocalist sings this groovy R&B. The tempo is medium with a funky bass guitar, steady guitar, bright electric guitar and keyboard harmony. The song is mellow, emotional, soft, smooth and engaging. This song is an R&B.","['male singer', 'medium tempo', 'groovy bass line', 'mellow', 'smooth', 'emotional', 'engaging', 'steady drumming', 'keyboard harmony', 'hip-hop', 'r&b', 'soul', 'alternative rap', 'rhythmic electric guitar']",calm
train,classical,C:\Users\user\Downloads\gnn_bert_music_context\data\processed\graphs\classical\classical.00017.pkl,C:\Users\user\Downloads\gnn_bert_music_context\data\processed\features\classical\classical.00017.npy,vtnuHbHbveg,90,100,"A male and child sing in animated vocals. The song is medium tempo with western classical music influences, flute harmony, keyboard accompaniment, standing bass line and piano accompaniment. The song is positive and cheerful with an onus on children’s education.","['animated vocals', 'male and child voices', 'flute playing', 'children’s show soundtrack', 'western classical music', 'piano accompaniment', 'standing bass line', 'steady rhythm', 'flute harmony', 'keyboard accompaniment', 'various percussion effects', 'emotional', 'sentimental', 'positive', 'children’s learning', 'nursery rhymes', 'vocabulary expansion', 'pleasant', 'cheerful']",happy
train,blues,C:\Users\user\Downloads\gnn_bert_music_context\data\processed\graphs\blues\blues.00064.pkl,C:\Users\user\Downloads\gnn_bert_music_context\data\processed\features\blues\blues.00064.npy,aLnBwjLUZao,100,110,"This blues song features a male voice singing the main melody at a comfortable pitch. This is accompanied by percussion playing a simple rock beat in common time. An overdriven guitar plays a blues riff. After one bar, the guitar and bass pause while the percussion and voice continues. The bass plays the root notes of the chords. The mood of this song is happy. This song can be played in a bar scene in a movie.","['rock song', 'blues song', 'male voice', 'low quality audio', 'overdriven guitar', 'percussion', 'bass', 'happy mood', 'moderate tempo']",happy
train,jazz,C:\Users\user\Downloads\gnn_bert_music_context\data\processed\graphs\jazz\jazz.00059.pkl,C:\Users\user\Downloads\gnn_bert_music_context\data\processed\features\jazz\jazz.00059.npy,TIAj-fi_R7c,120,130,"The low quality recording features a jazz song that consists of a passionate trumpet melody in the left channel of the stereo image and mellow piano chords in the right channel, followed by smooth double bass and shimmering hi hats. It sounds soft, mellow, passionate and relaxing. The recording is a bit noisy.","['low quality', 'noisy', 'jazz', 'passionate trumpet melody', 'shimmering hi hats', 'mellow piano chords', 'smooth double bass', 'soft', 'mellow', 'passionate', 'relaxing']",calm
train,classical,C:\Users\user\Downloads\gnn_bert_music_context\data\processed\graphs\classical\classical.00008.pkl,C:\Users\user\Downloads\gnn_bert_music_context\data\processed\features\classical\classical.00008.npy,spyBrs3relU,60,70,The song is an instrumental. The tempo is medium fast with two harpsichordists playing an instrument harmony with no other instrumentation. The song is exciting like a dance but has a bad audio quality.,"['two harpsichords', 'bach', 'concerto', 'harpsichord harmony', 'bad audio quality', 'ambient room noises', 'instrumental music', 'western classical music', 'opera hall', 'great composers', 'conductors', 'live audience', 'live elector', 'mace', 'engaging', 'exciting', 'passionate', 'passionate', 'baroque music', 'instrumental music', 'medium tempo', 'royal dance', 'no other instrumentation']",energetic
train,blues,C:\Users\user\Downloads\gnn_bert_music_context\data\processed\graphs\blues\blues.00008.pkl,C:\Users\user\Downloads\gnn_bert_music_context\data\processed\features\blues\blues.00008.npy,vyNstX5b1V8,290,300,This song features an electric guitar. The guitar starts off with a descending pentatonic run. A descending slide is played followed by a moderate tempo blues lick. There are no other instruments in this song. There is no voice in this song. This is an instrumental song with a blues mood. This song can be played as an instructional blues song.,"['electric guitar', 'amateur recording', 'blues melody', 'no other instruments', 'demo audio', 'instructional audio', 'no voices', 'instrumental', 'moderate tempo']",neutral
train,country,C:\Users\user\Downloads\gnn_bert_music_context\data\processed\graphs\country\country.00042.pkl,C:\Users\user\Downloads\gnn_bert_music_context\data\processed\features\country\country.00042.npy,NxpnW_IdkSY,480,490,The low quality recording features a live performance of a country melody on an acoustic rhythm guitar. There are some camera shuttering and beeping sounds in the background.,"['low quality', 'camera shuttering sounds', 'acoustic rhythm guitar', 'noisy', 'country melody', 'camera beeping sounds']",neutral
train,country,C:\Users\user\Downloads\gnn_bert_music_context\data\processed\graphs\country\country.00026.pkl,C:\Users\user\Downloads\gnn_bert_music_context\data\processed\features\country\country.00026.npy,0m9-5BkL4Mc,30,40,"The music features a timid boy voice singing a melody. Right in the opening of the music excerpt, before the boy starts to sing, an accordion can be heard playing a short melody. A band that consists of drums, bass guitar and electric guitar is accompanying the boy. Listening to the electric guitar, I get country music vibes.","['accordion', 'bass guitar', 'timid boy voice', 'drums', 'electric guitar', 'country music vibes']",neutral
train,metal,C:\Users\user\Downloads\gnn_bert_music_context\data\processed\graphs\metal\metal.00016.pkl,C:\Users\user\Downloads\gnn_bert_music_context\data\processed\features\metal\metal.00016.npy,bxoJOfGx3hM,90,100,"The low quality recording features a female opera vocalist singing over sustained strings. There is tinny metallic percussive foley at one point in the loop. It is a bit quiet, but it also sounds dynamic, emotional and passionate.","['low quality', 'orchestra', 'opera', 'female opera vocal', 'sustained strings section', 'quiet', 'metallic percussive foley', 'passionate', 'emotional', 'dynamic']",romantic
train,country,C:\Users\user\Downloads\gnn_bert_music_context\data\processed\graphs\country\country.00060.pkl,C:\Users\user\Downloads\gnn_bert_music_context\data\processed\features\country\country.00060.npy,WhX3jQxHZWc,30,40,This song is recorded in poor quality. Two acoustic guitars are playing. One of them is strumming chords while the other is playing a country solo up and down the fretboard. A cajon player is supported with mostly kick sounds. This song may be played at an Irish bar.,"['country/folkrock', 'acoustic guitars', 'cajon', 'male voice cheering', 'uptempo', 'cheerful', 'poor recording quality']",energetic
train,blues,C:\Users\user\Downloads\gnn_bert_music_context\data\processed\graphs\blues\blues.00022.pkl,C:\Users\user\Downloads\gnn_bert_music_context\data\processed\features\blues\blues.00022.npy,qVgnzJuGDBE,30,40,"This music is instrumental. The tempo is slow with a smooth saxophone harmony, groovy bassline, syncopated piano and jazz style drumming. The music is soothing, atmospheric, soothing, lively,  romantic, compelling and informal.  This music is a Jazz instrumental.","['instrumental', 'slow tempo', 'saxophone harmony', 'saxophone lead', 'woodwind instrument', 'jazz paino', 'complex harmony', 'syncopated harmony', 'groovy bass line', 'jazz drumming', 'improvisation', 'polyrhythms', 'smooth', 'informal', 'atmospheric', 'ambient', 'deep', 'airy', 'creative', 'blues', 'syncopation', 'engaging', 'compelling', 'passionate']",calm
train,reggae,C:\Users\user\Downloads\gnn_bert_music_context\data\processed\graphs\reggae\reggae.00027.pkl,C:\Users\user\Downloads\gnn_bert_music_context\data\processed\features\reggae\reggae.00027.npy,gWRfk8nCcPs,150,160,"This reggae song features a male voice. He sings the first line and laughs at the end of the first sentence. He continues to sing the melody. The voice is accompanied by programmed percussion playing a simple beat. The bass plays the root notes of the chords. A keyboard plays chords in the background with a reggae feel. Another keyboard plays a fill in between lines. At the end, backing singers sing in harmony. This song has a holiday mood. This song can be played in a holiday movie.","['reggae song', 'male voice', 'holiday mood', 'programmed percussion', 'keyboard', 'shaker', 'moderate tempo']",neutral
train,rock,C:\Users\user\Downloads\gnn_bert_music_context\data\processed\graphs\rock\rock.00075.pkl,C:\Users\user\Downloads\gnn_bert_music_context\data\processed\features\rock\rock.00075.npy,YrGQKTbiG1g,30,40,"This is an indie rock piece. There is a male vocalist in the lead with heavy effects. There is an ambient synth in the background playing the melody with the accompaniment of an acoustic guitar. A mellow bass guitar plays a groovy bass line. The rhythmic background consists of an electronic drum beat full of percussion samples. The piece has a trippy aura. It could be played at nightclubs. It could also be used in the soundtracks of drama films with a modern, urban setting.","['indie rock', 'experimental pop', 'male vocal', 'acoustic guitar', 'bass guitar', 'ambient synth', 'electronic drums', 'sound effects', 'trippy', 'groovy', 'psychedelic']",calm
train,reggae,C:\Users\user\Downloads\gnn_bert_music_context\data\processed\graphs\reggae\reggae.00092.pkl,C:\Users\user\Downloads\gnn_bert_music_context\data\processed\features\reggae\reggae.00092.npy,cmJj7SxQEp8,0,10,This reggae song features a male voice singing the main melody. This is accompanied by percussion playing a reggae beat. The bass plays a single note on the fourth count of each bar. There are no other instruments in this song. This song can be played in a club as a dance song.,"['reggae', 'male voice', 'percussion', 'bass notes', 'no other instruments', 'moderate tempo dance music']",neutral
train,metal,C:\Users\user\Downloads\gnn_bert_music_context\data\processed\graphs\metal\metal.00013.pkl,C:\Users\user\Downloads\gnn_bert_music_context\data\processed\features\metal\metal.00013.npy,Bd0PbyrG6H4,30,40,The epic music excerpt starts off full force with an orchestral ensemble playing loud blocks of sound. The taiko drums play with the same rhythm the orchestra does. After a few seconds the volume is dialed down and one can hear a melody being created from electronic sounds and possibly a bass guitar. In the background a metallic percussive instrument is being played with bare hands.,"['taiko drums', 'electronic sounds', 'orchestra', 'epic music']",neutral
train,hiphop,C:\Users\user\Downloads\gnn_bert_music_context\data\processed\graphs\hiphop\hiphop.00058.pkl,C:\Users\user\Downloads\gnn_bert_music_context\data\processed\features\hiphop\hiphop.00058.npy,oZF73R89bk0,140,150,This audio contains a loud and strong digital drum almost sounding like an acoustic drum set. A bass sound rich in harmonica is serving as bassline while a short female shouting voice sample is repeatedly being played as a rhythmic element. This song may be playing for a dance battle.,"['amateur recording', 'hiphop', 'short female voice sample', 'background cheering', 'uptempo', 'urban']",energetic
train,jazz,C:\Users\user\Downloads\gnn_bert_music_context\data\processed\graphs\jazz\jazz.00042.pkl,C:\Users\user\Downloads\gnn_bert_music_context\data\processed\features\jazz\jazz.00042.npy,M1ds6tRFxhs,170,180,The song is an instrumental. The song is medium tempo with chord changes played on different keyboards to check subtle differences in tonality. The song track is a comparison video playing funk jazz accompaniment.,"['keyboard comparison video', 'medium tempo', 'jazz music', 'groovy rhythm', 'music store', 'music demonstration', 'home music video', 'instrumental music', 'funk jazz', 'chord changes', 'poor audio quality', 'live performance', 'groovy music', 'exciting', 'tonal differences', 'keyboard accompaniment']",energetic
train,jazz,C:\Users\user\Downloads\gnn_bert_music_context\data\processed\graphs\jazz\jazz.00012.pkl,C:\Users\user\Downloads\gnn_bert_music_context\data\processed\features\jazz\jazz.00012.npy,1ypKEH2kd7g,30,40,"The song is an instrumental jazz tune. The tempo is medium with steady drumming with drum brushes and other percussive hits, piano accompaniment, guitar accompaniment, groovy bass line and a muted trumpet playing a cool solo. The song is a jazz improvisation of a romantic melody.","['jazz music', 'instrumental music', 'medium tempo', 'relaxing playlists', 'comfort', 'movie soundtrack', 'warmth', 'drum brushes', 'piano accompaniment', 'guitar accompaniment', 'percussive bass line', 'smooth', 'jazz hits', 'tv show theme', 'jazz hits', 'lounge jazz hits', 'cymbal strikes', 'instrumental music', 'emotional', 'sentimental', 'romantic', 'passionate', 'love song', 'muted trumpet solo', 'double bass']",romantic
train,reggae,C:\Users\user\Downloads\gnn_bert_music_context\data\processed\graphs\reggae\reggae.00044.pkl,C:\Users\user\Downloads\gnn_bert_music_context\data\processed\features\reggae\reggae.00044.npy,zcc7dJIY7uc,0,10,"Dub reggae music featuring a drum fill, female vocal sample with effects, a smooth sine wave synth melody in the background, percussion and guitar. The mood is smooth and easy.","['reggae', 'drum fill', 'sine wave synth melody', 'effected female vocal sample', 'dub', 'guitar', 'percussion', 'smooth', 'easy']",neutral
train,hiphop,C:\Users\user\Downloads\gnn_bert_music_context\data\processed\graphs\hiphop\hiphop.00028.pkl,C:\Users\user\Downloads\gnn_bert_music_context\data\processed\features\hiphop\hiphop.00028.npy,mnSP_ONVS7k,50,60,This is an indie rap/hip-hop music piece. There is male voice rapping rapidly over a beat. The beat has a plucked strings sample for the melody. The rhythmic background is a normal tempo hip-hop beat played on the acoustic drums. There is also a speech sample used in the beat. The atmosphere is groovy and crisp. This piece would fit perfectly in the soundtrack of a crime movie/TV series that takes place in the big city. It could also be used in the soundtrack of a crime/shootout video game. It could be playing at sports venues as well.,"['indie hip-hop', 'rap', 'speech sample', 'male voice', 'strings sample', 'acoustic drums', 'groovy', 'hip', 'urban', 'crisp', 'normal tempo']",neutral
train,blues,C:\Users\user\Downloads\gnn_bert_music_context\data\processed\graphs\blues\blues.00014.pkl,C:\Users\user\Downloads\gnn_bert_music_context\data\processed\features\blues\blues.00014.npy,NmMJgUo19Gk,460,470,"This instrumental intro features a blues rock inspired electric guitar solo with string bending, an aggressively strummed acoustic guitar, a tambourine, an electric bass guitar and an uptempo rock drum beat. Feels like a protest song from the sixties.","['instrumental intro', 'electric guitar solo', 'blues rock guitar', 'string bending', 'tambourine', 'aggressive acoustic guitar strumming', 'electric bass guitar', 'uptempo rock drums', 'protest music', 'counterculture', ""1960's""]",energetic
train,pop,C:\Users\user\Downloads\gnn_bert_music_context\data\processed\graphs\pop\pop.00082.pkl,C:\Users\user\Downloads\gnn_bert_music_context\data\processed\features\pop\pop.00082.npy,CwmUMySSNQc,30,40,"A male and female singer sing this vocal duet. The song is medium fast tempo with a guitar accompaniment, steady drumming rhythm with exciting drum rolls, cymbals crashes and a percussive bass line. The song is romantic and exciting. The song is retro pop with a bad audio quality.","['male singer', 'female singer', 'guitar accompaniment', 'keyboard accompaniment', 'vocal duet', 'retro pop hits', 'medium fast tempo', 'poor audio quality', 'groovy rhythm', 'steady drumming rhythm', 'percussive bass line', 'keyboard accompaniment', 'drum rolls', 'cymbals crashing', 'romantic', 'exciting', 'emotional', 'adventurous', 'passionate', 'retro pop hits']",energetic
train,metal,C:\Users\user\Downloads\gnn_bert_music_context\data\processed\graphs\metal\metal.00035.pkl,C:\Users\user\Downloads\gnn_bert_music_context\data\processed\features\metal\metal.00035.npy,Y6OOFbrzdP8,30,40,"This is an amateur cover of a guitar solo in a heavy metal piece. The solo is being played on an electric guitar. There is a rapid procession of high-pitch notes in the solo. The feel is complex and aggressive. The quality of the recording is a bit poor. If the quality issue can be resolved, this piece could be sampled for use in beat-making.","['cover', 'amateur recording', 'heavy metal', 'no singer', 'instrumental', 'electric guitar', 'guitar solo', 'shredding', 'complex', 'aggressive']",energetic
train,rock,C:\Users\user\Downloads\gnn_bert_music_context\data\processed\graphs\rock\rock.00018.pkl,C:\Users\user\Downloads\gnn_bert_music_context\data\processed\features\rock\rock.00018.npy,WO_Y7djT2k4,100,110,A drum is playing a groove and sounds like running through a low pass filter opening up. Synthesizer pads are playing a simple melody that gets repeated in the lower register with overtones. Panned to both sides of the speaker a simple melody is playing pulsating synth sounds. A   male voice is singing/streaming/rapping. The voice seems to be pitched down and processed with other effects. This song may be playing in a scary videogame.,"['dark/postrock/electronic', 'drums', 'synth pads', 'low pitched and processed male voice', 'dark', 'dangerous atmosphere', 'medium tempo']",dark
train,reggae,C:\Users\user\Downloads\gnn_bert_music_context\data\processed\graphs\reggae\reggae.00087.pkl,C:\Users\user\Downloads\gnn_bert_music_context\data\processed\features\reggae\reggae.00087.npy,uTfLf1Y8hhM,30,40,A female voice is singing soulfully. She gets support from several backing vocals singing harmonies along. A tambourine is holding the rhythm along with a bassline and a e-guitar giving the song a reggae feeling. This song may be playing in a car. This is an amateur recording.,"['r&b/reggae/soul', 'female soul voice', 'backing voices', 'tambourine', 'e-bass', 'e-guitar', 'medium to uptempo', 'relaxing vibe']",energetic
train,classical,C:\Users\user\Downloads\gnn_bert_music_context\data\processed\graphs\classical\classical.00053.pkl,C:\Users\user\Downloads\gnn_bert_music_context\data\processed\features\classical\classical.00053.npy,5FbQu7QTme0,30,40,"A female vocalist sings this lilting Folk song in a foreign language. The tempo is slow with an Oud accompaniment, violin harmony, tabla and dhol rhythm. The performance is live with ambient sounds. The song is simple, sweet, charming and lilting.","['female vocalist', 'slow tempo', 'foreign language', 'live performance', 'ambient sounds', 'lilting melody', 'afghan song', 'afghan music', 'simple', 'percussive instruments', 'dhol', 'tabla', 'rhythmic oud', 'violin harmony', 'classical', 'folk song', 'folk music', 'middle eastern music', 'middle eastern influences', 'charming']",calm
train,jazz,C:\Users\user\Downloads\gnn_bert_music_context\data\processed\graphs\jazz\jazz.00092.pkl,C:\Users\user\Downloads\gnn_bert_music_context\data\processed\features\jazz\jazz.00092.npy,8dE1x--TuF8,10,20,This is a Hindi film music piece. This is an instrumental piece. The harmonica is playing a cheerful melody in the lead. The glockenspiel is playing a secondary melody while the acoustic guitar and the bass guitar are supporting them in the background. The acoustic drums are playing a jazz swing beat with the brushes. The atmosphere is lively. This piece could be used in a feelgood movie during scenes where everything is going well for the main character.,"['hindi film music', 'no singer', 'instrumental', 'harmonica', 'glockenspiel', 'acoustic guitar', 'bass guitar', 'acoustic drums', 'vibrant', 'lively', 'heart-touching']",energetic
train,country,C:\Users\user\Downloads\gnn_bert_music_context\data\processed\graphs\country\country.00040.pkl,C:\Users\user\Downloads\gnn_bert_music_context\data\processed\features\country\country.00040.npy,mlpTCec4igo,90,100,"The low quality recording features a country song that contains harmonizing vocals singing over electric guitar solo melody, smooth bass guitar, acoustic rhythm guitar, snappy rimshots, shimmering hi hats and soft kick hits. It sounds soulful, emotional and passionate.","['low quality', 'country', 'harmonizing vocals', 'electric guitar solo melody', 'smooth bass guitar', 'snappy rimshot', 'shimmering hi hats', 'soft kick hits', 'acoustic rhythm guitar', 'soulful', 'emotional', 'passionate']",romantic
train,classical,C:\Users\user\Downloads\gnn_bert_music_context\data\processed\graphs\classical\classical.00001.pkl,C:\Users\user\Downloads\gnn_bert_music_context\data\processed\features\classical\classical.00001.npy,3EtbIWF_ynU,30,40,The low quality recording features a plucked arpeggiated Zheng melody. The recording is in mono and it is noisy and it gives off sentimental vibes.,"['classical', 'low quality', 'plucked arpeggiated zheng melody', 'noisy', 'emotional', 'sentimental', 'mono']",sad
train,jazz,C:\Users\user\Downloads\gnn_bert_music_context\data\processed\graphs\jazz\jazz.00087.pkl,C:\Users\user\Downloads\gnn_bert_music_context\data\processed\features\jazz\jazz.00087.npy,Nqb7nw58q08,30,40,"The song is an instrumental. The song is medium tempo with a groovy drumming rhythm,  percussive bass line and cool electric guitar riff played repeatedly. The song is exciting and energetic. The song has smooth jazz or funk jazz roots.","['electric guitar lead', 'live performance', 'live band', 'guitar band', 'exciting', 'instrumental music', 'adrenaline rush', 'energetic', 'electric guitar riff', 'live audience', 'entertaining', 'funk jazz', 'groovy drumming rhythm', 'percussive bass line', 'cymbals crashing', 'improvisational music', 'jazz funk', 'smooth jazz', 'groovy music', 'medium fast tempo']",energetic
train,reggae,C:\Users\user\Downloads\gnn_bert_music_context\data\processed\graphs\reggae\reggae.00052.pkl,C:\Users\user\Downloads\gnn_bert_music_context\data\processed\features\reggae\reggae.00052.npy,OwUzGq0ceT8,30,40,"The song is an instrumental. The tempo is medium with theremin playing passionately, steady drumming rhythm ,groovy bass line and keyboard accompaniment . The tunes are Christmas carols with poor audio quality.","['theremin', 'christmas carols', 'medium tempo', 'carols', 'christmas time', 'santa claus', 'poor audio quality', 'reggae music influence', 'steady drumming rhythm', 'strong bass line', 'emotional', 'passionate', 'exciting', 'cheerful', 'melancholic', 'keyboard accompaniment', 'theremin player', 'instrumental music', 'steady drumming rhythm', 'strong bas slime', 'live audience', 'live performance', 'guitar rhythm']",sad
train,hiphop,C:\Users\user\Downloads\gnn_bert_music_context\data\processed\graphs\hiphop\hiphop.00032.pkl,C:\Users\user\Downloads\gnn_bert_music_context\data\processed\features\hiphop\hiphop.00032.npy,6-XEA0zqo8M,50,60,"The song is an instrumental piece. The song is medium tempo with a steady rhythm, groovy bass line, retro keyboard tones. The song is dance-like and entertaining. The song is a hip hop tune and an amateur production.","['hip hop music', 'medium tempo', 'amateur production', 'home production', 'instruments', 'music', 'steady drumming rhythm', 'various percussion hits', 'dj', 'dance floor', 'dance rhythm', 'spirited', 'entertaining', 'instrumental music', 'positive', 'people dancing', 'groovy bass line', 'keyboard synth tones']",happy
train,pop,C:\Users\user\Downloads\gnn_bert_music_context\data\processed\graphs\pop\pop.00035.pkl,C:\Users\user\Downloads\gnn_bert_music_context\data\processed\features\pop\pop.00035.npy,_x4a974Pl-A,150,160,"The low quality recording features a pop song that consists of a passionate male vocal singing over punchy kick and snare hits, shimmering shakers, synth pad, groovy bass and brass melody. It sounds passionate, emotional, energetic and upbeat.","['low quality', 'pop', 'punchy kick', 'punchy snare', 'groovy bass', 'synth pad', 'shimmering shakers', 'passionate male vocal', 'brass melody', 'passionate', 'emotional', 'energetic', 'upbeat']",energetic
train,blues,C:\Users\user\Downloads\gnn_bert_music_context\data\processed\graphs\blues\blues.00076.pkl,C:\Users\user\Downloads\gnn_bert_music_context\data\processed\features\blues\blues.00076.npy,ZzyWbehtt0M,30,40,"The low quality recording features a country blues song that consists of fruity male vocal singing over groovy electric guitar melodies, groovy bass, shimmering cymbals, mellow snare, soft kick hits and clapping. The recording is a bit noisy, as it is vintage, and it sounds passionate, groovy, uptempo and cool.","['low quality', 'country blues', 'vintage', 'noisy', 'fruity male vocal', 'groovy electric guitar melodies', 'groovy bass', 'shimmering cymbals', 'mellow snare', 'soft kick hits', 'clapping', 'uptempo', 'groovy', 'passionate', 'cool']",calm
train,country,C:\Users\user\Downloads\gnn_bert_music_context\data\processed\graphs\country\country.00013.pkl,C:\Users\user\Downloads\gnn_bert_music_context\data\processed\features\country\country.00013.npy,-0SdAVK79lg,30,40,This song features an electric guitar as the main instrument. The guitar plays a descending run in the beginning then plays an arpeggiated chord followed by a double stop hammer on to a higher note and a descending slide followed by a descending chord run. The percussion plays a simple beat using rim shots. The percussion plays in common time. The bass plays only one note on the first count of each bar. The piano plays backing chords. There are no voices in this song. The mood of this song is relaxing. This song can be played in a coffee shop.,"['guitar song', 'piano backing', 'simple percussion', 'relaxing melody', 'slow tempo', 'bass', 'country feel', 'instrumental', 'no voice']",calm
train,rock,C:\Users\user\Downloads\gnn_bert_music_context\data\processed\graphs\rock\rock.00041.pkl,C:\Users\user\Downloads\gnn_bert_music_context\data\processed\features\rock\rock.00041.npy,752bW5cjXzw,110,120,This folk rock song features an electric guitar playing the main melody in the form of a solo. This is accompanied by fast paced percussion. Another guitar plays a galloping rhythm. A violin plays staccato notes at a fast tempo and the notes follow the root notes of the chords but at higher octaves. This is an instrumental song with no voices. This song has a hippie feel. This song can be played in a retro movie with a hippie theme.,"['folk rock', 'no voices', 'instrumental', 'fast tempo', 'low quality audio', 'electric guitar', 'distortion guitar', 'fast paced percussion', 'staccato violin', 'uptempo']",energetic
train,pop,C:\Users\user\Downloads\gnn_bert_music_context\data\processed\graphs\pop\pop.00030.pkl,C:\Users\user\Downloads\gnn_bert_music_context\data\processed\features\pop\pop.00030.npy,fsXfBoNcLeM,30,40,"The Pop song features a flat female vocal rapping, alongside passionate background female vocal singing, over straight piano chords, simple synth bass, wide distorted synth and wide synth brass chords, followed by groovy hi hats, punchy kick and snare hits. It sounds uplifting and energetic.","['pop', 'flat female vocal', 'passionate background female vocal', 'wide synth brass chords', 'distorted wide synths', 'straight piano chords', 'punchy kick', 'punchy snare', 'groovy hi hats', 'simple synth bass', 'energetic', 'uplifting']",energetic
train,reggae,C:\Users\user\Downloads\gnn_bert_music_context\data\processed\graphs\reggae\reggae.00021.pkl,C:\Users\user\Downloads\gnn_bert_music_context\data\processed\features\reggae\reggae.00021.npy,by57LpTlGbs,20,30,"This reggae song features a male voice singing vocals at a high pitch, almost screaming. This is accompanied by percussion playing a reggae beat. The bass plays a groovy lick and plays a chromatic run of five notes to reach the note to start the chorus. A guitar strums one chord on alternate counts. This song can be played in a Caribbean themed party.","['reggae song', 'male voice', 'vocables', 'groovy bassline', 'reggae percussion', 'guitar', 'slow tempo', 'happy mood']",calm
train,jazz,C:\Users\user\Downloads\gnn_bert_music_context\data\processed\graphs\jazz\jazz.00069.pkl,C:\Users\user\Downloads\gnn_bert_music_context\data\processed\features\jazz\jazz.00069.npy,0EOQco76eXQ,30,40,"The song is an instrumental. The song is slow tempo with gentle drum brushes, percussion, bass guitar solo, and piano accompaniment gently. The song is groovy and emotional. The song is possibly a Christian worship song or a smooth jazz song. The audio quality is average.","['slow tempo', 'drum brushes percussions', 'inspiring', 'devotional', 'romantic', 'together forever', 'ambient room noises', 'poignant', 'jazz music', 'bass solo', 'piano accompaniment', 'jazz band', 'smooth jazz', 'live performance', 'church music', 'slow tempo', 'groovy solo', 'emotional', 'romantic', 'poignant', 'inspiring', 'motivational', 'fretboard sounds', 'christian music', 'music interlude']",calm
train,pop,C:\Users\user\Downloads\gnn_bert_music_context\data\processed\graphs\pop\pop.00049.pkl,C:\Users\user\Downloads\gnn_bert_music_context\data\processed\features\pop\pop.00049.npy,xydcedfPePM,130,140,"Heavily processed girl band with multiple female singers in a pop or R&B style, using autotune, vocal hocketing, and melisma with multiple synthesizers accompanying.","['multiple female singers', 'autotune', 'vocal hocketing', 'pop', 'r&b', 'accompanying', 'melisma', 'heavy vocal processing', 'girl band']",neutral
train,jazz,C:\Users\user\Downloads\gnn_bert_music_context\data\processed\graphs\jazz\jazz.00067.pkl,C:\Users\user\Downloads\gnn_bert_music_context\data\processed\features\jazz\jazz.00067.npy,9KK6rg03bC8,400,410,"This music is instrumental. The tempo is medium with synthesiser harmony and jazz style drumming. The music is a collaboration of jazz and electronica. It is an experimental,futuristic,funky, psychedelic and Ambient Funk Jazz.","['instrumental', 'medium tempo', 'electronic music', 'jazz style drumming', 'electronic keyboard', 'funk jazz', 'experimental music', 'techno jazz', 'jazz-o-tech', 'innovative', 'jazz and electronic collaboration', 'ambient', 'futuristic', 'experimental music', 'complex chords']",neutral
train,rock,C:\Users\user\Downloads\gnn_bert_music_context\data\processed\graphs\rock\rock.00086.pkl,C:\Users\user\Downloads\gnn_bert_music_context\data\processed\features\rock\rock.00086.npy,iFSaNmZyPQo,0,10,This pop rock song features a female voice singing the main melody. The song starts off with the sound of folding paper. Then the voice starts singing. This is accompanied by rock drums playing the kick drum. The snare is struck at every alternate count. The reverb effect is added to the percussion. There are no other instruments in this song. This song has a happy mood. This song can be played in an intro scene of a coming-of-age movie.,"['pop rock', 'female voice', 'moderate tempo', 'rock drums', 'sound of folding paper', 'no other instruments', 'happy mood']",happy
train,jazz,C:\Users\user\Downloads\gnn_bert_music_context\data\processed\graphs\jazz\jazz.00066.pkl,C:\Users\user\Downloads\gnn_bert_music_context\data\processed\features\jazz\jazz.00066.npy,RtXe5T7NFrE,30,40,"This is an instrumental funk music piece consisting of a Chapman stick solo. Due to the nature of the instrument, only the tapping technique is used which gives a funky vibe to the piece. This piece could be used in the background at a jazz club.","['chapman stick', 'tapping', 'funk', 'solo', 'instrumental', 'groovy', 'funky rhythm']",neutral
train,blues,C:\Users\user\Downloads\gnn_bert_music_context\data\processed\graphs\blues\blues.00015.pkl,C:\Users\user\Downloads\gnn_bert_music_context\data\processed\features\blues\blues.00015.npy,RJViDdqUYyo,180,190,"This music is instrumental. The tempo is medium with an intense electric upright double bass harmony. The music is dense, deep, powerful, full bodied and vibrant.","['instrumental', 'medium tempo', 'intense bass', 'dense', 'rich', 'double elcetric bass', 'classic acoustic string instrument', 'jazz', 'blues', 'rock and roll', 'intense', 'full bodied']",energetic
train,blues,C:\Users\user\Downloads\gnn_bert_music_context\data\processed\graphs\blues\blues.00027.pkl,C:\Users\user\Downloads\gnn_bert_music_context\data\processed\features\blues\blues.00027.npy,ovomUNSo_uo,120,130,"The low quality recording features a live performance of blues songs and it consists of a harmonica solo melody played over groovy bass, punchy snare, shimmering cymbals and electric guitar melody. As it was recorded with a phone, there are some whistling crowd noises, aside from the fact that the recording is in mono and noisy. It still sounds energetic and passionate.","['low quality', 'whistling sound', 'mono', 'noisy', 'harmonica solo melody', 'groovy bass', 'punchy snare', 'shimmering cymbals', 'electric guitar melody', 'live performance', 'blues', 'passionate', 'energetic']",energetic
train,hiphop,C:\Users\user\Downloads\gnn_bert_music_context\data\processed\graphs\hiphop\hiphop.00072.pkl,C:\Users\user\Downloads\gnn_bert_music_context\data\processed\features\hiphop\hiphop.00072.npy,1V7ReAk9k-4,30,40,The hip-hop music excerpt features what sounds to be a doubled boy voice rapping. A typical hip-hop drum beat drives the pulse of the music. A sampled string sound is playing arpeggios as accompaniment. Other synth sounds can be heard playing short repeating melodies. The atmosphere is slightly tense.,"['doubled boy voice', 'rapping', 'drums', 'hip-hop genre', 'synth sounds', 'sampled strings sound']",calm
train,pop,C:\Users\user\Downloads\gnn_bert_music_context\data\processed\graphs\pop\pop.00014.pkl,C:\Users\user\Downloads\gnn_bert_music_context\data\processed\features\pop\pop.00014.npy,2FQKfGCwjSE,30,40,"The song has different music tracks played in succession. The song has guitar accompaniment and a groovy bass followed by female singer singing vocal chants with male backup singer in vocal harmony, on a groovy drum rhythm and keyboard harmony with white noise added. The song is probably an ad jingle.","['guitar lead', 'groovy bass line', 'white noise', 'medium tempo', 'exciting', 'passionate', 'dance groove', 'ad jingle', 'radio tuning signals', 'tv spot', 'female singers', 'male backup singers', 'different keys', 'steady drumming rhythm', 'churchy audio signal', 'vocal chanting', 'groovy rhythm', 'pop music', 'advertisement music track', 'different music tracks']",romantic
train,classical,C:\Users\user\Downloads\gnn_bert_music_context\data\processed\graphs\classical\classical.00060.pkl,C:\Users\user\Downloads\gnn_bert_music_context\data\processed\features\classical\classical.00060.npy,wSeT9dlfDTc,30,40,The low quality recording features a cover of a classical song that consists of a harpsichord melody. It sounds passionate and emotional.,"['low quality', 'harpsichord melody', 'passionate', 'emotional', 'classical', 'cover']",romantic
train,classical,C:\Users\user\Downloads\gnn_bert_music_context\data\processed\graphs\classical\classical.00029.pkl,C:\Users\user\Downloads\gnn_bert_music_context\data\processed\features\classical\classical.00029.npy,BXcEsM8ykhE,30,40,This song contains someone playing a harp along with someone playing a melody on a transverse flute in the higher mid range. In the background you can hear people whispering.,"['classical', 'amateur recording', 'transverse flute', 'harp', 'background voices', 'medium tempo']",neutral
train,classical,C:\Users\user\Downloads\gnn_bert_music_context\data\processed\graphs\classical\classical.00005.pkl,C:\Users\user\Downloads\gnn_bert_music_context\data\processed\features\classical\classical.00005.npy,Lq0LMMZfHCU,140,150,"The song is an instrumental piece. The song is  medium tempo with a casual piano accompaniment which is cheerful and jittery in style, along with violent sounds of a crash, crushing tones, metal clanging and rubber twisting sounds. The song is cheerful and at the same time has violent tones of injury and accident superimposed in it. The song is a background effect for an animated show which is violent in nature.","['piano accompaniment', 'crashing sounds', 'animated show music', 'violent tv show', 'tv show tune', 'jittery piano playing', 'amateur piano player', 'western classical music', 'metal clanging tones', 'crunching sounds', 'injury', 'hurt', 'violence', 'carefree music', 'movie soundtrack', 'cartoon violence', 'emotional', 'cheerful piano play', 'medium tempo', 'amateur piano playing', 'violent background music', 'mangled noises']",dark
train,rock,C:\Users\user\Downloads\gnn_bert_music_context\data\processed\graphs\rock\rock.00028.pkl,C:\Users\user\Downloads\gnn_bert_music_context\data\processed\features\rock\rock.00028.npy,Fa1KdG8niq0,30,40,The song is an instrumental. The tempo is medium with a heavily doctored guitar playing lead with strong rock drumming. The song is highly distorted with hissing and crackling audio. The audio quality is very poor and the song is a tv show tune.,"['bad audio quality', 'guitar playing lead', 'drum rhythm', 'energetic', 'high on adrenaline', 'superhero show', 'children’s show', 'cartoon show', 'crashing noises', 'instrumental music', 'hissing noise', 'districted audio', 'tv show tune', 'keyboard harmony']",energetic
train,hiphop,C:\Users\user\Downloads\gnn_bert_music_context\data\processed\graphs\hiphop\hiphop.00081.pkl,C:\Users\user\Downloads\gnn_bert_music_context\data\processed\features\hiphop\hiphop.00081.npy,6L8066DGqcA,210,220,"This is a hip-hop beat. There is a turntable scratching sound and a hollering sample constantly repeated in the beat. Later on, a synth sound can be heard taking part in the melodic structure. The rhythm is provided by an electronic drum beat. The atmosphere is hip and aggressive.","['hip-hop beat', 'turntable', 'scratching', 'hollering sample', 'electronic drums', 'synth', 'hip', 'aggressive', 'urban']",energetic
train,jazz,C:\Users\user\Downloads\gnn_bert_music_context\data\processed\graphs\jazz\jazz.00096.pkl,C:\Users\user\Downloads\gnn_bert_music_context\data\processed\features\jazz\jazz.00096.npy,bxZeGrM_0ac,400,410,"The low quality recording features a jazz song that consists of a saxophone solo melody played over hollow snare, groovy double bass, shimmering hi hats, shimmering shakers and brass melody. It sounds uptempo, groovy and passionate - like something you would hear in a jazz club.","['low quality', 'jazz', 'uptempo', 'groovy', 'passionate', 'saxophone solo melody', 'hollow snare', 'groovy double bass', 'shimmering hi hats', 'shimmering shakers', 'brass melody', 'energetic']",energetic
train,reggae,C:\Users\user\Downloads\gnn_bert_music_context\data\processed\graphs\reggae\reggae.00051.pkl,C:\Users\user\Downloads\gnn_bert_music_context\data\processed\features\reggae\reggae.00051.npy,SkFG5SoXsVk,50,60,The song is an instrumental. The tempo is medium with a distinctive reggae style backbeat drumming rhythm and a guitar playing rhythm along with a bass guitar solo. The song is extremely passionate and groovy in nature. The audio quality is poor.,"['instrumental music', 'reggae music', 'drum stick play', 'ska song', 'classic dance hits', 'tropical vibes', 'medium tempo', 'bouncy', 'retro dance hits', 'tropical paradise', 'rim shots', 'ska music', 'retro ska', 'syncopated rhythms', 'guitar accompaniment', 'groovy bass line', 'instrumental music', 'guitar lead', 'retro hits', 'steady drumming rhythm', 'groo']",romantic
train,reggae,C:\Users\user\Downloads\gnn_bert_music_context\data\processed\graphs\reggae\reggae.00048.pkl,C:\Users\user\Downloads\gnn_bert_music_context\data\processed\features\reggae\reggae.00048.npy,s1JHUf3Q_F0,30,40,This reggae song features a male voice singing the main melody. Another voice is singing in harmony with the main voice. This is accompanied by reggae percussion. A timbale is played on every third count. Jam blocks are also played in the background. The bass plays a funky bassline with a reggae feel. Synth sounds are played in the background. This song can be played in a bar.,"['reggae song', 'male voice', 'vocal harmony', 'reggae drums', 'funky bass', 'moderate tempo', 'shaker', 'timbale', 'jam block']",neutral
train,rock,C:\Users\user\Downloads\gnn_bert_music_context\data\processed\graphs\rock\rock.00009.pkl,C:\Users\user\Downloads\gnn_bert_music_context\data\processed\features\rock\rock.00009.npy,9JlifkCmUOk,290,300,This is a recording of a live indie rock performance. The recording is distorted and of a low quality. There are two male singers singing in an indie style with a lot of reverb applied to their vocals. The bass is rumbling and low and constant.,"['live recording', 'indie rock', 'alternative rock', 'upbeat', 'low quality audio', 'fuzzy audio', 'distorted audio', 'indie male vocalist', 'reverb', 'bass rumbling']",energetic
train,country,C:\Users\user\Downloads\gnn_bert_music_context\data\processed\graphs\country\country.00098.pkl,C:\Users\user\Downloads\gnn_bert_music_context\data\processed\features\country\country.00098.npy,fDMbNCdGXBc,30,40,"The low quality recording features a country song being played on an acoustic rhythm guitar and raw male vocal singing over it. It sounds passionate and emotional, even though the recording is noisy and in mono.","['low quality', 'noisy', 'mono', 'country', 'acoustic rhythm guitar', 'raw male vocal', 'emotional', 'passionate']",romantic
train,rock,C:\Users\user\Downloads\gnn_bert_music_context\data\processed\graphs\rock\rock.00046.pkl,C:\Users\user\Downloads\gnn_bert_music_context\data\processed\features\rock\rock.00046.npy,5i0zq91Ocz0,40,50,This is a psychedelic rock music piece. There is a male vocalist singing melodically in the lead. The main melody is being played by the keyboard with the backing of the electric guitar and the bass guitar. The rhythmic background consists of a rock acoustic drum beat. The atmosphere is chill and trippy. This piece could be used in the soundtrack of a drama movie or a TV series that has scenes of hallucinogenic trip sequences. It could also be playing in the background at a hippie coffee shop.,"['psychedelic rock', 'folk rock', 'male vocal', 'melodic singing', 'electric guitar', 'keyboard', 'bass guitar', 'acoustic drums', 'chill', 'trippy', 'psychedelic']",neutral
train,classical,C:\Users\user\Downloads\gnn_bert_music_context\data\processed\graphs\classical\classical.00058.pkl,C:\Users\user\Downloads\gnn_bert_music_context\data\processed\features\classical\classical.00058.npy,oxhFIoExrMk,30,40,A male Latin singer sings this romantic melody. The song is medium tempo with an acoustic guitar accompaniment with no other instrumentation. The song is emotional and passionate. The audio quality is poor.,"['acoustic guitar player', 'soulful singer', 'live sessions', 'youtube music video', 'medium tempo', 'latin love song', 'latin pop hits', 'groovy rhythm', 'beautiful melody', 'latin indie song', 'home studio recording', 'style guitar playing', 'emotional', 'romantic', 'groovy sluice', 'soloist', 'acoustic love song', 'bad audio quality', 'madly in love', 'classical guitar accompaniment', 'male singer']",romantic
train,country,C:\Users\user\Downloads\gnn_bert_music_context\data\processed\graphs\country\country.00029.pkl,C:\Users\user\Downloads\gnn_bert_music_context\data\processed\features\country\country.00029.npy,IyJ3a5uuCOs,100,110,"An accordion is playing short notes on the offbeat along with soft snare hits being played with brushes. A bass is playing straight, changing the note on every beat. Another accordion is answering the yodeling male voice with a short melody. The male voice is loud, clear and sings a melody in the higher register. A guitar-like instrument is strumming chords in the higher register. The instruments are panned to the left and right side of the speakers. This song may be playing at a concert in the countryside.","['yodel/folkmusic', 'accordion', 'acoustic drums', 'upright/e-bass', 'string instrument', 'male voice', 'higher register yodeling', 'fast tempo', 'good mood']",energetic
train,hiphop,C:\Users\user\Downloads\gnn_bert_music_context\data\processed\graphs\hiphop\hiphop.00060.pkl,C:\Users\user\Downloads\gnn_bert_music_context\data\processed\features\hiphop\hiphop.00060.npy,5UmoK5WAW8Y,30,40,"A male vocalist sings this enthusiastic song in a foreign language. The tempo is fast with infectious drumming and an animated button accordion melody. The song is a fusion of hip-hop with folk music making it unique,unconventional and experimental. It is youthful, buoyant, catchy, engaging and funky with electronic beats. This song is a fusion of Hip-Hop.","['male vocalist', 'fast tempo', 'musical duo', 'folktronic', 'enthusiastic drumming', 'playful accordion harmony', 'button accordion', 'folk music', 'hip-hop', 'crossover musical style', 'experimental music', 'unique', 'unconventional', 'folk tropics', 'experimental hip-hop', 'fusion music', 'electronic beats', 'rock elements', 'funky', 'youthful', 'catchy', 'upbeat', 'energetic', 'engaging', 'thick accent']",energetic
train,hiphop,C:\Users\user\Downloads\gnn_bert_music_context\data\processed\graphs\hiphop\hiphop.00030.pkl,C:\Users\user\Downloads\gnn_bert_music_context\data\processed\features\hiphop\hiphop.00030.npy,9ZilD_4pi7E,0,10,This is an electronica piece played over a workout camp video. There is a male vocoder sound in the lead. The main theme is being played by the medium pitched keyboard. A groovy electronic drum beat with strong kicks provide the rhythmic background.,"['electronica', 'hip-hop', 'male vocoder', 'keyboard', 'synth', 'electronic drums', 'clap sound', 'shouting sounds', 'energetic', 'loud', 'melodic']",energetic
train,hiphop,C:\Users\user\Downloads\gnn_bert_music_context\data\processed\graphs\hiphop\hiphop.00017.pkl,C:\Users\user\Downloads\gnn_bert_music_context\data\processed\features\hiphop\hiphop.00017.npy,KxZ0yDfyaJw,30,40,This is a hardcore hip-hop/gangsta rap music piece. There are male vocals taking turns rapping and when they are not rapping they are shouting ad-libs. There is a fuzzy synth bass playing the repeated melodic theme of the beat while the rhythm consists of an electronic drum beat with gunshot effects every now and then. The atmosphere is urban and violent. This piece could be included in the soundtrack of a crime movie that takes place in the big city. It could also be used in the soundtrack of a crime video game.,"['hardcore hip-hop', 'gangsta rap', 'male vocals', 'rapping', 'ad-libs', 'fuzzy synth bass', 'repeated theme', 'electronic drums', 'gunshot sound effect', 'groovy', 'urban', 'violent']",dark
train,rock,C:\Users\user\Downloads\gnn_bert_music_context\data\processed\graphs\rock\rock.00071.pkl,C:\Users\user\Downloads\gnn_bert_music_context\data\processed\features\rock\rock.00071.npy,g6f-LxiT9Eo,30,40,"The song is an instrumental. The song is medium tempo with a groovy bass line, rock drumming, tambourine percussion, guitar rhythm and guitar lead. The song is adventurous and emotional. The song is classic rock and has a poor audio quality.","['instrumental music', 'guitar lead', 'soloist', 'guitar solo', 'vintage rock vibes', 'emotional', 'spirited', 'passionate', 'groovy rhythm', 'psychedelic', 'backing track', 'classic rock', 'tambourine percussions', 'medium tempo', 'steady rock drumming', 'organ accompaniment', 'poor audio quality', 'home music video', 'guitar demo', 'retro rock music', 'steady bass line', 'adventure of a lifetime']",sad
train,reggae,C:\Users\user\Downloads\gnn_bert_music_context\data\processed\graphs\reggae\reggae.00069.pkl,C:\Users\user\Downloads\gnn_bert_music_context\data\processed\features\reggae\reggae.00069.npy,blsYgo-B1k8,30,40,"A male vocalist sings the Lord’s Prayer. The tempo is medium with Keyboard harmony, steady drumming, groovy basslines, rhythmic guitar,beat of shakers, vocal backup and a trumpet flourish. The music is simple, rhythmic, pleasant, catchy, soulful and punchy Reggae. There are sounds of people clapping and cheering in the background indicating that this is a live performance.","['male singer', 'medium tempo', 'reggae', 'live performance', 'stage performance', 'concert', 'rhythmic acousitc guitar', 'clapping cheering', 'vocal backup', 'shakers', 'pleasant', 'punchy', 'groovy', 'happy', 'simple', 'pleasant', 'reggae tones', 'groovy bass lines', 'trumpets', 'brass band', 'shakers', 'steady drumming', 'keyboard accompaniment', 'the lord’s prayer', 'carrie an music', 'african music', 'r&b', 'world music', 'catchy']",energetic
train,classical,C:\Users\user\Downloads\gnn_bert_music_context\data\processed\graphs\classical\classical.00052.pkl,C:\Users\user\Downloads\gnn_bert_music_context\data\processed\features\classical\classical.00052.npy,YK1AEw1kf28,60,70,"The low quality recording features a classical song that consists of passionate male opera vocal singing over wide strings melody, wide brass melody and woodwinds melody, over which there is a fruity male vocal talking. It sounds passionate, epic and powerful - like something for commercial.","['low quality', 'classical', 'fruity male vocal', 'passionate male opera vocal', 'wide strings melody', 'wide brass melody', 'woodwinds melody', 'passionate', 'epic', 'powerful', 'commercial']",romantic
train,rock,C:\Users\user\Downloads\gnn_bert_music_context\data\processed\graphs\rock\rock.00033.pkl,C:\Users\user\Downloads\gnn_bert_music_context\data\processed\features\rock\rock.00033.npy,9gkppwB5CXA,30,40,"The song is an instrumental. The tempo is medium fast with a guitar lead, guitar rhythm, steady rock drumming , a percussive bass line along with ambient street noises and roller skate wheel noises. The song is a home video sound track with lots of energy. The song audio quality is poor.","['roller skating wheel sounds', 'ambient street noises', 'poor audio quality', 'classic rock music', 'documentary sound track', 'exciting', 'instrumental music', 'silastic rock music', 'guitar lead', 'steady rock drumming', 'percussive bass line', 'keyboard harmony', 'guitar accompaniment', 'exciting', 'skating home video', 'youtube video', 'poor audio quality', 'home video sound track', 'passionate', 'adventure sports', 'workout playlist']",energetic
train,rock,C:\Users\user\Downloads\gnn_bert_music_context\data\processed\graphs\rock\rock.00016.pkl,C:\Users\user\Downloads\gnn_bert_music_context\data\processed\features\rock\rock.00016.npy,QS3DabGF41Y,120,130,This is an instrumental rock music piece. The piece is being performed on a clean sounding electric guitar. There is an easygoing guitar solo being played. The atmosphere is groovy. This piece could be used as an advertisement jingle.,"['rock music', 'no singer', 'instrumental', 'single instrument', 'electric guitar', 'clean sound', 'guitar solo', 'easygoing', 'groovy']",calm
train,blues,C:\Users\user\Downloads\gnn_bert_music_context\data\processed\graphs\blues\blues.00078.pkl,C:\Users\user\Downloads\gnn_bert_music_context\data\processed\features\blues\blues.00078.npy,ZLDQ8-8AyI4,30,40,"The low quality recording features a live performance of a blues song that consists of nasal male vocal singing over acoustic rhythm guitar chord progression and smooth double bass. There are also some crowd talking noises. It sounds groovy and kind of dull, since it is probably recorded with a phone.","['low quality', 'acoustic', 'live performance', 'blues', 'acoustic rhythm guitar chord progression', 'smooth double bass', 'crowd talking', 'nasal male vocal', 'groovy', 'dull']",neutral
train,reggae,C:\Users\user\Downloads\gnn_bert_music_context\data\processed\graphs\reggae\reggae.00083.pkl,C:\Users\user\Downloads\gnn_bert_music_context\data\processed\features\reggae\reggae.00083.npy,IWbe-NSK6Ic,30,40,An acoustic drum is played together with an e-bass. They both repeat the same pattern. The ride is panned to the right side of the speakers. Three e-guitars are playing. One is strumming the same chords as the bassline while another one is being strummed with a mute technique playing a reggae rhythm. The third guitar is playing a solo melody on top and is panned to the right side of the speakers. This song may be playing at a bar.,"['rock/pop', 'e-guitars', 'e-bass', 'acoustic drums', 'good vibes', 'uptempo']",energetic
train,blues,C:\Users\user\Downloads\gnn_bert_music_context\data\processed\graphs\blues\blues.00054.pkl,C:\Users\user\Downloads\gnn_bert_music_context\data\processed\features\blues\blues.00054.npy,HMJe5jS0Yt4,30,40,"An electro swing, or swing house track featuring a four on the floor kick pattern, acoustic jazz piano sample playing a classic rhythm changes chord progression, a female blues singer, synthesizer risers, ambient bell sounds, a walking synth bassline and a snare on backbeat. Would be fitting music for a modern day speakeasy.","['electro swing', 'swing house', 'four on the floor', 'acoustic jazz piano sample', 'rhythm changes chord progression', 'female blues singer', 'synthesizer riser', 'ambient bell sounds', 'walking synth bassline', 'snare on backbeat']",neutral
train,pop,C:\Users\user\Downloads\gnn_bert_music_context\data\processed\graphs\pop\pop.00061.pkl,C:\Users\user\Downloads\gnn_bert_music_context\data\processed\features\pop\pop.00061.npy,eISYX9koocM,30,40,"The low quality recording features a live performance of a traditional pop song and it consists of an addictive female vocal singing over punchy kick and snare hits, groovy bass, electric guitar melody, strings melody and wooden percussion. There is a short snare roll, right before the bass drops. It sounds messy, a bit harsh, distorted, but also passionate, addictive and energetic.","['live performance', 'low quality', 'traditional pop', 'addictive female vocal', 'punchy snare', 'wooden percussions', 'snare roll', 'groovy bass', 'string melody', 'electric guitar melody', 'punchy kick', 'messy', 'distorted', 'harsh', 'passionate', 'addictive', 'energetic']",energetic
train,classical,C:\Users\user\Downloads\gnn_bert_music_context\data\processed\graphs\classical\classical.00097.pkl,C:\Users\user\Downloads\gnn_bert_music_context\data\processed\features\classical\classical.00097.npy,lSb7Y-_3to8,30,40,This is a classical music piece performed on the claviorgan instrument. The piece has a mellow atmosphere with a unique sound. This piece could be used in the soundtrack of a historical drama TV series during the scenes where the characters are walking inside the royal courtyard. The piece could also be sampled for use in beat-making.,"['classical music', 'instrumental', 'single instrument', 'claviorgan', 'mellow', 'tender', 'unique']",calm
train,rock,C:\Users\user\Downloads\gnn_bert_music_context\data\processed\graphs\rock\rock.00062.pkl,C:\Users\user\Downloads\gnn_bert_music_context\data\processed\features\rock\rock.00062.npy,JR-1k8GHYAw,100,110,"This is a punk rock piece that is being sung by children. The main vocal is a boy singing in a shouting manner while slightly straying off-key. There is an electric guitar and acoustic drums in the backing track of a song. The piece is clearly targeted for children. Therefore, it would fit perfectly in a play date or birthday party for little kids. The music is also suitable for an advertisement jingle that is targeted at kids.","['punk rock', 'child vocals', 'shouting-like singing', 'electric guitar', 'acoustic drums', 'funny', 'uplifting']",happy
train,classical,C:\Users\user\Downloads\gnn_bert_music_context\data\processed\graphs\classical\classical.00085.pkl,C:\Users\user\Downloads\gnn_bert_music_context\data\processed\features\classical\classical.00085.npy,wv6YaiCGPi0,260,270,"A male vocalist sings this devotional song. The tempo is medium with acoustic guitar rhythm, steady keyboard harmony, synthesised violin harmony and xylophone like sound and soft tambourine beats. The song is a soothing, calm, peaceful, meditative, Indian classical devotional chant.","['male singer', 'slow tempo', 'indian classical', 'puja', 'meditation', 'calm', 'peaceful', 'soothing', 'indian devotional song', 'acoustic guitar', 'keyboard harmony', 'alap', 'raga', 'chanting', 'atmospheric synthesiser']",calm
train,reggae,C:\Users\user\Downloads\gnn_bert_music_context\data\processed\graphs\reggae\reggae.00058.pkl,C:\Users\user\Downloads\gnn_bert_music_context\data\processed\features\reggae\reggae.00058.npy,xt6V3Ic72nE,300,310,"This is the live performance of a reggae piece. There is a male vocal hollering while a younger sounding male vocal is singing in a Jamaican accent. An electric guitar is strumming chords in staccato while a bass guitar is playing a groovy bass line. In the rhythmic background, there is an acoustic drum playing a reggae beat. The atmosphere is chill. This piece could be played at beach parties and in the soundtracks of summer vacation-themed movies or TV shows.","['reggae', 'dub', 'live performance', 'male vocal', 'teen male vocal', 'electric guitar', 'bass guitar', 'acoustic guitar', 'groovy', 'laid back', 'fun', 'chill']",neutral
train,hiphop,C:\Users\user\Downloads\gnn_bert_music_context\data\processed\graphs\hiphop\hiphop.00074.pkl,C:\Users\user\Downloads\gnn_bert_music_context\data\processed\features\hiphop\hiphop.00074.npy,dsVzafZik3c,90,100,This is an R&B/hip-hop music piece. There is a female vocalist singing melodically. The melody is being played by the keyboard which has a crisp sound. There is a strong bass sound in the background. The rhythm is provided by a loud acoustic drum beat. The atmosphere is hip and urban. This piece could be used in the soundtrack of a drama movie that takes place in the big city.,"['r&b', 'hip-hop', 'female vocal', 'melodic singing', 'keyboard', 'strong bass', 'electronic drums', 'hip', 'groovy', 'urban']",neutral
train,blues,C:\Users\user\Downloads\gnn_bert_music_context\data\processed\graphs\blues\blues.00007.pkl,C:\Users\user\Downloads\gnn_bert_music_context\data\processed\features\blues\blues.00007.npy,uegzZWp6Y4w,10,20,This song features a male voice narrating a story in the beginning. This is followed by a drum roll in a marching beat style. A bass note is played which is the root note of the chord. An organ strikes a chord and plays it staccato style. A guitar also strikes a chord. There are no other instruments in this song. This song can be played in a movie trailer.,"['movie song', 'drum roll', 'marching beat', 'guitar', 'organ', 'male narrator', 'bass', 'slow blues', 'slow tempo']",calm
train,rock,C:\Users\user\Downloads\gnn_bert_music_context\data\processed\graphs\rock\rock.00084.pkl,C:\Users\user\Downloads\gnn_bert_music_context\data\processed\features\rock\rock.00084.npy,1tNkAc29aPE,30,40,"This song is an instrumental. The tempo is medium with an upbeat electric guitar harmony. The music is minimal with no other instrument as accompaniment. It is Loud, sharp, intense, youthful and rhythmic. The vibrations of the music can be heard even after it stops playing. This music is Soft Rock.","['instrumental', 'medium tempo', 'electric guitar melody', 'minimal music', 'no accompaniment', 'loud', 'sharp', 'resounding', 'electronic instrument', 'home recording', 'sonic vibrations', 'sonic power', 'inferior audio quality', 'youthful', 'elctronic instrument', 'amplified guitar', 'loud', 'sharp']",energetic
train,reggae,C:\Users\user\Downloads\gnn_bert_music_context\data\processed\graphs\reggae\reggae.00019.pkl,C:\Users\user\Downloads\gnn_bert_music_context\data\processed\features\reggae\reggae.00019.npy,cOsm3r-xKEE,490,500,"The low quality recording features a reggae song that consists of a flat male vocal, alongside harmonizing background male vocals, singing over shimmering shakers, offbeat piano chords, brass melody, wide toms, tinny echoing snare and punchy kick layered with it. It sounds upbeat and easygoing.","['low quality', 'harmonizing background male vocal', 'groovy bass', 'brass melody', 'offbeat piano chords', 'shimmering shakers', 'wide toms', 'tinny echoing snare', 'punchy kick', 'flat male vocal', 'upbeat', 'easygoing']",energetic
train,rock,C:\Users\user\Downloads\gnn_bert_music_context\data\processed\graphs\rock\rock.00066.pkl,C:\Users\user\Downloads\gnn_bert_music_context\data\processed\features\rock\rock.00066.npy,7jWRIjFaoeU,30,40,"The low quality recording features a rock song that consists of wide electric guitar chords, punchy kick and snare, electric guitar slide, distorted bass guitar, aggressive drums cymbals and flat male vocals singing over it. It sounds energetic, but also harsh and messy thanks to those cymbals.","['rock', 'energetic', 'low quality', 'wide electric guitar chords', 'aggressive drum cymbals', 'punchy kick', 'punchy snare', 'electric guitar slide', 'distorted bass guitar', 'flat male vocal', 'harsh', 'messy']",energetic
train,rock,C:\Users\user\Downloads\gnn_bert_music_context\data\processed\graphs\rock\rock.00059.pkl,C:\Users\user\Downloads\gnn_bert_music_context\data\processed\features\rock\rock.00059.npy,9FLDpfkbxZs,330,340,This song is led by a e-guitar solo playing a lightly distorted guitar on the upper register. An acoustic guitar panned to the left and right side of the speakers is playing chords along with a bass that gets slapped and an acoustic drums in the background. This song may be played at a live concert.,"['progressive rock', 'acoustic guitar', 'pad sounds', 'e-guitar solo', 'acoustic drums', 'slap-bass', 'slow to medium tempo']",calm
train,reggae,C:\Users\user\Downloads\gnn_bert_music_context\data\processed\graphs\reggae\reggae.00088.pkl,C:\Users\user\Downloads\gnn_bert_music_context\data\processed\features\reggae\reggae.00088.npy,fWypK9RHJJI,30,40,"A male singer sings this reggae melody with a live audience. The song is medium tempo with a groovy drum rhythm, trumpet playing rhythmically, guitar playing accompaniment and a groovy bass line. The song is exciting and cheerful. The song is a modern reggae tune and played in both a live audience situation and studio recording quality.","['reggae music', 'live recording', 'reggae band', 'exciting', 'energetic', 'dance rhythm', 'spirited', 'beach party', 'dance club', 'dance mix', 'excitement', 'groove to the music', 'people dancing', 'studio recording', 'dj', 'noisy crowds', 'people cheering', 'guitar playing rhythm', 'trumpets play percussively', 'steady drumming', 'live audience', 'live performance', 'male singer', 'people cheering', 'dance rhythm', 'groovy bass line']",energetic
train,country,C:\Users\user\Downloads\gnn_bert_music_context\data\processed\graphs\country\country.00034.pkl,C:\Users\user\Downloads\gnn_bert_music_context\data\processed\features\country\country.00034.npy,B00nfVc4FPI,30,40,"A female vocalist sings this upbeat country song. The tempo is fast with enthusiastic fiddle, banjo, resonator, mandolin and dobro accompaniment, tambourine beats, keyboard harmony, bright drumming and groovy bass lines. There is sound of clapping, cheering, people talking, party horns and hooting superimposed on the song, indicating that this is a live performance. The song is a spirited, lively,happy, punchy and buoyant Country Song.","['female vocalist', 'fast tempo', 'country song', 'live audience', 'stage performance', 'clapping', 'cheering', 'applause', 'hooting', 'country music', 'regional folk', 'fiddle', 'resonator', 'banjo', 'mandolin', 'infectious drumming', 'funky bass', 'keyboard rhythm', 'spirited', 'lively', 'energetic', 'upbeat', 'happy', 'infectious engaging', 'live performance', 'gig']",energetic
train,country,C:\Users\user\Downloads\gnn_bert_music_context\data\processed\graphs\country\country.00039.pkl,C:\Users\user\Downloads\gnn_bert_music_context\data\processed\features\country\country.00039.npy,SvsCM0fLM5g,30,40,This is a country music piece that is played in an instrument lesson recording. The steel guitar is playing a mellow tune while at the forefront while there is a backing composed of the acoustic guitar and the acoustic drums. There is a relaxing and psychedelic feel to the piece. This music could suit well in the soundtrack of a feelgood/comedy movie. It could also be playing in the background at a shopping mall.,"['country music', 'no singer', 'instrumental', 'steel guitar', 'mellow tune', 'acoustic guitar', 'acoustic drums', 'easygoing', 'calm', 'relaxing', 'psychedelic', 'trippy']",calm
train,classical,C:\Users\user\Downloads\gnn_bert_music_context\data\processed\graphs\classical\classical.00098.pkl,C:\Users\user\Downloads\gnn_bert_music_context\data\processed\features\classical\classical.00098.npy,POOu05eUvqE,30,40,"This music is a beautiful Harp instrumental. The tempo is slow with a mellow, gentle and rich Harp melody. The music is dreamy, cascading, ethereal, soothing, calming and harmonic. This music is a Western Classical Harp Solo.","['instrumental', 'slow tempo', 'harp', 'gentle', 'mellow', 'soothing', 'harp solo', 'minimalist', 'celestial', 'ethereal', 'beautiful', 'calming', 'stringed instrument', 'plucked string instrument', 'classical music', 'western classical', 'bow shaped harp', 'chordophone', 'oldest instrument', 'full sounding', 'clear', 'flowing', 'dreamy', 'resonating', 'sharp sound', 'cascading melody', 'rich']",calm
train,classical,C:\Users\user\Downloads\gnn_bert_music_context\data\processed\graphs\classical\classical.00080.pkl,C:\Users\user\Downloads\gnn_bert_music_context\data\processed\features\classical\classical.00080.npy,WCiS9IDILQg,60,70,This is a classical music piece. It is an instrumental piece. There is a violin playing a melancholic tune. The atmosphere is suspenseful. The quality of the recording is slightly poor. This piece could suit well during a mysterious sequence in a thriller movie.,"['classical music', 'amateur recording', 'instrumental', 'violin', 'melancholic', 'suspenseful', 'movie music', 'slightly poor quality']",dark
train,pop,C:\Users\user\Downloads\gnn_bert_music_context\data\processed\graphs\pop\pop.00022.pkl,C:\Users\user\Downloads\gnn_bert_music_context\data\processed\features\pop\pop.00022.npy,IMnh-TIyFuE,30,40,"The song is an instrumental. The tempo is medium with a strong bass line, steady drumming rhythm, triangle percussion, keyboard accompaniment and a male vocalist making guttural noises. The song is a modern techno pop dance tune.","['techno dance music', 'gasping vocals sounds', 'trance music', 'dance hits', 'triangle percussions', 'instrumental music', 'dj', 'live session', 'thumping bas slime', 'keyboard accompaniment', 'youthful', 'energetic', 'exciting', 'party all night', 'dance groove', 'madly in love sexy', 'romantic', 'passionate', 'steady drumming rhythm']",romantic
train,metal,C:\Users\user\Downloads\gnn_bert_music_context\data\processed\graphs\metal\metal.00007.pkl,C:\Users\user\Downloads\gnn_bert_music_context\data\processed\features\metal\metal.00007.npy,j6O_U9EseKQ,30,40,"The low quality recording features aggressive metallic and wooden percussion played chaotically. The recording is noisy, loud and in mono, as it was probably recorded with a phone.","['low quality', 'noisy', 'mono', 'chaotic', 'aggressive metallic percussions', 'aggressive wooden percussions', 'loud']",dark
train,metal,C:\Users\user\Downloads\gnn_bert_music_context\data\processed\graphs\metal\metal.00092.pkl,C:\Users\user\Downloads\gnn_bert_music_context\data\processed\features\metal\metal.00092.npy,9ZeoYezrI7Q,60,70,"This audio clip is just vocalisation. There is a loud drum roll with an evil laughter, sound of metal, followed by grunting and straining noises and then loud, noisy chewing and smacking of lips.","['animated sounds', 'vocalisation', 'no melody', 'no lyrics', 'kissing sound', 'evil laugh', 'loud drum roll', 'annoying sounds', 'sound of loud chewing', 'smacking lips', 'straining', 'grunting', 'loud thud', 'sound of metal', 'loud booming noise', 'metal']",neutral
train,pop,C:\Users\user\Downloads\gnn_bert_music_context\data\processed\graphs\pop\pop.00060.pkl,C:\Users\user\Downloads\gnn_bert_music_context\data\processed\features\pop\pop.00060.npy,ui6ERk-AySw,390,400,This is the live performance of an indietronica music piece. The melody is being played by the electric guitars and the bass guitar. The rhythmic background consists of a fast tempo acoustic drum beat. The atmosphere is melancholic. This piece could be used in the soundtrack of a drama movie that takes place in a city setting.,"['indietronica', 'experimental pop', 'live performance', 'electric guitar', 'repeated theme', 'bass guitar', 'acoustic drums', 'melancholic', 'gloomy', 'upbeat']",energetic
train,country,C:\Users\user\Downloads\gnn_bert_music_context\data\processed\graphs\country\country.00085.pkl,C:\Users\user\Downloads\gnn_bert_music_context\data\processed\features\country\country.00085.npy,6OcoDIrbMtY,130,140,This is a country/Americana music piece. There is a male vocalist with a gravelly voice singing in the lead. An acoustic guitar is playing a simple tune. There is a faint percussive element that can be heard in the background that resembles pinched harmonics coming from a guitar. The atmosphere is melancholic. This piece could be used in the soundtrack of a drama movie or a TV show during a scene of introspection where a character is experiencing dark thoughts.,"['country', 'americana', 'rock', 'male vocal', 'gravelly voice', 'acoustic guitar', 'percussion', 'melancholic', 'sentimental', 'steady tempo']",sad
train,rock,C:\Users\user\Downloads\gnn_bert_music_context\data\processed\graphs\rock\rock.00022.pkl,C:\Users\user\Downloads\gnn_bert_music_context\data\processed\features\rock\rock.00022.npy,-ByoSbgzr4M,0,10,"This clip is an electronic guitar instrumental. The tempo is fast with a vigorous, lively electric guitar lead without any instrumentation. The music is rapid,controlled, intense and vigorous with immense control and dexterity with the instrument.","['instrumental', 'electric guitar', 'stringed instrument', 'vibrato', 'sonic power', 'amplified guitar', 'fast tempo', 'rapid', 'vigorous', 'dexterous', 'skilled', 'practice', 'intense', 'rock', 'hard rock', 'home recording']",energetic
train,jazz,C:\Users\user\Downloads\gnn_bert_music_context\data\processed\graphs\jazz\jazz.00044.pkl,C:\Users\user\Downloads\gnn_bert_music_context\data\processed\features\jazz\jazz.00044.npy,vDrbslhtX8o,30,40,The jazz music features a swing band playing in the background. In the foreground one can hear tap dancing sounds and the crowd cheering. This and the low audio quality leads me to believe this is a recording of a live tap dancing show.,"['crowd cheering', 'tap dancing sounds', 'swing music', 'jazz genre', 'low quality audio recording']",neutral
train,classical,C:\Users\user\Downloads\gnn_bert_music_context\data\processed\graphs\classical\classical.00056.pkl,C:\Users\user\Downloads\gnn_bert_music_context\data\processed\features\classical\classical.00056.npy,kcTwJwdLTSo,50,60,"This is a piece by a classical orchestra. The melody is mainly led by string instruments such as violins and  cellos. The piece elicits feelings of sadness, and can initiate a desire to reflect. The piece ends on an uplifting high note, which could be used as a sign that better days are to come.","['classical music', 'string instruments', 'sombre tone', 'violins', 'cellos', 'sad', 'emotional', 'reflective', 'orchestral piece']",sad
train,jazz,C:\Users\user\Downloads\gnn_bert_music_context\data\processed\graphs\jazz\jazz.00094.pkl,C:\Users\user\Downloads\gnn_bert_music_context\data\processed\features\jazz\jazz.00094.npy,3cEQfNZ_F1w,30,40,"This is a jazzy instrumental that sounds upbeat, cheery and vibrant. This would be suitable for some swing dancing. It's got an electric guitarist playing licks, a punchy piano, and groovy intricate drum pattern. The piece is in four over four time signature.","['jazzy', 'upbeat', 'electric guitar licks', 'piano groove', 'hoppy jazz beat', 'cheery bassline']",energetic
train,metal,C:\Users\user\Downloads\gnn_bert_music_context\data\processed\graphs\metal\metal.00043.pkl,C:\Users\user\Downloads\gnn_bert_music_context\data\processed\features\metal\metal.00043.npy,Xf0aZ3a3Toc,0,10,"ambient space sounds that are a cold and desolate feeling. Metallic screeching, whooshing distant bells ringing, lots of reverb and a long synthesizer filter sweep. Good for a science fiction film.","['ambient', 'sci-fi', 'space sounds', 'screeching', 'metallic', 'synthesizer filter sweep', 'instrumental', 'cold', 'desolate', 'dissonant', 'reverb', 'wooshing']",neutral
train,classical,C:\Users\user\Downloads\gnn_bert_music_context\data\processed\graphs\classical\classical.00026.pkl,C:\Users\user\Downloads\gnn_bert_music_context\data\processed\features\classical\classical.00026.npy,FcwWl5JBnoU,30,40,"The Classical song features a mixed harmonizing choir singing over organ melody, brass section melody and wooden percussion. It sounds powerful and epic.","['classical', 'mixed harmonizing choir', 'organ melody', 'brass section melody', 'epic', 'wooden percussion', 'powerful']",energetic
train,jazz,C:\Users\user\Downloads\gnn_bert_music_context\data\processed\graphs\jazz\jazz.00097.pkl,C:\Users\user\Downloads\gnn_bert_music_context\data\processed\features\jazz\jazz.00097.npy,yRWndZvIAHc,30,40,"A nostalgic feeling trip hop song with an off kilter, Dilla inspired drum beat, a jazz piano playing complex chords and a male rapper.","['trip hop', 'male rapper', 'off kilter drum beat', 'dilla', 'jazz piano', 'complex chords', 'nostalgic']",neutral
train,country,C:\Users\user\Downloads\gnn_bert_music_context\data\processed\graphs\country\country.00076.pkl,C:\Users\user\Downloads\gnn_bert_music_context\data\processed\features\country\country.00076.npy,AD5Tc2TDCmM,30,40,"This song features a guitar playing a solo.  This is played in the style of a banjo in a bluegrass song. The guitar is playing fast licks. The bass plays the root note and lower fifth of the chords. A percussion plays a simple beat and ends with a crash. There are no voices in this song. This song is an instrumental song. Due to the low quality of the audio, other instruments cannot be identified. This song can be played in a bluegrass concert.","['bluegrass', 'country style melody', 'bass', 'guitar song', 'no voices', 'instrumental', 'guitar solo', 'guitar played like a banjo', 'fast tempo', 'low quality audio']",energetic
train,jazz,C:\Users\user\Downloads\gnn_bert_music_context\data\processed\graphs\jazz\jazz.00036.pkl,C:\Users\user\Downloads\gnn_bert_music_context\data\processed\features\jazz\jazz.00036.npy,cX926M1_LqM,30,40,"The low quality recording features a groovy synth keys melody and synth keys bass playing together. It sounds jazzy, funky, boomy and the recording is noisy and in mono. Sounds like something you would hear in jazz bars.","['low quality', 'groovy synth keys melody', 'groovy synth keys bass', 'noisy', 'mono', 'boomy', 'funky', 'jazz', 'groovy']",neutral
train,reggae,C:\Users\user\Downloads\gnn_bert_music_context\data\processed\graphs\reggae\reggae.00053.pkl,C:\Users\user\Downloads\gnn_bert_music_context\data\processed\features\reggae\reggae.00053.npy,r5xTmK2Fq1w,200,210,"The low quality recording features a reggae song that consists of flat male vocals, alongside filtered, echoing male vocal and doubling background vocals, singing over punchy kick and snare hits, energetic crash cymbals, tinny wooden percussions, groovy bass and synth keys chords. It sounds energetic, as it is upbeat and addictive, thanks to the cadence.","['low quality', 'reggae', 'upbeat', 'synth keys chords', 'punchy snare', 'punchy kick', 'tinny wooden percussions', 'filtered echoing male vocal', 'flat male vocal', 'doubling background male vocal', 'groovy bass', 'energetic crash cymbal', 'echoing pitch bend riser', 'energetic', 'addictive']",energetic
train,pop,C:\Users\user\Downloads\gnn_bert_music_context\data\processed\graphs\pop\pop.00027.pkl,C:\Users\user\Downloads\gnn_bert_music_context\data\processed\features\pop\pop.00027.npy,5fPxUI0Fl-4,30,40,This song contains two acoustic guitars picking a melody. A digital drum is playing a simple groove when a male voice starts to sing in a higher register with backing vocals. Then the melody drops one octave. The guitars are panned to the left and right side of the speakers. This song may be playing on a road trip with friends.,"['pop', 'acoustic guitars', 'male voice singing', 'digital drums', 'medium to uptempo']",energetic
train,blues,C:\Users\user\Downloads\gnn_bert_music_context\data\processed\graphs\blues\blues.00018.pkl,C:\Users\user\Downloads\gnn_bert_music_context\data\processed\features\blues\blues.00018.npy,_94ra2KoZGo,520,530,"This music is a lively harmonica instrumental. The tempo is medium with a spirited melody. The music is lively, clear, energetic, vibrant and breezy with a male voice at the end of the audio clip. This is probably a Harmonica tutorial.","['instrumental', 'medium tempo', 'harmonica melody', 'male voice speaking', 'vibrant', 'energetic', 'enthusiastic', 'playful', 'loud', 'lucid', 'mouth organ', 'free reed instrument', 'wind instrument', 'folk music', 'aerophone', 'french harp', 'blues harp', 'tuneful', 'melodious']",energetic
train,metal,C:\Users\user\Downloads\gnn_bert_music_context\data\processed\graphs\metal\metal.00079.pkl,C:\Users\user\Downloads\gnn_bert_music_context\data\processed\features\metal\metal.00079.npy,VsMy72BoIbU,40,50,"This is a heavy metal piece from a video game soundtrack. There is a female vocalist singing melodically in the French language. The melodic background consists of the electric guitar, the keyboard and the bass guitar. In the rhythmic background there is an upbeat electronic drum sound. There is a gothic feel to the piece. This piece could work well in the soundtrack of a historical horror movie that takes place in France.","['video game theme', 'heavy metal', 'female vocal', 'melodic singing', 'french language', 'electric guitar', 'keyboard', 'bass guitar', 'electronic drums', 'loud', 'aggressive', 'gothic']",energetic
train,jazz,C:\Users\user\Downloads\gnn_bert_music_context\data\processed\graphs\jazz\jazz.00098.pkl,C:\Users\user\Downloads\gnn_bert_music_context\data\processed\features\jazz\jazz.00098.npy,-0xzrMun0Rs,30,40,This song contains digital drums playing a simple groove along with two guitars. One strumming chords along with the snare the other one playing a melody on top. An e-bass is playing the footnote while a piano is playing a major and minor chord progression. A trumpet is playing a loud melody alongside the guitar. All the instruments sound flat and are being played by a keyboard. There are little bongo hits in the background panned to the left side of the speakers. Apart from the music you can hear eating sounds and a stomach rumbling. This song may be playing for an advertisement.,"['backing track', 'jazzy', 'digital drums', 'piano', 'e-bass', 'trumpet', 'acoustic guitar', 'digital keyboard song', 'medium tempo']",neutral
train,metal,C:\Users\user\Downloads\gnn_bert_music_context\data\processed\graphs\metal\metal.00032.pkl,C:\Users\user\Downloads\gnn_bert_music_context\data\processed\features\metal\metal.00032.npy,5keRbrVx-G4,30,40,"A male vocalist sings this enthusiastic Rock song. The tempo is fast with bright drumming, enthusiastic electric guitar harmony, keyboard accompaniment , groovy bass line. The song is youthful, enthusiastic, energetic, vital, vigorous and passionate rock.","['male singer', 'fast tempo', 'rock', 'hard rock', 'metal', 'heavy metal', 'hard hitting drums', 'animated electric guitar accompaniment', 'groovy bass line', 'captivating keyboard harmony', 'enthusiastic vocals', 'youthful', 'electronic music', 'dance music', 'energetic', 'enthusiastic', 'spirited', 'animated', 'vigorous', 'vital', 'dance groove']",energetic
train,country,C:\Users\user\Downloads\gnn_bert_music_context\data\processed\graphs\country\country.00033.pkl,C:\Users\user\Downloads\gnn_bert_music_context\data\processed\features\country\country.00033.npy,crToMuDxmL8,50,60,"This music is a lively country music instrumental. The tempo is fast and upbeat with a banjo, and an instrument that sounds like a fiddle. The instrument is like pedal steel being played like a fiddle.the music is vibrant, vigorous, vivacious, cheerful, happy, sunny, happy and upbeat. This music is classic Country Pop.","['instrumental', 'banjo', 'pedal steel guitar', 'fiddle', 'country music', 'country folk music', 'regional music', 'upbeat', 'energetic', 'cheerful', 'pleasant', 'joyful', 'sunny', 'celebratory']",happy
train,hiphop,C:\Users\user\Downloads\gnn_bert_music_context\data\processed\graphs\hiphop\hiphop.00066.pkl,C:\Users\user\Downloads\gnn_bert_music_context\data\processed\features\hiphop\hiphop.00066.npy,tt5-i1R78ms,30,40,This is a trap music piece done in the style of Michael Jackson. There is a male vocalist singing in a very accentuated manner. In the rhythmic background loud electronic drums can be heard with the cicada beat on the hihats which is essential to the trap scene. There is a strong electronic bass sound accompanied every now and then by an electric guitar sample.,"['trap music', 'parody', 'male voice', 'electronic drums', 'strong bass', 'guitar sample', 'loud']",neutral
train,pop,C:\Users\user\Downloads\gnn_bert_music_context\data\processed\graphs\pop\pop.00046.pkl,C:\Users\user\Downloads\gnn_bert_music_context\data\processed\features\pop\pop.00046.npy,_3OlK_1yQOk,30,40,"The Pop song features harmonizing vocals singing over energetic crash cymbals, groovy bass guitar, wide electric guitar melody, punchy snare and soft kick hits. There is a short drum break at the very beginning of the loop. It sounds happy, nostalgic and euphoric, as it gives off vibes of a Christmas song.","['harmonized vocals', 'pop', 'energetic crash cymbals', 'short drum break', 'groovy bass guitar', 'wide electric guitars melody', 'punchy snare', 'soft kick hits', 'happy', 'nostalgic', 'euphoric', 'christmas song']",energetic
train,reggae,C:\Users\user\Downloads\gnn_bert_music_context\data\processed\graphs\reggae\reggae.00082.pkl,C:\Users\user\Downloads\gnn_bert_music_context\data\processed\features\reggae\reggae.00082.npy,LKUYtvUHn0Y,30,40,The drums and the e-bass are creating a reggae groove together with the e-guitar that is playing on the offbeat and with a lot of ping pong delay that is jumping back and forth on both sides of the speakers. The male voice is singing and a shaker is playing panned to the right side of the speakers. This song may be playing at an alternative vegan restaurant with an outside terrace.,"['reggae', 'male voice singing', 'backing voice', 'e-guitar', 'delay', 'e-bass', 'acoustic drums and shaker', 'medium tempo']",neutral
train,country,C:\Users\user\Downloads\gnn_bert_music_context\data\processed\graphs\country\country.00077.pkl,C:\Users\user\Downloads\gnn_bert_music_context\data\processed\features\country\country.00077.npy,5hEt87nd7os,50,60,"This music is instrumental. The tempo is fast with a vigorous banjo harmony, infectious drumming, auto harp, mandolin and tambourine accompaniment. The music is an upbeat, high-spirited, energetic,enthusiastic ,effervescent Country Music instrumental.","['instrumental', 'fast tempo', 'tambourine beats', 'regional music', 'dexterous', 'vigorous mandolin harmony', 'infectious drumming', 'auto harp accomapniment', 'mandolin', 'upbeat', 'punchy', 'vibrant', 'vigorous', 'vivacious', 'country music', 'country folk song', 'string instrument']",energetic
train,blues,C:\Users\user\Downloads\gnn_bert_music_context\data\processed\graphs\blues\blues.00005.pkl,C:\Users\user\Downloads\gnn_bert_music_context\data\processed\features\blues\blues.00005.npy,cdUk-F-5NCI,300,310,"This music is an electric guitar instrumental. The tempo is fast with an enthusiastic electric guitar riff with the voice of a man giving instructions. The music is powerful,emphatic, loud, groovy, youthful, skillful and engaging. This clip is an electric guitar lesson/tutorial.","['instrumental', 'fast tempo', 'male voice speaking', 'demonstration', 'review', 'electric guitar riff', 'loud feed back', 'sonic power', 'amplified guitar', 'stringed instrument', 'rock', 'metal', 'jazz', 'blues', 'intense', 'dense', 'electric guitar lead', 'electric guitar solo', 'electric guitar demo', 'electric guitar lesson', 'tutorial', 'instructional', 'electric guitar', 'smooth', 'skillful', 'passionate']",energetic
train,classical,C:\Users\user\Downloads\gnn_bert_music_context\data\processed\graphs\classical\classical.00091.pkl,C:\Users\user\Downloads\gnn_bert_music_context\data\processed\features\classical\classical.00091.npy,CqtknE729Lw,310,320,This is an instrumental classical music piece with clear Italian influences. There is a piano playing a gentle melody and a mandolin being strummed rapidly but with low velocity. The atmosphere is relaxing. This piece can be used during the scenery shots of a romance movie taking place in a Mediterranean country.,"['classical music', 'italian', 'instrumental', 'piano', 'mandolin', 'gentle', 'calming', 'relaxing']",calm
train,rock,C:\Users\user\Downloads\gnn_bert_music_context\data\processed\graphs\rock\rock.00043.pkl,C:\Users\user\Downloads\gnn_bert_music_context\data\processed\features\rock\rock.00043.npy,-v5hgCh3M2w,30,40,"The Soft Rock song features a passionate female vocalist singing over a wide electric guitar melody, punchy snare, soft kick hits, groovy bass guitar and shimmering hi-hats. It sounds sad, emotional and passionate - like something you would listen to on a day you are feeling down.","['soft rock', 'passionate female vocal', 'wide electric guitar melody', 'punchy snare', 'shimmering hi hats', 'soft kick hits', 'groovy bass guitar', 'sad', 'emotional', 'passionate']",romantic
train,metal,C:\Users\user\Downloads\gnn_bert_music_context\data\processed\graphs\metal\metal.00039.pkl,C:\Users\user\Downloads\gnn_bert_music_context\data\processed\features\metal\metal.00039.npy,bTVl2GeNfqI,150,160,"A male singer sings this screaming metal vocal. The song is medium tempo with strong metal drumming, guitar rhythm, groovy bass line and mic feedback tone.The song  is energetic and an adrenaline rush. The song has poor audio quality.","['male singer', 'screaming vocals', 'death metal music', 'distorted guitar rhythm', 'death metal', 'mic feedback', 'long sustained vocals', 'poor audio quality', 'strong metal drumming', 'guitar playing rhythm', 'mic feedback tones', 'distorted guitar rhythm', 'energetic', 'spirited', 'adrenaline rush']",energetic
train,country,C:\Users\user\Downloads\gnn_bert_music_context\data\processed\graphs\country\country.00082.pkl,C:\Users\user\Downloads\gnn_bert_music_context\data\processed\features\country\country.00082.npy,4i9DgH80kDg,30,40,"This music is instrumental. The tempo is medium with an animated Banjo lead harmony. There is minimal instrumentation with cheerful ,popping vibrations of this beautiful instrument. It is lively ,spirited, cheerful and adds a beautiful layer to Country and Folk Songs.","['instrumental', 'medium tempo', 'banjo', 'popping', 'cheerful', 'stringed instrument', 'lively', 'spirited', 'vibrations', 'stringed instrument', 'country music', 'plucking', 'folk music', 'bluegrass', 'african instrument', 'melodious', 'rhythmic']",energetic
train,classical,C:\Users\user\Downloads\gnn_bert_music_context\data\processed\graphs\classical\classical.00035.pkl,C:\Users\user\Downloads\gnn_bert_music_context\data\processed\features\classical\classical.00035.npy,Kkqbi6c_40k,400,410,This audio contains someone playing an upright bass with a bow creating a dissonant melody and tension. This song may be playing at a live concert.,"['classical/experimental', 'upright bass', 'foot stomping', 'tension creating', 'uptempo']",energetic
train,reggae,C:\Users\user\Downloads\gnn_bert_music_context\data\processed\graphs\reggae\reggae.00067.pkl,C:\Users\user\Downloads\gnn_bert_music_context\data\processed\features\reggae\reggae.00067.npy,HCCGZh-TxK0,30,40,"A male vocalist sings this light melody. The tempo is medium with a funky bass line, keyboards accompaniment; slick drumming, groovy electric guitar and acoustic guitar riff with female vocal backup. The song is light, punchy, buoyant, groovy, funky,insightful, reflective and melodic. This song is a spirited Reggae song.","['male vocalist', 'medium fast tempo', 'reflective', 'melodic', 'keyboard harmony', 'groovy', 'funky', 'youthful', 'buoyant', 'reflective', 'organ', 'electric guitar', 'acoustic guitar', 'steady drumming', 'funky bass line', 'bass drum', 'pipe organ', 'light', 'playful', 'affecting', 'insightful', 'cymbals', 'female vocal backup', 'reggae', 'jazz']",energetic
train,classical,C:\Users\user\Downloads\gnn_bert_music_context\data\processed\graphs\classical\classical.00031.pkl,C:\Users\user\Downloads\gnn_bert_music_context\data\processed\features\classical\classical.00031.npy,WWIT13tTW7c,190,200,"This is a live performance of classical music with clear tango influences. The piece is being performed by four different ranges of saxophone: alto, baritone, tenor and soprano. The variety of range using similar characteristics of sound gives the piece a vibrant atmosphere. This piece could be used in the soundtrack of a movie that is about a culture clash situation between North American and Latin American characters.","['classical music', 'tango', 'no singer', 'instrumental', 'live performance', 'saxophone quartet', 'vibrant', 'lively', 'eccentric', 'unique']",happy
train,pop,C:\Users\user\Downloads\gnn_bert_music_context\data\processed\graphs\pop\pop.00067.pkl,C:\Users\user\Downloads\gnn_bert_music_context\data\processed\features\pop\pop.00067.npy,oczJZV87k9A,170,180,A male voice is singing loud and in a higher register while a flute is playing a counter melody. Percussions are playing a fast paced groove along with a soft minimalistic bass. In the background you can hear a synth pad playing chords. This song may be playing in a oriental barber shop.,"['pop', 'bass', 'strings', 'flute sound', ""percussion's"", 'synth pad', 'male voice singing', 'higher register', 'uptempo']",energetic
train,blues,C:\Users\user\Downloads\gnn_bert_music_context\data\processed\graphs\blues\blues.00067.pkl,C:\Users\user\Downloads\gnn_bert_music_context\data\processed\features\blues\blues.00067.npy,oh5XmtSAOuM,30,40,"The low quality recording features a blues song that consists of throaty male vocals, alongside harmonizing male vocals, singing over electric guitar melody, brass melody, shimmering hi hats, punchy snare and kick hits and walking double bass. It is a bit noisy and it sounds funky, groovy, happy, fun and vintage - like something you would want to dance to.","['low quality', 'noisy', 'brass melody', 'electric guitar melody', 'shimmering hi hats', 'punchy snare', 'punchy kick', 'throaty male vocal', 'walking double bass', 'groovy', 'funky', 'harmonizing background male vocals', 'blues', 'vintage', 'happy', 'fun']",energetic
train,jazz,C:\Users\user\Downloads\gnn_bert_music_context\data\processed\graphs\jazz\jazz.00039.pkl,C:\Users\user\Downloads\gnn_bert_music_context\data\processed\features\jazz\jazz.00039.npy,gDzi8N3BYMw,30,40,"This is a japanese jazz music piece that is used in an anime soundtrack. There is a female lead vocal singing gently in the lead. The melody is being played by the piano, the electric guitar and the upright bass. In the rhythmic background, there is an acoustic jazz drum beat in the style of swing. There is an exhilarating atmosphere, full of rich sounds. The mix is perfect. This piece could be used in the soundtrack of a romance/drama movie as well as its original use in an anime. It could also be playing in the background at a coffee shop or a classy restaurant.","['japanese jazz', 'female vocal', 'gentle singing', 'piano', 'electric guitar', 'upright bass', 'acoustic drums', 'swing', 'vibrant', 'exhilarating', 'emotional', 'anime music']",happy
train,pop,C:\Users\user\Downloads\gnn_bert_music_context\data\processed\graphs\pop\pop.00002.pkl,C:\Users\user\Downloads\gnn_bert_music_context\data\processed\features\pop\pop.00002.npy,3m4QSVVBMss,60,70,"The low quality recording features a pop song that consists of seductive female vocal singing over arpeggiated synth lead melody, pulsating synth keys, sustained synth melody, punchy kick, claps, simple hi hats and groovy bass that glues everything together. It sounds a bit muffled, probably because of the quality of the mix.","['low quality', 'pop', 'arpeggiated synth lead melody', 'pulsating synth keys', 'sustained synth melody', 'punchy kick', 'claps', 'groovy bass', 'seductive female vocal', 'simple hi hats', 'muffled']",energetic
train,reggae,C:\Users\user\Downloads\gnn_bert_music_context\data\processed\graphs\reggae\reggae.00062.pkl,C:\Users\user\Downloads\gnn_bert_music_context\data\processed\features\reggae\reggae.00062.npy,00M9FhCet6s,100,110,This children's song features a male voice singing the main melody. There are other voices singing backing vocals. This is accompanied by percussion playing a simple beat. A guitar strums the chords accenting the strums in between lines. The bass plays the root notes of the chords with a reggae feel. The keyboards play chords in the background. This song can be played at a children's party.,"[""children's song"", 'male voice', 'guitar', 'percussion', 'bass', 'happy song', 'keyboard', 'backing voices', 'dance song for children', 'moderate tempo']",happy
train,metal,C:\Users\user\Downloads\gnn_bert_music_context\data\processed\graphs\metal\metal.00081.pkl,C:\Users\user\Downloads\gnn_bert_music_context\data\processed\features\metal\metal.00081.npy,RoDS0k7qrIo,100,110,"The Metal song features a low throaty male vocal singing over widely spread, aggressive and distorted electric guitars, groovy bass guitar, punchy snare, energetic cymbals and double pedal kick. In the second part of the loop, the instrumental calms down, as there is an arpeggiated piano melody over which a soft female vocal is singing. Overall it sounds energetic, aggressive and manic. The male vocal in the first part of the loop is leaning towards the left channel of the stereo image, making it sound unbalanced and therefore low quality.","['metal', 'low quality', 'aggressive', 'energetic', 'manic', 'throaty male vocal', 'wide agressive distorted electric guitar melody', 'arpeggiated piano melody', 'soft female vocal', 'punchy snare', 'energetic cymbals', 'double pedal kick', 'groovy bass guitar', 'unbalanced stereo image']",energetic
train,pop,C:\Users\user\Downloads\gnn_bert_music_context\data\processed\graphs\pop\pop.00053.pkl,C:\Users\user\Downloads\gnn_bert_music_context\data\processed\features\pop\pop.00053.npy,5MOJnA715fA,410,420,"A female vocalist sings this pop song. The tempo is fast with vigorous percussion in the background , funky bass line, an incessant keyboard harmony and guitar. The vocals and instrumentation are incoherent as the audio quality is bad. The is sound of static, murmuring, buzzing,hissing and  scuffling indicating that this is a recording of a live performance.","['female vocalist', 'fast tempo', 'vigorous hand percussion', 'chaotic', 'live performance', 'concert', 'static', 'buzzing', 'hissing', 'murmurs', 'funky bass line', 'live performance', 'rhythmic guitar', 'distorted sounds', 'incoherent', 'inferior audio quality', 'muddled', 'incomprehensible', 'static', 'vigorous drumming', 'people talking']",energetic
train,jazz,C:\Users\user\Downloads\gnn_bert_music_context\data\processed\graphs\jazz\jazz.00014.pkl,C:\Users\user\Downloads\gnn_bert_music_context\data\processed\features\jazz\jazz.00014.npy,d1nz5tZckSA,280,290,"Trio recorded live in a concert hall with a loud upright bass, piano and acoustic guitar playing a solo. Jazz feel and chord progression with no drums. Heartfelt performance.","['loud upright bass', 'acoustic guitar solo', 'jazz chord progression', 'piano', 'no drums', 'instrumental', 'trio', 'concert hall', 'live', 'heartfelt']",romantic
train,classical,C:\Users\user\Downloads\gnn_bert_music_context\data\processed\graphs\classical\classical.00020.pkl,C:\Users\user\Downloads\gnn_bert_music_context\data\processed\features\classical\classical.00020.npy,TqIptTnXb20,100,110,"Here we have a vintage recording of a traditional, religious Indian song. Mainly, the man with the burly and raspy voice sings and is backed by a group of female singers who sing softly.","['traditional indian singing', 'south asian traditional music', 'classical indian singing', 'religious traditional indian music', 'burly male vocal', 'raspy male baritone vocal', 'female background singers']",calm
train,blues,C:\Users\user\Downloads\gnn_bert_music_context\data\processed\graphs\blues\blues.00039.pkl,C:\Users\user\Downloads\gnn_bert_music_context\data\processed\features\blues\blues.00039.npy,JLYb7DwCaQU,0,10,"The song is an instrumental. The tempo is medium with a slick drumming rhythm starting with a solid drum introduction, strong bass line  and a blues guitar solo. The song is energetic and passionate. The audio quality is excellent.","['electric guitar blues', 'instrumental music', 'blues guitar lessons', 'legendary licks', 'excellent audio quality', 'the blues', 'blues guitar tutorial', 'romantic', 'the lush life', 'blues legends', 'sophisticated', 'blues guitar licks', 'new orleans blues', 'blues hits', 'relaxing music', 'energetic', 'passionate', 'groovy', 'solid intro', 'blues giants', 'romantic', 'massive drum roll', 'medium tempo']",romantic
train,rock,C:\Users\user\Downloads\gnn_bert_music_context\data\processed\graphs\rock\rock.00090.pkl,C:\Users\user\Downloads\gnn_bert_music_context\data\processed\features\rock\rock.00090.npy,QqRrZzOY2xw,30,40,This is a rock opera piece. There is a male vocalist singing passionately with a choir of backing vocals. The piano plays the main theme with the electric guitar while a bass guitar plays in the background. The rhythmic background is provided by the acoustic drums playing a simple rock beat. There is an energetic atmosphere to the piece. This piece could be used at sports venues. It could also be playing in the background of a bar.,"['rock opera', 'male vocal', 'dramatic singing', 'choir', 'piano', 'electric guitar', 'bass guitar', 'acoustic drums', 'rising pattern', 'vibrant', 'energetic']",energetic
train,pop,C:\Users\user\Downloads\gnn_bert_music_context\data\processed\graphs\pop\pop.00013.pkl,C:\Users\user\Downloads\gnn_bert_music_context\data\processed\features\pop\pop.00013.npy,L2-EGNKzUAQ,40,50,"The Pop song features a passionate male vocal, alongside wide harmonizing background vocals, singing over clapping, shimmering cymbals, groovy bass and soft kick hits. It sounds addictive, happy and joyful.","['pop', 'passionate male vocal', 'wide harmonizing background vocals', 'clapping', 'shimmering cymbals', 'groovy bass', 'soft kick hits', 'addictive', 'happy', 'joyful']",happy
train,classical,C:\Users\user\Downloads\gnn_bert_music_context\data\processed\graphs\classical\classical.00057.pkl,C:\Users\user\Downloads\gnn_bert_music_context\data\processed\features\classical\classical.00057.npy,2MpzHv5KNZU,30,40,This is an instrumental classical music performance. There is a gentle tune being played with the piano sound. Ambient sounds such as birds singing can be heard in the recording. The atmosphere is soothing and relaxing. This is a perfect piece for a sleep music playlist. It could also work well as an advertisement jingle. It could be playing in the background at a nursery.,"['classical', 'instrumental', 'piano', 'live performance', 'ambient sounds', 'birds singing', 'soothing', 'relaxing', 'calming', 'sleep']",calm
train,pop,C:\Users\user\Downloads\gnn_bert_music_context\data\processed\graphs\pop\pop.00059.pkl,C:\Users\user\Downloads\gnn_bert_music_context\data\processed\features\pop\pop.00059.npy,Qz8hNRg-7G0,30,40,Someone is playing a song out of a speaker. The song contains a guitar melody and a digital drum hitting the bass drum on every beat along with a bass-melody. This is an amateur recording. The song is in very poor audio-quality.,"['pop', 'amateur recording', 'digital drums', 'guitar melody', 'bass', 'uptempo']",energetic
train,jazz,C:\Users\user\Downloads\gnn_bert_music_context\data\processed\graphs\jazz\jazz.00003.pkl,C:\Users\user\Downloads\gnn_bert_music_context\data\processed\features\jazz\jazz.00003.npy,HtSznF9_784,30,40,"A female singer sings this jazz scat improvisation. The song is medium fast tempo with jazz drumming, Latin percussion, steady bass line and a piano accompaniment. The song is energetic and highly improvisational.  The song is a live jazz performance with ambient room noises and other disturbances.","['female singer', 'jazz scatting', 'medium fast tempo', 'cymbals crashing', 'latin percussion rhythm', 'piano accompaniment', 'steady bass line', 'screaming vocals', 'love performance', 'ambient room noise', 'vocal jazz', 'scat improvisation', 'poor audio quality', 'jazz drumming', 'improvisation', 'female choir', 'latin jazz music']",energetic
train,blues,C:\Users\user\Downloads\gnn_bert_music_context\data\processed\graphs\blues\blues.00058.pkl,C:\Users\user\Downloads\gnn_bert_music_context\data\processed\features\blues\blues.00058.npy,FNnKFUkFJ5M,0,10,This blues song features a solo played on a harmonica. It starts off with the harmonica playing three descending notes. This is followed by the same three notes but the first note is played twice followed by the remaining two notes. This is accompanied by a guitar playing a rock and roll strumming pattern. The bass plays the root note of the chord. A piano plays in the background. There are no voices in this song. This song can be played in a bar scene in a movie.,"['harmonica song', 'acoustic guitar', 'piano song', 'no voices', 'bass', 'instrumental', 'no percussion', 'no voices', 'blues song', 'slow tempo']",calm
train,hiphop,C:\Users\user\Downloads\gnn_bert_music_context\data\processed\graphs\hiphop\hiphop.00083.pkl,C:\Users\user\Downloads\gnn_bert_music_context\data\processed\features\hiphop\hiphop.00083.npy,B32m9Jqqrpo,30,40,"The low quality recording features a DJ that scratches his vinyl hip hop song. The song consists of punchy snare and kick hits, bouncy hi hats and boomy bass. It is noisy, uptempo, energetic and it sounds a bit sloppy.","['low quality', 'noisy', 'dj scratching sound effect', 'hip hop', 'punchy snare', 'uptempo', 'boomy bass', 'punchy kick', 'bouncy hi hats', 'energetic', 'sloppy']",energetic
train,blues,C:\Users\user\Downloads\gnn_bert_music_context\data\processed\graphs\blues\blues.00070.pkl,C:\Users\user\Downloads\gnn_bert_music_context\data\processed\features\blues\blues.00070.npy,07xGXxIHOL4,110,120,"A male vocalist sings this soft love song. The tempo is slow with a romantic piano accompaniment, groovy bass line, steady drumming and ambient saxophone harmony. The song is a romantic, emotional, mellow, sentimental, proposal or wedding song. This song is a R&B/Soul song.","['male singer', 'slow tempo', 'romantic piano', 'ambient music', 'saxophone harmony', 'steady drumming', 'groovy bass line', 'r&b', 'soul', 'blues', 'jazz', 'complex harmony', 'syncopated', 'pleasant', 'romantic', 'emotional', 'sentimental', 'love song', 'wedding song', 'proposal song']",calm
train,country,C:\Users\user\Downloads\gnn_bert_music_context\data\processed\graphs\country\country.00028.pkl,C:\Users\user\Downloads\gnn_bert_music_context\data\processed\features\country\country.00028.npy,e57SBRbMXbI,80,90,"This piece of audio contains a modern pop song with drums, effects panned to left and right, a female voice singing with delay before changing into a totally different song that sounds more like a fast paced country song with a synthesizer- melody; acoustic drums and a banjo playing a fast melody along. This recording is also full of voice samples, a tiger or lion roaring, a telephone ringing. According to all these sounds and fast paced changes, it can be assumed that this recording is best played at a comedic television show for kids.","['pop/country', 'changing songs', 'electronic drums', 'banjo', 'female voice', 'comedic sound effects', 'background-noises', 'uptempo']",energetic
train,rock,C:\Users\user\Downloads\gnn_bert_music_context\data\processed\graphs\rock\rock.00067.pkl,C:\Users\user\Downloads\gnn_bert_music_context\data\processed\features\rock\rock.00067.npy,11FeId69WOk,30,40,"A male vocalist sings this retro classic melody. The tempo is slow with a melodious electric guitar lead, soft acoustic guitar accompaniment and subtle bass complimenting the soft vocals and backup. The song is mellow, melancholic, pensive, insightful, euphonious, dulcet and soothing. There is a sound of static in the background. This song is classic Rock.","['male vocalist', 'slow tempo', 'static', 'vocal backup', 'insightful', 'mellow', 'melodious', 'soft', 'melancholic', 'pensive', 'sad', 'nostalgic', 'retro', 'elcetric guitar lead', 'rhythmic acoustic guitar', 'classic pop', 'pop hits', 'soft bass line']",calm
train,country,C:\Users\user\Downloads\gnn_bert_music_context\data\processed\graphs\country\country.00032.pkl,C:\Users\user\Downloads\gnn_bert_music_context\data\processed\features\country\country.00032.npy,REpuZwvyThM,30,40,This bluegrass song features a solo played on a mandolin. This is accompanied by an acoustic guitar strumming chords. A double bass plays the root note and fifth of the chords. A banjo player fills in between phrases. This song is at a moderate tempo and has a country feel. The mood of this song is happy. This song can be played in an inspirational movie.,"['bluegrass', 'country', 'instrumental', 'no voice', 'no percussion', 'mandolin', 'acoustic guitar', 'banjo', 'double bass', 'moderate tempo', 'happy mood']",happy
val,jazz,C:\Users\user\Downloads\gnn_bert_music_context\data\processed\graphs\jazz\jazz.00091.pkl,C:\Users\user\Downloads\gnn_bert_music_context\data\processed\features\jazz\jazz.00091.npy,BjIksWR4oKw,30,40,This is a jazz music piece used as an accompaniment for a tap dancing contest. It is an old recording. There is a brass section and a piano that are playing the melody while the upright bass is playing a simple bass line. The rhythmic background consists of acoustic drums and the tapping of the shoes to the ground. There is a lively atmosphere. This piece is used in the background of comedic social media content or advertisement jingles.,"['jazz music', 'tap dancing', 'shoes', 'brass section', 'piano', 'upright bass', 'acoustic drums', 'lively', 'jolly', 'upbeat', 'old recording']",energetic
val,classical,C:\Users\user\Downloads\gnn_bert_music_context\data\processed\graphs\classical\classical.00071.pkl,C:\Users\user\Downloads\gnn_bert_music_context\data\processed\features\classical\classical.00071.npy,xzgnLpKkvdg,10,20,The song is an instrumental. The song is medium fast tempo with a western classic al piece featuring a string string section plays and a tambourine player practices along with background music. The song is spirited and passionate. The audio quality is very poor.,"['tambourine playing percussively', 'home music video', 'entertaining', 'soloist', 'percussionist', 'rehearsal session', 'bad audio quality', 'practice room', 'instrumental music', 'hissing noise', 'varying volume levels', 'string section playing', 'positive', 'spirited', 'passionate', 'western classical music', 'medium fast tempo']",energetic
val,hiphop,C:\Users\user\Downloads\gnn_bert_music_context\data\processed\graphs\hiphop\hiphop.00000.pkl,C:\Users\user\Downloads\gnn_bert_music_context\data\processed\features\hiphop\hiphop.00000.npy,WsDb16qzA5Q,160,170,"This is a mellow, groovy hip hop beat. Its distinguishing factor is a vinyl scratching technique used by DJs. It also consists of what sounds like a brass instrument and forms a chord progression along with the bass that plays at the same cadence.","['hip hop beat', 'vinyl scratching', 'deck scratching', 'chill beats', 'jazzy drum pattern', 'brass melody']",calm
val,blues,C:\Users\user\Downloads\gnn_bert_music_context\data\processed\graphs\blues\blues.00021.pkl,C:\Users\user\Downloads\gnn_bert_music_context\data\processed\features\blues\blues.00021.npy,YDh36ZdneAU,180,190,This is the recording of a guitar lesson video. There is a male instructor first performing the tune and then describing what he is playing. The tune is being played on a clean sounding electric guitar and there is a blues feel to it. The atmosphere is easygoing. The parts the male voice is not heard can be sampled for use in beat-making.,"['guitar lesson', 'male voice', 'electric guitar', 'clean sound', 'blues', 'easygoing']",calm
val,country,C:\Users\user\Downloads\gnn_bert_music_context\data\processed\graphs\country\country.00018.pkl,C:\Users\user\Downloads\gnn_bert_music_context\data\processed\features\country\country.00018.npy,A8CJ4YSsUgs,200,210,"This is a country pop music piece. There is a female vocalist singing melodically as the lead. The melody comprises various elements such as the electric guitar, the bass guitar, the harmonica and the banjo. There is a rock acoustic drum beat in the rhythmic background. The atmosphere is easygoing. This piece could be the opening theme of a teenage sit-com.","['country pop', 'female vocal', 'melodic singing', 'harmonica', 'electric guitar', 'bass guitar', 'acoustic drums', 'banjo', 'simple tune', 'easygoing']",calm
val,rock,C:\Users\user\Downloads\gnn_bert_music_context\data\processed\graphs\rock\rock.00005.pkl,C:\Users\user\Downloads\gnn_bert_music_context\data\processed\features\rock\rock.00005.npy,RTQJe028VdU,80,90,The drums are playing a complex groove full of tom hits and fill-ins. On every big hit a synth is playing a sound while e-guitars and another instrument are playing a countermelody. The song sounds like someone being chased by something fast and dangerous. This song may be playing in a game of a tv-show.,"['progressive rock', 'acoustic drums', 'e-guitar', 'synth hits', 'uptempo', 'chaotic']",energetic
val,blues,C:\Users\user\Downloads\gnn_bert_music_context\data\processed\graphs\blues\blues.00090.pkl,C:\Users\user\Downloads\gnn_bert_music_context\data\processed\features\blues\blues.00090.npy,C7WAx3n57Hk,30,40,"This song contains acoustic drums holding a steady groove with a complex fill in at the end of the phrase. An e-bass and e-guitar are playing the same notes, just the e-guitar is strumming a chord. The male voice is singing loud and in a higher register. This song may be playing in a garage workshop.","['rock&roll/blues', 'e-guitar', 'e-bass', 'acoustic drums', 'male voice singing', 'higher register', 'uptempo']",energetic
val,hiphop,C:\Users\user\Downloads\gnn_bert_music_context\data\processed\graphs\hiphop\hiphop.00011.pkl,C:\Users\user\Downloads\gnn_bert_music_context\data\processed\features\hiphop\hiphop.00011.npy,mAmaUI7_uZ0,30,40,Amateur produced hip hop music with out of tune male and female vocals and amateur vocal production. The backing track is a trap beat with a synthesizer arpeggio.,"['hip hop', 'amateur production', 'out of tune vocals', 'amateur vocal production', 'male and female vocals', 'trap beat', 'synthesizer arpeggio']",neutral
val,classical,C:\Users\user\Downloads\gnn_bert_music_context\data\processed\graphs\classical\classical.00034.pkl,C:\Users\user\Downloads\gnn_bert_music_context\data\processed\features\classical\classical.00034.npy,GFbSHWBjuuQ,30,40,"This music is an upbeat instrumental. The tempo is fast with an animated trombone melody with an enthusiastic piano accompaniment. The music is vibrant, engaging, buzzing, incessant, untiring and droning like a bee.This music a Western Classical.","['instrumental', 'fast tempo', 'animated trombone', 'honey bee', 'mosquito', 'enthusiastic piano', 'rapid', 'vigorous', 'energetic', 'incessant', 'untiring', 'buzzing', 'bee', 'bumble bee', 'classical music', 'western classical', 'lively engaging']",energetic
val,metal,C:\Users\user\Downloads\gnn_bert_music_context\data\processed\graphs\metal\metal.00089.pkl,C:\Users\user\Downloads\gnn_bert_music_context\data\processed\features\metal\metal.00089.npy,Vci2eZYzA-c,30,40,"The low quality recording features metallic and robotic sound effects which makes it sound industrial. The recording is very noisy and in mono, as it was probably recorded with a phone.","['low quality', 'metallic robotic sound effects', 'noisy', 'mono', 'industrial']",neutral
val,classical,C:\Users\user\Downloads\gnn_bert_music_context\data\processed\graphs\classical\classical.00004.pkl,C:\Users\user\Downloads\gnn_bert_music_context\data\processed\features\classical\classical.00004.npy,i3zayf6Hiog,30,40,"Classical music features a full orchestra playing beautiful sustained strings melody, arpeggiated brass melodies, shimmering bells, pumping drums and energetic cymbals. It sounds like a background movie soundtrack - mystical, epic, uplifting and suspenseful.","['classical', 'orchestra', 'mystical', 'epic', 'uplifting', 'suspenseful', 'sustained strings section', 'arpeggiated brass section', 'shimmering bells melody', 'pumping drums', 'energetic cymbals']",dark
val,metal,C:\Users\user\Downloads\gnn_bert_music_context\data\processed\graphs\metal\metal.00057.pkl,C:\Users\user\Downloads\gnn_bert_music_context\data\processed\features\metal\metal.00057.npy,-dVgUSrR8g4,30,40,"This song is a vigorous metal instrumental. The tempo is fast with intense drumming,  fiery electric guitar riff, amplified guitar rhythms and energetic keyboard accompaniment. The music is energetic, aggressive, youthful, spirited, goth, intense,psychedelic and trance like. This instrumental is Hard Rock/Metal.","['intense', 'vigorous', 'loud electric guitar feedback', 'intense', 'psychedelic', 'trap', 'trance', 'hard rock', 'enthusiastic', 'energetic', 'spirited', 'hyper', 'fast tempo', 'goth rock', 'heavy  metal', 'amplified guitar', 'intense drumming', 'chattering sounds', 'scratching', 'screeching', 'vigorous keyboard']",energetic
val,hiphop,C:\Users\user\Downloads\gnn_bert_music_context\data\processed\graphs\hiphop\hiphop.00082.pkl,C:\Users\user\Downloads\gnn_bert_music_context\data\processed\features\hiphop\hiphop.00082.npy,JHvLuYk6TfI,70,80,This folk song features a kora being played in waltz time. This starts off with the strings being plucked in waltz time followed by a descending run. The waltz plucking is played twice more followed by another descending run. There are no other instruments in this song. There are no voices in this song. This is an instrumental song. This song can be sampled and played in a hip-hop song.,"['kora song', 'no other instruments', 'no voices', 'instrumental', 'waltz time', 'moderate tempo', 'folk song']",neutral
val,metal,C:\Users\user\Downloads\gnn_bert_music_context\data\processed\graphs\metal\metal.00098.pkl,C:\Users\user\Downloads\gnn_bert_music_context\data\processed\features\metal\metal.00098.npy,KWpsFxRTGkI,30,40,"This song is an electronic instrumental. It is medium tempo with a recurring vocal riff, steady drumming, table turner arrangement and distorted sounds like metal scratching. The audio is muffled, making it difficult to hear the finer elements of the song.The repetitive beats and rhythm give  it a trippy, psychedelic and trance vibe.","['distorted sound', 'vocal riff', 'groovy beat', 'table turner', 'muffled music', 'steady drumming', 'catchy beat', 'electronic pop', 'trap', 'psychedelic', 'trance', 'incoherent sounds', 'metal scratching', 'loud', 'unpleasant', 'amateur sound recording', 'reverb']",neutral
val,metal,C:\Users\user\Downloads\gnn_bert_music_context\data\processed\graphs\metal\metal.00038.pkl,C:\Users\user\Downloads\gnn_bert_music_context\data\processed\features\metal\metal.00038.npy,AjjQqd0eLzw,30,40,Someone is playing an instrument sounding like a bowl/pad/whale singing in a metallic tone with a long sustain and shifting in pitch. This song may be playing in a horror-movie scene. This is an amateur recording.,"['cinematic', 'experimental', 'skurrile pad/whale singing sound', 'amateur recording']",neutral
val,metal,C:\Users\user\Downloads\gnn_bert_music_context\data\processed\graphs\metal\metal.00071.pkl,C:\Users\user\Downloads\gnn_bert_music_context\data\processed\features\metal\metal.00071.npy,XFuw-m2gYOQ,30,40,Someone is playing a metal riff on a fully distorted and overdriven e-guitar. This is an amateur recording. This song may be playing while practicing with the band.,"['metal-rock', 'fully distorted e-guitar', 'uptempo', 'aggressive energy', 'amateur recording']",energetic
val,rock,C:\Users\user\Downloads\gnn_bert_music_context\data\processed\graphs\rock\rock.00095.pkl,C:\Users\user\Downloads\gnn_bert_music_context\data\processed\features\rock\rock.00095.npy,nT1YAP4Vy9s,90,100,"This is a Christian rock/CCM piece. There is a male vocalist singing melodically. The main melody is being played by the acoustic guitar. The electric guitar, the piano and the bass guitar are playing in the background. The rhythm consists of an easygoing acoustic drum beat. The atmosphere is religious. This piece could be used in the soundtrack of a gospel movie. It could also be playing in the background at a Christian religious event.","['christian rock', 'christian contemporary music', 'male vocal', 'melodic singing', 'acoustic guitar', 'electric guitar', 'bass guitar', 'piano', 'acoustic drums', 'easygoing', 'religious']",calm
val,rock,C:\Users\user\Downloads\gnn_bert_music_context\data\processed\graphs\rock\rock.00069.pkl,C:\Users\user\Downloads\gnn_bert_music_context\data\processed\features\rock\rock.00069.npy,OH2SQhJqZDg,0,10,"This music is an energetic Rock and Roll instrumental. The tempo is fast with animated, infectious drumming, lively trumpets and tambourine beats. The music is upbeat, pulsating, thumping, vivacious, bright, with a perky dance groove. This music is Rock and Roll.","['instrumental', 'fast tempo', 'bright drumming', 'dance groove', 'animated', 'energetic', 'percussion', 'emphatic percussion', 'lively trumpets', 'bass drums', 'tambourine beats', 'snare', 'trumpet harmony', 'brass band', 'spirited', 'animated', 'enthusiastic', 'swing', 'rock and roll']",energetic
val,pop,C:\Users\user\Downloads\gnn_bert_music_context\data\processed\graphs\pop\pop.00026.pkl,C:\Users\user\Downloads\gnn_bert_music_context\data\processed\features\pop\pop.00026.npy,JtLNRHVGQuw,30,40,This music is a soulful instrumental. The tempo is medium with a harmonica  melody with a background track which is muffled. The melody is of a popular Spanish Classic song. This music is a Harmonica instrumental of Besame Mucho.,"['instrumental', 'medium tempo', 'harmonica', 'french harp', 'free reed instrument', 'wind instrument', 'aerophone', 'free reed aerophone', 'lively accompaniment music', 'besame mucho', 'popular spanish songs', 'latin songs', 'spanish melody', 'background score', 'muffled audio', 'amateur recording', 'congas beat']",energetic
val,metal,C:\Users\user\Downloads\gnn_bert_music_context\data\processed\graphs\metal\metal.00044.pkl,C:\Users\user\Downloads\gnn_bert_music_context\data\processed\features\metal\metal.00044.npy,dSs4xfvATjc,30,40,"The Metal song features wide aggressive distorted electric guitars, punchy kick and snare hits, energetic crash cymbals, simple hi hats, groovy bass guitar, sustained synth pad melody and passionate female vocals singing over it. It sounds energetic, powerful, manic and aggressive - especially in the first part of the loop where there is a drum break.","['low quality', 'metal', 'wide aggressive distorted electric guitars', 'punchy kick', 'punchy snare', 'energetic crash cymbals', 'simple hi hats', 'passionate female vocal', 'crushed', 'groovy bass guitar', 'sustained synth pad melody', 'energetic', 'powerful', 'manic', 'aggressive']",energetic
val,pop,C:\Users\user\Downloads\gnn_bert_music_context\data\processed\graphs\pop\pop.00054.pkl,C:\Users\user\Downloads\gnn_bert_music_context\data\processed\features\pop\pop.00054.npy,06Brdf83RZE,30,40,This is a teen pop music piece. There is a teen female vocalist singing melodically. The main tune is being played by the acoustic guitar. There is a bass guitar playing in the background. The electronic drums provide the rhythmic background. The piece has an easygoing atmosphere. This piece could be an opening theme for a teenage drama movie/TV show. It could also be playing in the background at a clothing store.,"['teen pop', 'teen female vocal', 'melodic singing', 'acoustic guitar', 'bass guitar', 'electronic drums', 'repeated theme', 'easygoing']",calm
val,country,C:\Users\user\Downloads\gnn_bert_music_context\data\processed\graphs\country\country.00089.pkl,C:\Users\user\Downloads\gnn_bert_music_context\data\processed\features\country\country.00089.npy,qDSvHlHbAqM,60,70,"A female vocalist sings this sweet Country song. The music is fast with lively banjo, mandolin, acoustic guitar , dobro and Auto harp harmony, steady bass and rhythmic drumming . The song is emotional, sentimental, pensive, reflective, with a catchy beat. This song is classic Country Pop.","['female singer', 'fast tempo', 'country music', 'emotional', 'sentimental', 'reflective lyrics', 'pensive', 'catchy melody', 'emphatic vocals', 'auto harp', 'dog barking sound', 'banjo', 'mandolin', 'fiddle', 'love song', 'country pop', 'country hits', 'regional music', 'dobro', 'resonator']",energetic
val,hiphop,C:\Users\user\Downloads\gnn_bert_music_context\data\processed\graphs\hiphop\hiphop.00057.pkl,C:\Users\user\Downloads\gnn_bert_music_context\data\processed\features\hiphop\hiphop.00057.npy,9YnYlDFKn-U,30,40,"Live, amateur recording of record scratching over an instrumental old-school hip hop beat.","['record scratching', 'old-school hip hop', 'amateur recording', 'live recording', 'instrumental']",neutral
val,pop,C:\Users\user\Downloads\gnn_bert_music_context\data\processed\graphs\pop\pop.00010.pkl,C:\Users\user\Downloads\gnn_bert_music_context\data\processed\features\pop\pop.00010.npy,yO7MWuJ7zLA,30,40,"The low quality recording features a pop song that consists of passionate male vocal singing over punchy ""4 on the floor"" kick pattern, groovy accordion melody, wide tinny hi hats, claps and groovy bass. In the second half of the loop, the instrumental consists of claps, ""4 on the floor"" kick pattern without the bass, soft crash cymbal, addictive synth melody and wide chicken clucking sound effect. There is a sweep riser at the very end of the loop. It sounds fun and happy, like something kids would listen to.","['fun', 'happy', 'tinny hi hats', 'punchy ""4 on the floor"" kick pattern', 'clapping', 'groovy accordion melody', 'addictive synth melody', 'sweep riser', 'soft crash cymbal', 'groovy bass', 'wide chicken clucking sound effect', 'passionate male vocal', 'pop', 'low quality']",romantic
val,hiphop,C:\Users\user\Downloads\gnn_bert_music_context\data\processed\graphs\hiphop\hiphop.00008.pkl,C:\Users\user\Downloads\gnn_bert_music_context\data\processed\features\hiphop\hiphop.00008.npy,m4Dj_vTsAt0,30,40,"The low quality recording features a hip hop song that consists of synth keys melody, punchy kick, punchy muffled snare, shimmering open hat and shakers and short toms roll. It sounds groovy and easygoing, like something you would listen to when riding a car.","['low quality', 'hip hop', 'synth keys melody', 'punchy kick', 'shimmering shakers', 'punchy muffled snare', 'shimmering open hat', 'short toms roll', 'groovy', 'easygoing']",energetic
val,hiphop,C:\Users\user\Downloads\gnn_bert_music_context\data\processed\graphs\hiphop\hiphop.00098.pkl,C:\Users\user\Downloads\gnn_bert_music_context\data\processed\features\hiphop\hiphop.00098.npy,JL9Xxzf9e2A,30,40,"This music is an Electronic instrumental. The tempo is fast with synthesiser arrangements. It has an incessant, burgeoning rhythm. The music is youthful , captivating, psychedelic, trippy, groovy, trance EDM/Synth Pop.","['instrumental', 'fast tempo', 'electronic music', 'dance groove', 'burgeoning', 'edm', 'synthesiser articulation', 'psychedelic', 'trippy', 'trance', 'trap music', 'incessant rhythm', 'captivating', 'vigorous', 'intense', 'dense', 'suspenseful', 'critical', 'dance music', 'club music', 'ambient']",energetic
val,blues,C:\Users\user\Downloads\gnn_bert_music_context\data\processed\graphs\blues\blues.00052.pkl,C:\Users\user\Downloads\gnn_bert_music_context\data\processed\features\blues\blues.00052.npy,19Pp9QEw17U,30,40,This is the recording of a slide guitar lesson. There is a male instructor playing blues on the steel guitar while speaking and breathing over his performance at the same time.,"['slide guitar lesson', 'blues', 'male voice', 'speaking', 'breathing']",neutral
val,country,C:\Users\user\Downloads\gnn_bert_music_context\data\processed\graphs\country\country.00055.pkl,C:\Users\user\Downloads\gnn_bert_music_context\data\processed\features\country\country.00055.npy,adYFXYPqo2M,30,40,"This is a country music piece. There is a male vocalist singing in a preaching manner. The melody is being played by a violin, a banjo and an electric guitar while an upright bass is playing in the background. The rhythmic background consists of an accentuated acoustic drum beat. The atmosphere is lively and hard-hitting. This piece could be used in the soundtrack of a historical crime movie taking place in the US.","['country music', 'male vocal', 'preach-like singing', 'violin', 'banjo', 'electric guitar', 'upright bass', 'acoustic drums', 'lively', 'hard-hitting']",energetic
val,country,C:\Users\user\Downloads\gnn_bert_music_context\data\processed\graphs\country\country.00069.pkl,C:\Users\user\Downloads\gnn_bert_music_context\data\processed\features\country\country.00069.npy,wT2Y0DCq5LI,30,40,"This is an American folk music piece. There is a male vocal singing melodically as the lead and there is a male back vocal accompanying the lead in different harmonies. The melody is composed of a rich amalgam of chordophones such as the fiddle, the acoustic guitar, the bass guitar and the banjo. The atmosphere is easygoing but melancholic. This piece could be playing in the background at an American diner or a pub. It could also work well in the soundtrack of a movie taking place in rural USA.","['american folk music', 'country', 'male vocal', 'male back vocal', 'folk singing', 'fiddle', 'acoustic guitar', 'banjo', 'bass guitar', 'cozy', 'easygoing', 'melancholic', 'slow tempo']",calm
val,country,C:\Users\user\Downloads\gnn_bert_music_context\data\processed\graphs\country\country.00067.pkl,C:\Users\user\Downloads\gnn_bert_music_context\data\processed\features\country\country.00067.npy,nJ3tuDmcdTs,30,40,This song contains someone playing an accordion melody and chords along with an acoustic guitar strumming the same chords. Someone is playing an acoustic instrument while a male voice is singing in a higher key. This song may be playing in the countryside.,"['folkmusic', 'accordion', 'acoustic guitar', 'male singer', 'higher pitch', 'percussion', 'medium to uptempo', 'amateur recording', 'cheerful atmosphere']",energetic
val,country,C:\Users\user\Downloads\gnn_bert_music_context\data\processed\graphs\country\country.00015.pkl,C:\Users\user\Downloads\gnn_bert_music_context\data\processed\features\country\country.00015.npy,CHufyCHSF1U,30,40,"The low quality recording features an uptempo country song sung by passionate male vocalists, followed by acoustic rhythm guitar and electric guitar melody. It sounds really bad and imbalanced, as the left channel is louder than the right.","['low quality', 'country', 'acoustic rhythm guitar', 'passionate male vocal', 'compressed', 'electric guitar melody', 'uptempo']",romantic
val,reggae,C:\Users\user\Downloads\gnn_bert_music_context\data\processed\graphs\reggae\reggae.00074.pkl,C:\Users\user\Downloads\gnn_bert_music_context\data\processed\features\reggae\reggae.00074.npy,Xaq-segSEsQ,160,170,"A male vocalist sings this energetic Nigerian song. The tempo is fast and upbeat with keyboard harmony and Afro beats of conga, clave, drums and akuba. The music is upbeat, catchy, spirited, energetic, youthful and pulsating with a dance groove. This song is a Reggae song.","['male singer', 'fast tempo', 'nigerian music', 'world music', 'propulsive percussion', 'upstroke rhythm guitar', 'dominant music', 'pleasant', 'catchy', 'youthful', 'dance groove', 'happy', 'cheerful', 'carefree', 'conga', 'clave', 'akuba', 'bright drumming', 'reggae', 'ugandan song', 'foreign language', 'afro beats', 'reggae', 'inspirational', 'reflective']",energetic
val,pop,C:\Users\user\Downloads\gnn_bert_music_context\data\processed\graphs\pop\pop.00000.pkl,C:\Users\user\Downloads\gnn_bert_music_context\data\processed\features\pop\pop.00000.npy,5h5NdW6cYY0,30,40,This slow pop song features a male voice singing the main melody. The voice is emotional. This is accompanied by a piano playing chords in the background. A synth plays a repetitive two note phrase in this song. There is no percussion in this song. The mood of this song is romantic. There are no other instruments in this song. This song can be played in a dreamy sequence in a romantic movie.,"['slow pop song', 'male voice', 'piano song', 'no percussion', 'emotional voice', 'romantic song', 'slow tempo', 'repetitive synth melody', 'no other instruments', 'minimal instruments']",calm
val,classical,C:\Users\user\Downloads\gnn_bert_music_context\data\processed\graphs\classical\classical.00022.pkl,C:\Users\user\Downloads\gnn_bert_music_context\data\processed\features\classical\classical.00022.npy,RFbWkL818XQ,30,40,Two banjo players trade solos in this instrumental song. The song is medium tempo with banjos playing in a call and response manner and no other instrumentation. The song is energetic and has a middle eastern classical music vibe. The audio quality is average and recorded at Jo e.,"['banjo players', 'instrumental duet', 'average audio quality', 'harmony', 'home video recording', 'banjo band', 'youthful', 'classical music', 'clean tones', 'mysterious', 'folk music', 'instrumental music', 'medium tempo', 'banjo playing demonstration', 'no percussion instruments', 'powerful', 'strong tones', 'music practice', 'no other instrumentation']",energetic
val,reggae,C:\Users\user\Downloads\gnn_bert_music_context\data\processed\graphs\reggae\reggae.00054.pkl,C:\Users\user\Downloads\gnn_bert_music_context\data\processed\features\reggae\reggae.00054.npy,Euu6zlJQSD0,30,40,This is a dancehall music piece. There is a male vocalist singing with a Jamaican accent. An electric guitar and a bass guitar are playing the melody in the background while occasional keyboard notes can be heard. The rhythmic background is provided by the mild tempo basic 4/4 played on the acoustic drums. There is an echo delay effect on the snare drum every now and then. The atmosphere of the piece is chill and groovy. This piece could be playing through loudspeakers at a beach. It could also suit well at a summer barbecue party.,"['dancehall', 'reggae', 'male vocal', 'jamaican accent', 'electric guitar', 'keyboard', 'bass guitar', 'acoustic drums', 'chill', 'groovy', 'hip', 'tropical']",neutral
val,pop,C:\Users\user\Downloads\gnn_bert_music_context\data\processed\graphs\pop\pop.00085.pkl,C:\Users\user\Downloads\gnn_bert_music_context\data\processed\features\pop\pop.00085.npy,YZH-PZBir3E,0,10,"This is a house remix of a pop music piece. The female vocal from the original track is being repeated as a sample. There is a strong bass and a loud electronic drum beat in the background. The piece is upbeat and energetic. It could be played at nightclubs, dance clubs and DJ performances.","['house', 'dance pop', 'remix', 'female vocal', 'repeated sample', 'strong bass', 'loud electronic drums', 'upbeat', 'energetic', 'danceable']",energetic
val,hiphop,C:\Users\user\Downloads\gnn_bert_music_context\data\processed\graphs\hiphop\hiphop.00092.pkl,C:\Users\user\Downloads\gnn_bert_music_context\data\processed\features\hiphop\hiphop.00092.npy,hgJK2ZDgWtU,60,70,This is the recording of a DJ performance. The DJ is performing on a turntable using the scratching technique. The beat in the background has a repeating male vocal sample and a groovy bass sound. The rhythmic background consists of an electronic drum beat. The atmosphere is urban. This piece could be used in the soundtrack of a teenage drama TV series that takes place in the ghettos of a big city.,"['dj performance', 'turntable', 'scratching', 'hip-hop', 'male vocal sample', 'groovy bass line', 'electronic drums', 'hip', 'urban']",neutral
val,blues,C:\Users\user\Downloads\gnn_bert_music_context\data\processed\graphs\blues\blues.00059.pkl,C:\Users\user\Downloads\gnn_bert_music_context\data\processed\features\blues\blues.00059.npy,CKEPPcaCjbw,60,70,solo electric guitar music with a clean tone. The guitar is slightly out of tune. The music mostly consists of single notes as opposed to chords. The guitar plays blues licks.,"['solo electric guitar', 'clean tone', 'out of tune', 'blues licks', 'single notes']",calm
val,pop,C:\Users\user\Downloads\gnn_bert_music_context\data\processed\graphs\pop\pop.00048.pkl,C:\Users\user\Downloads\gnn_bert_music_context\data\processed\features\pop\pop.00048.npy,hYy0na5oUzE,130,140,"This is a latin pop music piece with a salsa beat. There is a male vocalist singing melodically in the lead. The melody is being played by an orchestra composed of the trumpet, the piano and the bass guitar. The rhythmic background is provided by a mild acoustic drum beat with heavy use of latin percussive elements. The piece has a sensual atmosphere. This music could go well in a Latin American soap opera soundtrack where there is a hopeless situation for one of the characters.","['latin pop music', 'salsa', 'male vocal', 'melodic singing', 'trumpet', 'acoustic drums', 'piano', 'bass guitar', 'latin percussion', 'sensual', 'slow tempo']",calm
val,hiphop,C:\Users\user\Downloads\gnn_bert_music_context\data\processed\graphs\hiphop\hiphop.00012.pkl,C:\Users\user\Downloads\gnn_bert_music_context\data\processed\features\hiphop\hiphop.00012.npy,4QES-SJ7mP0,210,220,"A four chord modern hip hop/ R&B production featuring synthesizer pads, electronic drums, a female vocalist in a minor key.","['r&b', 'synthesizer pad', 'electronic drums', 'female vocalist', 'hip hop', 'minor key', 'modern production', 'four chord']",neutral
val,reggae,C:\Users\user\Downloads\gnn_bert_music_context\data\processed\graphs\reggae\reggae.00049.pkl,C:\Users\user\Downloads\gnn_bert_music_context\data\processed\features\reggae\reggae.00049.npy,03z0rpIkm5g,30,40,"The low quality recording features a reggae/dub song that consists of a flat male vocal singing over punchy 808 bass, punchy snare, shimmering hi hats and groovy piano chords. It sounds energetic, groovy and the recording is noisy and in mono - due to the fact that the sound is coming from the right channel only.","['low quality', 'reggae/dub', 'mono', 'noisy', 'flat male vocal', 'punchy 808 bass', 'punchy snare', 'shimmering hi hats', 'groovy piano chords', 'energetic', 'addictive']",energetic
val,rock,C:\Users\user\Downloads\gnn_bert_music_context\data\processed\graphs\rock\rock.00023.pkl,C:\Users\user\Downloads\gnn_bert_music_context\data\processed\features\rock\rock.00023.npy,zTuxNA1y6Os,80,90,This audio contains a male voice singing in a higher pitch along to acoustic drums with an e-bass playing a melody. The e-guitar also follows that bassline. Another e-guitar is strumming chords in a higher key in the background. This song may be playing in a music video telling a story.,"['rock', 'acoustic drums', 'e-guitars', 'e-bass', 'male voice singing', 'higher pitch', 'medium tempo']",neutral
val,country,C:\Users\user\Downloads\gnn_bert_music_context\data\processed\graphs\country\country.00054.pkl,C:\Users\user\Downloads\gnn_bert_music_context\data\processed\features\country\country.00054.npy,fWfQxB2pVrc,30,40,This folk song features a harmonica playing the main melody. This is accompanied by an acoustic guitar strumming chords. There are no other instruments in this song. This is an instrumental song. There are no voices in this song. The mood of this song is upbeat and happy. This song can be played in a movie scene involving a highway drive.,"['harmonica', 'acoustic guitar', 'country song', 'folk song', 'no voices', 'instrumental', 'no percussion', 'no other instruments', 'moderate tempo', 'upbeat']",energetic
val,pop,C:\Users\user\Downloads\gnn_bert_music_context\data\processed\graphs\pop\pop.00096.pkl,C:\Users\user\Downloads\gnn_bert_music_context\data\processed\features\pop\pop.00096.npy,5Tq56BN8PCQ,60,70,"A female singer sings this lilting melody. The song is medium tempo with an acoustic guitar accompaniment, strong bass line, steady rhythm and piano accompaniment. The song has a bad audio quality. The song is emotional and nostalgic in nature.","['female singer', 'bad audio quality', 'medium tempo', 'strong bass line', 'guitar accompaniment', 'pop song', 'vibrato', 'piano accompaniment', 'string section harmony', 'old classics', 'retro hits', 'story telling', 'inspiring', 'motivational', 'emotional', 'romantic', 'nostalgia']",sad
val,classical,C:\Users\user\Downloads\gnn_bert_music_context\data\processed\graphs\classical\classical.00011.pkl,C:\Users\user\Downloads\gnn_bert_music_context\data\processed\features\classical\classical.00011.npy,Emc18GpAeRY,80,90,"A male vocalist sings this traditional Carnatic vocals. The song is medium tempo with a violin accompaniment, tabla and mridangam playing percussion. The song is energetic and passionate and highlights the traditional Carnatic music art form. The audio quality is bad.","['carnatic music', 'male vocalist', 'medium tempo', 'tabla', 'energetic', 'passionate', 'indian classical music', 'bad audio quality', 'live performance', 'live audience', 'passionate', 'spirited', 'exciting', 'mridangam percussion', 'carnatic vocals']",energetic
val,reggae,C:\Users\user\Downloads\gnn_bert_music_context\data\processed\graphs\reggae\reggae.00026.pkl,C:\Users\user\Downloads\gnn_bert_music_context\data\processed\features\reggae\reggae.00026.npy,Fsm-xDmyFKg,30,40,An acoustic drum is playing a fast groove with a kick-hit on every beat. The snare hit is full of reverb and panned to the right side of the speaker. A loud e-bass is playing a melody along with a clean e-guitar. A piano is playing a chord progression also adding a rhythmic element to the song. The male voice is singing in the mid range and gets support from backing voices that are barely noticeable. This song may be playing at a headshop.,"['reggae', 'acoustic drums', 'piano', 'e-guitar', 'e-bass', 'male voice singing', 'sound-effects', 'backing vocals', 'uptempo']",energetic
val,country,C:\Users\user\Downloads\gnn_bert_music_context\data\processed\graphs\country\country.00023.pkl,C:\Users\user\Downloads\gnn_bert_music_context\data\processed\features\country\country.00023.npy,HYjSrwSm0T4,250,260,"This song contains three guitars playing chords, and two melodies while one of the guitars stands out to be playing the main melody. The guitars are panned to the left and the right side of the speakers. An e-bass is playing a walking line that repeats itself. Different percussive instruments are panned to the left and right side of the speakers. There are some noises of doors opening and closing that I think do not belong to the musical composition and they sound in the foreground. This song may be playing in a house in the countryside.","['latin/spanisch', 'folklore/country', 'acoustic guitars', 'percussion', 'foreground-noises', 'e-bass', 'mood elevating', 'medium tempo']",neutral
val,jazz,C:\Users\user\Downloads\gnn_bert_music_context\data\processed\graphs\jazz\jazz.00033.pkl,C:\Users\user\Downloads\gnn_bert_music_context\data\processed\features\jazz\jazz.00033.npy,S0W_zIUYwrE,30,40,"The low quality recording features a live performance of a jazz big bend that consists of passionate trumpet melody, over groovy double bass, shimmering cymbals and mellow piano chords. It sounds reverberant, happy, passionate and fun. The recording is a bit noisy and the sound is leaning towards the right channel, which makes the stereo image unbalanced.","['low quality', 'noisy', 'live performance', 'unbalanced stereo', 'reverberant', 'passionate trumpet melody', 'jazz', 'big bend', 'shimmering cymbals', 'mellow piano chords', 'groovy double bass', 'passionate', 'happy', 'fun']",romantic
val,metal,C:\Users\user\Downloads\gnn_bert_music_context\data\processed\graphs\metal\metal.00002.pkl,C:\Users\user\Downloads\gnn_bert_music_context\data\processed\features\metal\metal.00002.npy,NJGo2fmUAII,250,260,"This music is instrumental. The tempo is fast with vigorous electric guitar feedback, hard hitting drums, amplified keyboard harmony and bass guitar. The music is loud, aggressive, boisterous, vital, persistent and high-powered. This music is a Heavy Metal Instrumental.","['instrumental', 'fast tempo', 'intense', 'loud', 'sonic power', 'amplified guitar', 'powerful', 'electrifying', 'pulsating', 'throbbing', 'aggressive', 'urgency', 'danger', 'harsh', 'steel guitar', 'vital', 'persistent', 'boisterous', 'heavy metal', 'hard rock', 'loud electric guitar feedback', 'vibrations', 'impactful', 'hard hitting drums', 'amplified keyboard harmony']",energetic
val,blues,C:\Users\user\Downloads\gnn_bert_music_context\data\processed\graphs\blues\blues.00082.pkl,C:\Users\user\Downloads\gnn_bert_music_context\data\processed\features\blues\blues.00082.npy,rLBGxAj9D14,70,80,"This music is an upbeat instrumental . The tempo is fast with a funky harmonica melody leading to a pre-recorded track with infectious drumming, double bass and keyboard harmony. The track is muffled and incoherent. The music is. Catchy, lively, cheerful, perky, funky, happy, vivacious, vibrant and groovy. This music is a Blues Boogie instrumental.","['instrumental', 'fast tempo', 'harmonica melody', 'french harp', 'mouth organ', 'wind instrument', 'blues', 'boogie', 'double bass', 'boogie woogie', 'expressive', 'bebop', 'infectious drum', 'keyboard harmony', 'pre recorded background track', 'groovy bass', 'funky harmonica lead', 'rock and roll', 'muffled accompanying music', 'lively', 'energetic', 'catchy', 'upbeat', 'lively', 'dance groove', 'repetitive groove', 'boogie']",energetic
val,classical,C:\Users\user\Downloads\gnn_bert_music_context\data\processed\graphs\classical\classical.00043.pkl,C:\Users\user\Downloads\gnn_bert_music_context\data\processed\features\classical\classical.00043.npy,1WlvXneu6oY,30,40,"The song is instrumental music. The song is medium tempo with just a piano playing pensively and no other instrumentation. The song is emotional and poignant. The song is a western classical masterpiece, but with bad audio quality issues.","['western classical music', 'poor audio quality', 'poor audio quality', 'western classical masterpieces', 'piano playing', 'love song', 'forever classics', 'poignant', 'melancholic', 'winter', 'classic composers', 'conductor', 'piano solo', 'emotional', 'medium tempo', 'dynamics', 'instrumental music', 'in love', 'dance like', 'lullaby']",sad
val,hiphop,C:\Users\user\Downloads\gnn_bert_music_context\data\processed\graphs\hiphop\hiphop.00051.pkl,C:\Users\user\Downloads\gnn_bert_music_context\data\processed\features\hiphop\hiphop.00051.npy,_43OOP6UEw0,30,40,This is a rap music piece played behind a rollerskating video. The sound of the skaters can be heard faintly throughout the recording. There is a male voice rapping at the forefront while other voices can be heard singing melodically in the background and ad-libbing occasionally. There is a mild keyboard playing the tune while a loud electronic drum beat is playing the rhythm. The atmosphere of this piece is groovy and urban.,"['rap music', 'hip-hop', 'male vocals', 'rapping', 'ad-lib', 'keyboard', 'electronic drums', 'aggressive', 'loud', 'groovy', 'urban sounds', 'skating', 'medium tempo']",energetic
val,classical,C:\Users\user\Downloads\gnn_bert_music_context\data\processed\graphs\classical\classical.00033.pkl,C:\Users\user\Downloads\gnn_bert_music_context\data\processed\features\classical\classical.00033.npy,0nk7utNkHOY,190,200,"This music is a western classical instrumental. The tempo is slow with a cello solo. The music is soft, rich, deep, mellow, euphonious, pensive, melancholic, emotional and sentimental.","['instrumental', 'slow tempo', 'orchestra', 'violin symphony', 'pensive', 'melancholy', 'nostalgic', 'soft', 'cello', 'viola', 'violins', 'string instruments', 'bow stringed instruments', 'melodic', 'euphonious', 'fiddle', 'deep sound', 'rich', 'vibrant', 'low pitch', 'western classical', 'classical music', 'engaging', 'captivating', 'enthralling']",calm
val,country,C:\Users\user\Downloads\gnn_bert_music_context\data\processed\graphs\country\country.00010.pkl,C:\Users\user\Downloads\gnn_bert_music_context\data\processed\features\country\country.00010.npy,P25JeM4lPGw,30,40,"The low quality recording features a live performance of a folk/country song that consists of flat female vocal singing over smooth double bass, groovy acoustic rhythm guitar, violins melody and groovy snare rhythm. It sounds a bit noisy and roomy, as it was probably recorded with a stereo microphone technique, but also energetic, uptempo and groovy.","['low quality', 'flat female vocal', 'groovy snare', 'smooth double bass', 'groovy acoustic rhythm guitar', 'violins melody', 'live performance', 'groovy', 'folk/country', 'stereo microphone technique', 'uptempo', 'energetic']",energetic
val,blues,C:\Users\user\Downloads\gnn_bert_music_context\data\processed\graphs\blues\blues.00023.pkl,C:\Users\user\Downloads\gnn_bert_music_context\data\processed\features\blues\blues.00023.npy,kkOGbgGJLF4,170,180,A male vocalist sings this  spirited song. The tempo is medium fast with an acoustic and electric guitar flourish with a bass cello. This bit is the end of the song as the musician plays a closing riff and the sound of clapping and cheering can be heard. This song is an enthusiastic live performance of an energetic Soft Rock.,"['male vocalist', 'medium fast tempo', 'song end', 'closing riff', 'live performance', 'concert', 'live audience', 'gig', 'stage performance', 'cheering clapping', 'acoustic guitar', 'electric guitar', 'cello', 'southern rock', 'blues', 'rock', 'contemporary', 'soft rock', 'enthusiastic', 'energetic', 'performer', 'artist']",energetic
val,reggae,C:\Users\user\Downloads\gnn_bert_music_context\data\processed\graphs\reggae\reggae.00015.pkl,C:\Users\user\Downloads\gnn_bert_music_context\data\processed\features\reggae\reggae.00015.npy,v1EDTMRmJlY,160,170,"The low quality recording features a reggae song that consists of passionate male vocal singing over offbeat, widely spread guitar chords, groovy bass, punchy kick hits, punchy snare hits layered with claps, bouncy wooden percussions and echoing brass melody. It gives off happy and fun vibes - as every reggae song should.","['low quality', 'reggae', 'passionate male vocal', 'offbeat wide electric guitar chords', 'groovy bass', 'punchy kick', 'punchy snare', 'claps', 'bouncy wooden percussions', 'echoing brass melody', 'energetic', 'happy', 'fun']",energetic
val,blues,C:\Users\user\Downloads\gnn_bert_music_context\data\processed\graphs\blues\blues.00057.pkl,C:\Users\user\Downloads\gnn_bert_music_context\data\processed\features\blues\blues.00057.npy,rrAIuGMTqtA,260,270,"This is a recording of an electric guitar, first with a chord being strummed and allowed to ring out, then with licks being played. The guitarist plays a blues lick with the guitar producing a clean and compressed tone.","['electric guitar', 'sustained chord strum', 'blues licks', 'chord ringing out', 'bright blues lick']",neutral
val,rock,C:\Users\user\Downloads\gnn_bert_music_context\data\processed\graphs\rock\rock.00025.pkl,C:\Users\user\Downloads\gnn_bert_music_context\data\processed\features\rock\rock.00025.npy,GuYRF0no7hw,30,40,"The low quality recording features a rock song that consists of electric guitar chords, being played in a video game by plastic guitar, which makes plastic tapping noises. There are also some crowd cheering noises and the recording is very noisy overall.","['plastic tapping sounds', 'crowd cheering', 'low quality', 'noisy', 'rock', 'electric guitar chords', 'video game']",neutral
val,classical,C:\Users\user\Downloads\gnn_bert_music_context\data\processed\graphs\classical\classical.00032.pkl,C:\Users\user\Downloads\gnn_bert_music_context\data\processed\features\classical\classical.00032.npy,m--xEFqqrLc,60,70,The song is an instrumental. The song is medium tempo with a tenor saxophone playing a lilting melody in legato style. The song has no other instrumentation support. The audio quality is very poor.,"['tenor sax', 'amateur play', 'legato playing', 'poor audio quality', 'saxophone lessons online', 'recital', 'vibrato style', 'instrumental music', 'no other instrumentation', 'sax tonguing', 'emotional', 'romantic', 'home video', 'bad audio quality', 'learner', 'youtube music video', 'sax cover', 'passionate', 'spirited', 'classical music', 'passionate', 'no percussions', 'medium tempo']",romantic
val,reggae,C:\Users\user\Downloads\gnn_bert_music_context\data\processed\graphs\reggae\reggae.00094.pkl,C:\Users\user\Downloads\gnn_bert_music_context\data\processed\features\reggae\reggae.00094.npy,ou3LJpAM4mk,80,90,This audio contains a digital reggaeton beat that uses some acoustic samples. In the background you can hear a soft bass playing along with the kick. A lot of male voices are rapping/speaking providing backing vocals that are spread across both sides of the speakers. This song may be playing at a party outside on the streets.,"['reggeaton', 'male voices rapping/talking', 'bass', 'digital drums', 'medium to uptempo']",energetic
val,jazz,C:\Users\user\Downloads\gnn_bert_music_context\data\processed\graphs\jazz\jazz.00090.pkl,C:\Users\user\Downloads\gnn_bert_music_context\data\processed\features\jazz\jazz.00090.npy,8oUI02eK3SM,30,40,This song contains a male voice singing in the midrange while backing voices are supported with vocals in the higher register. Someone is playing a complex jazzlike groove on the drums. An e-guitar is playing a loud arpeggio melody panned to the right side of the speakers along with an e-bass. This song may be playing live at a jazz festival.,"['funk/r&b/jazz', 'acoustic piano', 'e-bass', 'e-guitar', 'male voice singing', 'backing voices', 'uptempo']",energetic
val,metal,C:\Users\user\Downloads\gnn_bert_music_context\data\processed\graphs\metal\metal.00012.pkl,C:\Users\user\Downloads\gnn_bert_music_context\data\processed\features\metal\metal.00012.npy,ba3QPheW8mI,170,180,"The low quality recording features a compilation of mumbling male vocal, screaming male sound effect, glass shattering sound effects alongside metallic hits, male grunts and reverberant impact. The recording ends with the applause. In-between every single sound there is a loud static sound - which makes it sound like the channels are changing on a TV. It sounds chaotic and manic.","['low quality', 'loud static sound effect', 'mumbling vocal', 'male screaming', 'compilation', 'glass shattering sound effect', 'metal hits', 'tv', 'applause', 'reverberant impact', 'male grunts sound effect', 'manic', 'chaotic']",dark
val,pop,C:\Users\user\Downloads\gnn_bert_music_context\data\processed\graphs\pop\pop.00099.pkl,C:\Users\user\Downloads\gnn_bert_music_context\data\processed\features\pop\pop.00099.npy,jhQpTVVUQ9E,240,250,The instrumental contains digital drums repeating a simple groove that is mostly kick and snare that sounds like a strong clap. In the background synthesizer sounds playing melodies all over the place being panned to the left and right side of the speakers. Male voices singing in a higher key and overlapping each other. The bass sounds digital and soft. This song may be playing while practicing dancing.,"['r&b/pop', 'bass', 'keyboard strings', 'digital drums', 'higher register', 'male voices singing', 'slow tempo']",calm
val,metal,C:\Users\user\Downloads\gnn_bert_music_context\data\processed\graphs\metal\metal.00066.pkl,C:\Users\user\Downloads\gnn_bert_music_context\data\processed\features\metal\metal.00066.npy,7muzlOrbDu8,120,130,This is a cartoon theme in the style of alternative metal. There is a male lead vocal singing loudly while there are male back vocals singing more melodically. The distorted electric guitars and heavy bass guitar are playing an aggressive tune. The rhythmic background is provided by an acoustic drum beat just as aggressive. The atmosphere is energetic and action-filled. This piece can be used in the soundtrack of an action-based cartoon or a video game.,"['cartoon theme', 'alternative metal', 'ska punk', 'male lead vocal', 'male back vocals', 'distorted electric guitar', 'bass guitar', 'acoustic drums', 'aggressive', 'action-filled', 'energetic']",energetic
val,rock,C:\Users\user\Downloads\gnn_bert_music_context\data\processed\graphs\rock\rock.00020.pkl,C:\Users\user\Downloads\gnn_bert_music_context\data\processed\features\rock\rock.00020.npy,nTtxF9Wyw6o,30,40,This recording contains a rock song at the beginning with a sound effect of something crashing into rocks. Then a fast change comes and a big aggressive synthesizer sound is playing a low melody along with some sound-effects. This song may be playing as an intro to a tv-show.,"['rock', 'synthesizer sounds', 'sound effects']",energetic
val,rock,C:\Users\user\Downloads\gnn_bert_music_context\data\processed\graphs\rock\rock.00054.pkl,C:\Users\user\Downloads\gnn_bert_music_context\data\processed\features\rock\rock.00054.npy,0_XItMAYkwc,30,40,This song contains a simple acoustic drum groove with a cowbell sound. Two e-guitars and an e-bass are all playing the same melody spread across the speakers. Another e-guitar is strumming dissonant chords in the background panned to the left side of the speakers. Male voices are singing in a higher key. This song may be playing while cooking with joy.,"['rock/pop', 'e-guitars', 'e-bass', 'acoustic drums', 'male voices singing', 'higher register', 'uptempo']",energetic
val,jazz,C:\Users\user\Downloads\gnn_bert_music_context\data\processed\graphs\jazz\jazz.00073.pkl,C:\Users\user\Downloads\gnn_bert_music_context\data\processed\features\jazz\jazz.00073.npy,AlVr7-ntuqw,30,40,This jazz song is an instrumental song featuring a trombone playing the main melody. The trombone is accompanied by a piano playing chords using jazz rhythms. The tone changes at the end to an uplifting mood. There is no percussion in this song. This song can be used in a highway driving scene in a movie.,"['jazz song', 'trombone', 'piano', 'no percussion', 'no voice', 'instrumental', 'minimal instruments', 'moderate tempo', 'repetitive melody', 'uplifting mood']",happy
val,pop,C:\Users\user\Downloads\gnn_bert_music_context\data\processed\graphs\pop\pop.00032.pkl,C:\Users\user\Downloads\gnn_bert_music_context\data\processed\features\pop\pop.00032.npy,7_q36NyJtQY,70,80,"A female vocalist sings this romantic song in a foreign language that sounds like Spanish. The tempo is medium with a melodious guitar accompaniment, slick drumming, piano accompaniment, steady bass line and pandeireta rhythm. The song is soft, mellow, catchy, emotional and soothing. This song is a Folk Pop/Regional Pop song.","['female vocalist', 'medium tempo', 'regional pop', 'regional music', 'folk song', 'spanish song', 'latin song', 'spanish guitar harmony', 'groovy bass lines', 'slick drumming', 'latin music', 'piano accompaniment', 'pandeireta rhythm', 'romantic', 'mellifluous', 'soothing', 'mellow', 'world music', 'regional music', 'dance groove', 'vocal backup', 'mystic vibe']",calm
val,classical,C:\Users\user\Downloads\gnn_bert_music_context\data\processed\graphs\classical\classical.00040.pkl,C:\Users\user\Downloads\gnn_bert_music_context\data\processed\features\classical\classical.00040.npy,axb48YrvRmw,30,40,Classical music features a variety of string instruments that play a bright melody. The sound is big and orchestral. A clarinet plays a high-pitched melody in the foreground.  The atmosphere of the song is positive and happy.,"['classical music', 'strings', 'violins', 'clarinets', 'cello', 'happy', 'positive', 'orchestral', 'no vocals']",happy
val,blues,C:\Users\user\Downloads\gnn_bert_music_context\data\processed\graphs\blues\blues.00086.pkl,C:\Users\user\Downloads\gnn_bert_music_context\data\processed\features\blues\blues.00086.npy,p1-07VdP__Q,10,20,"This music is a Jazz instrumental. The tempo is slow with emphatic brass and wind instrumentation, with cello and jazz drumming. The trumpets are emphatic with a lively trombone riff. The other instruments add a rich, dense layer to the music. It is intense, complex, ambient, groovy and pleasant. This music is a Jazz instrumental.5.","['instrumental', 'slow tempo', 'trumpets', 'saxophone', 'emphatic', 'groovy', 'ambient', 'jazz', 'intense', 'elegant', 'jazz drumming', 'lively', 'polyrhythms', 'blues', 'swing', 'bass drum', 'trombone', 'cello', 'heavy bass line', 'syncopated melody', 'improvisation']",energetic
val,jazz,C:\Users\user\Downloads\gnn_bert_music_context\data\processed\graphs\jazz\jazz.00074.pkl,C:\Users\user\Downloads\gnn_bert_music_context\data\processed\features\jazz\jazz.00074.npy,dHDosntsNho,560,570,"A female singer sings in a huge arena live along with crowds singing along with  her in vocals. The song is medium tempo with steady drumming rhyme and giant drum rolls, violin playing solo, a brass band section  and orchestra playing along. The song is energetic, cheerful and highly popular. The audio quality is very poor with heavy ambient crowd noises.","['live performance', 'female singer', 'bad audio quality', 'syncopated rhythms', 'medium tempo', 'pop music', 'huge arena', 'crowds sing along', 'live audience', 'diva', 'memdium tempo', 'orchestra plays', 'violin solo', 'horn section', 'brass band', 'percussion hits', 'big show', 'jazz music show', 'pop music', 'big stage', 'big band plays']",energetic
val,reggae,C:\Users\user\Downloads\gnn_bert_music_context\data\processed\graphs\reggae\reggae.00024.pkl,C:\Users\user\Downloads\gnn_bert_music_context\data\processed\features\reggae\reggae.00024.npy,wXWpkfGfZD8,30,40,This is an electronic DJ set in the style of Jamaican reggae music. There is a DJ performing over a track that has a groovy beat being played by the electric guitar and the electronic drums. There is a tropical atmosphere. Samples could be lifted from this recording to be used in the beat-making.,"['electronic', 'reggae', 'dub', 'dj', 'turntable', 'electric guitar', 'electronic drums', 'tropical', 'danceable', 'upbeat']",energetic
val,reggae,C:\Users\user\Downloads\gnn_bert_music_context\data\processed\graphs\reggae\reggae.00007.pkl,C:\Users\user\Downloads\gnn_bert_music_context\data\processed\features\reggae\reggae.00007.npy,sgwvhvkNELc,30,40,"A male vocalist sings this spirited song. The tempo is fast with keyboard harmony, piano accompaniment,groovy bass lines, digital drum and synthesiser arrangement. The song is catchy, enjoyable, youthful, energetic and vivacious with recurring and insistent rhythm and a dance groove. This song is a Reggae song.","['male singer', 'fast tempo', 'boomy bass lines', 'vibrant', 'enthusiastic', 'energetic', 'passionate', 'piano accompaniment', 'reggae', 'folk', 'jamaican folk', 'catchy vocal riff', 'keyboard harmony', 'repetitive rhythm', 'insistent', 'synthesiser arrangements', 'raspy vocals', 'upbeat', 'vibrant', 'enthusiastic', 'energetic', 'minimal instruments', 'electronic instruments', 'digital drum']",energetic
val,rock,C:\Users\user\Downloads\gnn_bert_music_context\data\processed\graphs\rock\rock.00063.pkl,C:\Users\user\Downloads\gnn_bert_music_context\data\processed\features\rock\rock.00063.npy,KE-TVQhdCbs,30,40,"A mid-tempo two chord vamp on a roots rock song. The music is instrumental, featuring a strummed acoustic guitar, drum set, electric guitar, and pedal steel. The feeling is melancholic.","['roots rock', 'acoustic guitar strumming', 'drum set', 'pedal steel', 'electric guitar', 'mid-tempo', 'vamp', 'melancholic', 'two chords']",sad
val,reggae,C:\Users\user\Downloads\gnn_bert_music_context\data\processed\graphs\reggae\reggae.00060.pkl,C:\Users\user\Downloads\gnn_bert_music_context\data\processed\features\reggae\reggae.00060.npy,DvN5813H7Bo,190,200,This is a reggae music piece. There is a male vocalist singing in a laid-back manner. The keyboard is playing the main tune. The electric guitar is being strummed in a staccato off-beat pattern. There is a groovy bass line being played by the bass guitar. The rhythmic background consists of a reggae acoustic drum beat. The atmosphere is chill and trippy. This piece could be used in the soundtrack of a romance movie with a tropical setting.,"['reggae', 'male vocal', 'laid-back singing', 'keyboard', 'electric guitar', 'bass guitar', 'acoustic drums', 'chill', 'trippy', 'groovy']",romantic
val,jazz,C:\Users\user\Downloads\gnn_bert_music_context\data\processed\graphs\jazz\jazz.00058.pkl,C:\Users\user\Downloads\gnn_bert_music_context\data\processed\features\jazz\jazz.00058.npy,7IndxxjZe1c,70,80,"70's jazz fusion featuring an eccentric male singer accompanied by drum kit, electric bass, electric piano and mallet percussion all playing odd meters and complex rhythms and staccato band hits. The music is quirky and complicated and features a drum fill.","['quirky', 'complicated', 'eccentric male vocalist', 'staccato band hits', 'drum fill', 'jazz fusion', ""70's"", 'odd meter', 'complex rhythms', 'electric piano', 'drums', 'electric bass', 'mallet percussion']",neutral
val,blues,C:\Users\user\Downloads\gnn_bert_music_context\data\processed\graphs\blues\blues.00074.pkl,C:\Users\user\Downloads\gnn_bert_music_context\data\processed\features\blues\blues.00074.npy,C-1i2GlbiIY,260,270,"A male vocalist sings this emotional R&B song. The tempo is slow with a melancholic piano accompaniment with drum machine arrangement. The song is an emotional , soulful, pensive, sentimental,melancholic, romantic love song. This song is a Soul/R&B.","['male vocalist', 'slow tempo', 'soft', 'mellow', 'minimalist', 'smooth jazz', 'blues', 'sad', 'poignant', 'ambient piano', 'drum machine', 'soul', 'r&b', 'love song', 'pensive', 'melancholy', 'nostalgic', 'emotional', 'sentimental']",sad
val,blues,C:\Users\user\Downloads\gnn_bert_music_context\data\processed\graphs\blues\blues.00063.pkl,C:\Users\user\Downloads\gnn_bert_music_context\data\processed\features\blues\blues.00063.npy,_wyELLqwF3w,30,40,"This is an instrumental piece with a harmonica as the main lead melodic instrument. High pitched, wobbly sounds are played on the harmonica and contrasted by a deep and full acoustic guitar on which arpeggios are played. There's a sustained pad synth in the background which adds to the overall calming and soothing tone of the song.","['harmonica', 'blues', 'acoustic guitar arpeggio', 'calm', 'pad synth', 'soothing']",calm
val,classical,C:\Users\user\Downloads\gnn_bert_music_context\data\processed\graphs\classical\classical.00064.pkl,C:\Users\user\Downloads\gnn_bert_music_context\data\processed\features\classical\classical.00064.npy,Di7Rs4QmYKI,150,160,This is a classical music piece that resembles the style of a march. It is an instrumental piece performed by a brass orchestra. The main theme is being played by the trombones while a bass line is played by the tuba. The tempo of the piece is slow and this creates an epic but solemn atmosphere. This piece would work perfectly as a movie music piece. It could be playing during the scenes of an important character dying.,"['classical music', 'march', 'instrumental', 'orchestra', 'brass', 'trombones', 'tuba', 'anthem', 'epic', 'solemn', 'melancholic', 'slow tempo', 'movie music']",calm
val,rock,C:\Users\user\Downloads\gnn_bert_music_context\data\processed\graphs\rock\rock.00058.pkl,C:\Users\user\Downloads\gnn_bert_music_context\data\processed\features\rock\rock.00058.npy,_yWsqs9FOnU,10,20,"This is an instrumental piece consisting of an electric guitar solo which is played with the tapping technique. There is a usage of complex chords and syncopations, essential characteristics of the progressive rock genre. The guitar has a clear tone.","['instrumental', 'progressive rock', 'electric guitar', 'solo', 'tapping', 'complex']",neutral
val,jazz,C:\Users\user\Downloads\gnn_bert_music_context\data\processed\graphs\jazz\jazz.00075.pkl,C:\Users\user\Downloads\gnn_bert_music_context\data\processed\features\jazz\jazz.00075.npy,6lPgzqrvHHw,280,290,"The low quality recording features a jazz orchestra live performance and it consists of synchronized brass melody played over energetic drums and groovy bass. The recording is vintage and therefore a bit noisy and in mono, but also passionate and upbeat. Sounds like something you would hear in old movies.","['low quality', 'noisy', 'mono', 'live performance', 'jazz orchestra', 'synchronized brass melody', 'vintage', 'energetic drums', 'groovy bass', 'passionate', 'upbeat']",energetic
val,metal,C:\Users\user\Downloads\gnn_bert_music_context\data\processed\graphs\metal\metal.00000.pkl,C:\Users\user\Downloads\gnn_bert_music_context\data\processed\features\metal\metal.00000.npy,UDTsCTLkZzc,90,100,"The low quality recording features an electro song being scratched by a DJ. The song consists of synth lead melody, punchy kick, claps, boomy bass and reverberant metallic impacts. It sounds groovy and energetic.","['electro', 'low quality', 'dj scratching', 'flat male vocal', 'synth lead melody', 'punchy kick', 'claps', 'boomy bass', 'energetic', 'reverberant metallic impact', 'groovy']",energetic
val,jazz,C:\Users\user\Downloads\gnn_bert_music_context\data\processed\graphs\jazz\jazz.00023.pkl,C:\Users\user\Downloads\gnn_bert_music_context\data\processed\features\jazz\jazz.00023.npy,lNg2y6SRZPo,220,230,"The song is an instrumental. The tempo is fast with trumpets playing percussively along with other brass instruments, piano accompaniment, groovy bass line  jazz drumming rhythm. The song is energetic and passionate. The song is a retro big band jazz classic with poor audio quality.","['instrumental music', 'jazz music', 'fast jazz drumming', 'energetic', 'passionate', 'retro jazz classics', 'jazz super hits', 'jazz legends', 'big band hits', 'trumpets playing percussively', 'fast tempo', 'piano accompaniment', 'fats jazz drumming', 'brass section harmony', 'groovy bass line', 'big band', 'poor audio quality', 'jazz band']",energetic
val,reggae,C:\Users\user\Downloads\gnn_bert_music_context\data\processed\graphs\reggae\reggae.00066.pkl,C:\Users\user\Downloads\gnn_bert_music_context\data\processed\features\reggae\reggae.00066.npy,chfTjqlrFQQ,30,40,"This song is a crossover of a reggae song with a soul song. This features a male voice singing the main melody. It starts off with the voice which is accompanied by the guitar, bass and percussion playing in the pause between lines. During the pause, a synth sound is played which is modulated by a ring modulator. After the pause, the voice starts the main melody. Trumpets play a melody. The bass and percussion continue to play with a reggae feel. Female backing voices sing vocables. This song is relaxing. This song can be played at the end of a war movie.","['reggae song', 'soul song', 'crossover song', 'male voice', 'guitar', 'reggae bassline', 'synth sounds', 'trumpets', 'simple percussion', 'female backing voices', 'slow tempo', 'emotional song']",calm
val,jazz,C:\Users\user\Downloads\gnn_bert_music_context\data\processed\graphs\jazz\jazz.00022.pkl,C:\Users\user\Downloads\gnn_bert_music_context\data\processed\features\jazz\jazz.00022.npy,NlCfScKw_Mk,30,40,Someone is playing a track from speakers. This song contains a strong e-bass playing a funky bassline along with a funky drum groove. Then a piano comes in playing a jazzy melody in one scale accompanied by a synth brass sound swelling into existence and playing a short rise before leaving again. This is an amateur recording but of decent audio-quality. This song may be playing in a jazzbar.,"['funk/jazz', 'e-bass', 'acoustic drum', 'piano', 'keyboard brass sound', 'uptempo', 'amateur recording']",energetic
val,pop,C:\Users\user\Downloads\gnn_bert_music_context\data\processed\graphs\pop\pop.00064.pkl,C:\Users\user\Downloads\gnn_bert_music_context\data\processed\features\pop\pop.00064.npy,RBniJk6GKK0,30,40,This song contains a female voice sample that is repeating itself. A digital drum is playing snare hits that are building up in speed along with synthesizer pads with a ping pong delay panning to both sides of the speaker along with other synth sounds rising up in pitch creating tension. This song may be playing in a techno club.,"['techno', 'pop', 'digital drums', 'female voice sample', 'synth pads/plucks', 'uptempo']",energetic
val,country,C:\Users\user\Downloads\gnn_bert_music_context\data\processed\graphs\country\country.00052.pkl,C:\Users\user\Downloads\gnn_bert_music_context\data\processed\features\country\country.00052.npy,9-R70gSqvrc,30,40,A full sounding male voice is singing mid range with kind of a radio effect on his voice. Two banjos are strumming chords with one playing the lead melody on top. One is panned to the right side of the speakers. An acoustic drum is playing a four on the floor groove with a kick on every beat and an e-bass is playing his own melody along. In the background you can hear the sound of a photo taken. This song may be playing in an advertisement for a product.,"['country/rock', 'banjo', 'male voice singing', 'mid-range', 'foto shot sound', 'acoustic drums', 'e-bass', 'uptempo']",energetic
val,hiphop,C:\Users\user\Downloads\gnn_bert_music_context\data\processed\graphs\hiphop\hiphop.00088.pkl,C:\Users\user\Downloads\gnn_bert_music_context\data\processed\features\hiphop\hiphop.00088.npy,SPeGy815lFQ,40,50,"This song contains a male voice repeating itself before continuing  with its melody. It sounds like running through a sampler along with an electric drum that seems to be programmed, repeating itself with a kick, snare and a very sharp sounding industrial hihat/ride sound. This recording is of poor sound-quality and may be playing at home building a song.","['sampled hiphop', 'sampler', 'male vocal sample', 'electronic drums', 'sharp industrial hihat', 'medium to uptempo']",energetic
val,jazz,C:\Users\user\Downloads\gnn_bert_music_context\data\processed\graphs\jazz\jazz.00035.pkl,C:\Users\user\Downloads\gnn_bert_music_context\data\processed\features\jazz\jazz.00035.npy,Mv90uA0tmgc,280,290,This is a video game theme in the style of jazz music. There is a male vocalist singing gibberish while imitating a brass instrument. The vibraphone is playing the main melody. There is a piano playing chords in a syncopated manner. The bass guitar is playing a groovy bass line. The rhythmic background consists of an acoustic jazz drum beat. The atmosphere is dreamy and cheerful. This piece could be playing in the soundtrack of an animation movie during a dream sequence.,"['video game theme', 'jazz', 'male vocal', 'gibberish singing', 'vibraphone', 'piano', 'upright bass', 'acoustic jazz drums', 'dreamy', 'complex', 'cheerful']",happy
val,rock,C:\Users\user\Downloads\gnn_bert_music_context\data\processed\graphs\rock\rock.00052.pkl,C:\Users\user\Downloads\gnn_bert_music_context\data\processed\features\rock\rock.00052.npy,0Gxn9FtaJFc,30,40,This is a rock music piece with a male vocal. The synth and the piano are playing the main melody in a minor scale while the bass guitar is supporting them in the background. The rhythm is played by acoustic drums although it is rather slow. The song has a sad atmosphere. It could be played in the background of emotional online content.,"['rock music', 'male vocal', 'synth', 'piano', 'bass guitar', 'acoustic drums', 'slow', 'melancholic']",sad
test,metal,C:\Users\user\Downloads\gnn_bert_music_context\data\processed\graphs\metal\metal.00053.pkl,C:\Users\user\Downloads\gnn_bert_music_context\data\processed\features\metal\metal.00053.npy,DaeJYtWgcoI,30,40,"The song is instrumental.The tempo is fast with a strong metal drumming rhythm, groovy bass line, cymbals crashing, guitar lead and guitar rhythm. The song is chaotic and energetic. The song has very poor audio quality.","['live band', 'very poor audio quality', 'ambient noises', 'chaotic harmony', 'bad recording', 'percussive bass line', 'metal band', 'college music festival', 'heavy metal drumming', 'guitar strumming', 'guitar lead', 'cymbals crashing', 'chaotic harmony', 'dissonant harmonies', 'groovy music', 'amateur band', 'youthful', 'energetic', 'spirited', 'teen spirit', 'instrumental music', 'fast tempo']",energetic
test,classical,C:\Users\user\Downloads\gnn_bert_music_context\data\processed\graphs\classical\classical.00046.pkl,C:\Users\user\Downloads\gnn_bert_music_context\data\processed\features\classical\classical.00046.npy,ua0hgl8fi0I,260,270,"The low quality recording features a live performance of a classical song that consists of sustained strings and flute melody. There are some chair crackling noises, as well as camera shuttering sounds. It sounds emotional and passionate, and the recording itself is noisy.","['low quality', 'noisy', 'sustained strings melody', 'chair crackling sounds', 'flute melody', 'classical', 'live performance', 'emotional', 'passionate', 'camera shuttering sounds']",romantic
test,jazz,C:\Users\user\Downloads\gnn_bert_music_context\data\processed\graphs\jazz\jazz.00068.pkl,C:\Users\user\Downloads\gnn_bert_music_context\data\processed\features\jazz\jazz.00068.npy,OeNTAUKZgKs,400,410,"This is a dub/jazz music piece. There is an electric guitar playing the main melody while a fat bass guitar is supporting it in the background. The rhythm is being played by a laid-back acoustic drum beat. The atmosphere is chill and trippy. This piece could be playing in the background at a dance club for a slow dance night. It could also be used in the soundtrack of a romance movie that takes place in the city, especially during intimate scenes.","['dub', 'jazz', 'reggae', 'electric guitar', 'bass guitar', 'acoustic drums', 'chill', 'groovy', 'trippy']",romantic
test,reggae,C:\Users\user\Downloads\gnn_bert_music_context\data\processed\graphs\reggae\reggae.00055.pkl,C:\Users\user\Downloads\gnn_bert_music_context\data\processed\features\reggae\reggae.00055.npy,msnm_tYXcYw,40,50,This audio contains someone playing a melody on steeldrums along to a backing track containing an e-bass playing a melody along with an e-guitar. A kick is being played on every beat. This song may be played on the streets by a busker.,"['amateur recording', 'reggae', 'backing track', 'e-bass', 'acoustic drums', 'steel drums', 'e-guitar', 'medium to uptempo']",energetic
test,rock,C:\Users\user\Downloads\gnn_bert_music_context\data\processed\graphs\rock\rock.00061.pkl,C:\Users\user\Downloads\gnn_bert_music_context\data\processed\features\rock\rock.00061.npy,idVCpQaByc4,70,80,This progressive rock song features male voices singing the chords of the song. This is followed by a male voice singing the main melody. The remaining male voices sing backing voices which are the arpeggiated chords of the song. A shaker is played at the beginning of the song. There are no other instruments. This song is at a moderate tempo. This is an amateur recording. The sounds of the crowd clapping and cheering are also heard in this clip.,"['acapella', 'male voices', 'shaker', 'no other instruments', 'progressive rock song', 'amateur recording', 'crowd clapping', 'crowd cheering']",neutral
test,classical,C:\Users\user\Downloads\gnn_bert_music_context\data\processed\graphs\classical\classical.00099.pkl,C:\Users\user\Downloads\gnn_bert_music_context\data\processed\features\classical\classical.00099.npy,7hKG33wkr0k,80,90,"The low quality recording features a classical orchestra music that consists of wide strings, pulsating woodwind melody, glissando harp melody and heartbeat low tom hits. It sounds spooky, vintage, haunting, suspenseful and intense, like something you would hear as background music in a movie.","['orchestra', 'low quality', 'pulsating woodwind melody', 'classical', 'glissando harp melody', 'spooky', 'wide strings melody', 'heartbeat low tom hits', 'vintage', 'movie score', 'suspenseful', 'intense', 'haunting']",dark
test,metal,C:\Users\user\Downloads\gnn_bert_music_context\data\processed\graphs\metal\metal.00073.pkl,C:\Users\user\Downloads\gnn_bert_music_context\data\processed\features\metal\metal.00073.npy,55qucu8Zs_I,90,100,"The low quality recording features a passionate female vocal, alongside harmonizing vocals, singing over wooden percussion, playing as the background music, while there are birds chirping, cows mooing and metallic impacts sounds. The recording is mono and noisy.","['low quality', 'mono', 'noisy', 'passionate female vocal', 'harmonizing vocals', 'wooden percussions', 'mooing cow sound', 'metallic impacts', 'birds chirping']",romantic
test,classical,C:\Users\user\Downloads\gnn_bert_music_context\data\processed\graphs\classical\classical.00002.pkl,C:\Users\user\Downloads\gnn_bert_music_context\data\processed\features\classical\classical.00002.npy,26HLgXWF-Co,30,40,This audio contains someone playing a classical melody on an acoustic guitar using fingerstyle. This audio is full of reverb. This song may be playing at a talent show.,"['amateur recording', 'classical', 'fingerstile acoustic guitar', 'fast tempo']",energetic
test,jazz,C:\Users\user\Downloads\gnn_bert_music_context\data\processed\graphs\jazz\jazz.00020.pkl,C:\Users\user\Downloads\gnn_bert_music_context\data\processed\features\jazz\jazz.00020.npy,AgtY6m-b3Gk,30,40,"This is an instrumental jazz improvisation piece with heavy bossa nova influences. There is an over-arching bossa nova syncopation not only being played by the acoustic drums in the backing track but also followed by the electric rhythm guitar and the bass guitar. The lead is a guitar solo being played by a gentle sounding electric guitar. Although there are complex chords and riffs, the general atmosphere is tranquil. This piece could be playing in the background of a restaurant. It could also be included in the soundtrack of a movie during serene scenery.","['jam', 'jazz', 'bossa nova', 'no singer', 'instrumental', 'electric guitar', 'guitar solo', 'bass guitar', 'acoustic drums', 'soft', 'sensual', 'tranquil']",calm
test,pop,C:\Users\user\Downloads\gnn_bert_music_context\data\processed\graphs\pop\pop.00020.pkl,C:\Users\user\Downloads\gnn_bert_music_context\data\processed\features\pop\pop.00020.npy,DMwvY--3XD0,30,40,This children's song features the voices of children singing the  main melody. This is accompanied by percussion playing a simple beat. A keyboard plays the sounds of a marimba to give this song a reggae feel. The bass plays the root notes followed by a run at every chord change. This song has a happy mood. This song can be played in a children's animation movie.,"[""children's song"", ""children's voice"", 'bass lick', 'keyboard music', 'simple percussion', 'pop song', 'reggae feel', 'moderate tempo']",happy
test,hiphop,C:\Users\user\Downloads\gnn_bert_music_context\data\processed\graphs\hiphop\hiphop.00015.pkl,C:\Users\user\Downloads\gnn_bert_music_context\data\processed\features\hiphop\hiphop.00015.npy,V9EFYFKlYbE,30,40,"This is a hip-hop dance music piece. There is a male vocalist who is singing in a flamboyant manner. There is an electric guitar playing the melody joined by a strong bass sound. There is a groovy, urban atmosphere. This piece can be used as an accompaniment piece in modern dancing courses.","['hip-hop', 'dance music', 'shuffle', 'male vocal', 'flamboyant singing', 'electric guitar', 'bass', 'electronic drums', 'playful', 'groovy', 'hip', 'urban', 'energetic']",energetic
test,classical,C:\Users\user\Downloads\gnn_bert_music_context\data\processed\graphs\classical\classical.00077.pkl,C:\Users\user\Downloads\gnn_bert_music_context\data\processed\features\classical\classical.00077.npy,qsFfUzErXqw,140,150,"The song is instrumental. The tempo is medium with sitars and other stringed instruments playing in unison, tabla percussions and a harmonium playing the lead. The song is a classic hindustaani instrumental.","['instrumental music', 'harmonium solo', 'traditional indian instruments', 'indian classical music', 'tabla playing percussively', 'sitar accompaniment', 'y traditional indian instruments', 'groovy rhythm', 'exciting', 'instruments in unison', 'dance rhythm', 'ancient traditional music', 'passionate', 'live concert', 'live audience', 'medium tempo', 'hindustaani music']",romantic
test,blues,C:\Users\user\Downloads\gnn_bert_music_context\data\processed\graphs\blues\blues.00037.pkl,C:\Users\user\Downloads\gnn_bert_music_context\data\processed\features\blues\blues.00037.npy,imIFtW4O5S0,30,40,This song contains someone playing a blues melody on the acoustic piano along with an e-guitar and an e-bass. The acoustic drums are playing a constant rhythm while male deep voice is backed by higher sounding male voices singing harmonies along with him. Then a male voice starts talking that seems not to be part of the musical composition. This song may be playing in a cafe.,"['gospel/blues', 'male voices singing', 'low to higher register', 'male voice talking', 'acoustic piano', 'e-bass', 'acoustic drums', 'e-guitar', 'uptempo']",energetic
test,blues,C:\Users\user\Downloads\gnn_bert_music_context\data\processed\graphs\blues\blues.00002.pkl,C:\Users\user\Downloads\gnn_bert_music_context\data\processed\features\blues\blues.00002.npy,8WPG0dD20lg,540,550,This instrumental song features a guitar played clean in the beginning and then switching to an overdrive sound. There are no other instruments in this song. There are no voices in this song. The mood of this song is bluesy.,"['guitar song', 'overdriven guitar', 'clean guitar', 'no other instruments', 'sound comparison audio', 'no voice', 'instrumental']",neutral
test,hiphop,C:\Users\user\Downloads\gnn_bert_music_context\data\processed\graphs\hiphop\hiphop.00061.pkl,C:\Users\user\Downloads\gnn_bert_music_context\data\processed\features\hiphop\hiphop.00061.npy,-jpbCWcz2pk,30,40,This is a comedic hip-hop music piece. There is a male vocal rapping in the lead. The melody in the beat is being played by the piano and the electric guitar while a bass guitar plays in the background. The rhythm is provided by an electronic drum beat. The piece has an amusing aura to it. It could be used in the background of funny social media content.,"['comedy', 'hip-hop', 'male vocal', 'rapping', 'piano', 'electric guitar', 'bass guitar', 'electronic drums', 'funny', 'amusing', 'hip']",happy
test,metal,C:\Users\user\Downloads\gnn_bert_music_context\data\processed\graphs\metal\metal.00030.pkl,C:\Users\user\Downloads\gnn_bert_music_context\data\processed\features\metal\metal.00030.npy,hXLo1l5gS-I,180,190,This is an instrumental harp cover of a heavy metal music piece. The atmosphere of the recording is lively. This piece could be used in the soundtrack of an arcade video game. It could also be sampled for use in beat-making.,"['no singer', 'instrumental', 'single instrument', 'harp', 'heavy metal', 'lively', 'vibrant']",energetic
test,rock,C:\Users\user\Downloads\gnn_bert_music_context\data\processed\graphs\rock\rock.00003.pkl,C:\Users\user\Downloads\gnn_bert_music_context\data\processed\features\rock\rock.00003.npy,3b3s0TvjGwA,0,10,A drone sound is playing in the lower to mid range as an intro before the song starts with a high pitched bell sound with a very long release time and acoustic drums that sounds like playing behind a closed door. This song may be playing in a club.,"['rock', 'acoustic drums', 'synth bell sound', 'special effects', 'uptempo']",energetic
test,jazz,C:\Users\user\Downloads\gnn_bert_music_context\data\processed\graphs\jazz\jazz.00064.pkl,C:\Users\user\Downloads\gnn_bert_music_context\data\processed\features\jazz\jazz.00064.npy,V0zQHNmz0gU,30,40,"This is an instrumental jazz music piece. The main theme is being played on a theremin while there is a keyboard and an upright bass in the melodic background. For the rhythm, there is an acoustic swing jazz drum beat. There is an avant-garde feel to this piece. It could be used in the soundtrack of a sci-fi movie or a TV show. It could also be played in the soundtracks of video games with an outer space setting.","['jazz music', 'instrumental', 'theremin', 'keyboard', 'upright bass', 'acoustic jazz drums', 'swing', 'avant-garde', 'unique', 'outer space', 'movie music']",neutral
test,blues,C:\Users\user\Downloads\gnn_bert_music_context\data\processed\graphs\blues\blues.00029.pkl,C:\Users\user\Downloads\gnn_bert_music_context\data\processed\features\blues\blues.00029.npy,xZSioXdxo4Y,200,210,The song is an instrumental. The tempo is medium with an electric guitar playing a blues solo with an effects pedal and amplifier. The solo is heartfelt and has a lot of soul and spirit to it. The audio quality is bad.,"['guitar lead', 'bad audio quality', 'distortion pedal', 'amplifier tone', 'tone fades', 'heartfelt', 'blues solo', 'guitar tone demo', 'online guitar lessons', 'groovy music', 'instrumental song', 'home music video', 'demo video', 'banshee tone', 'medium tempo', 'no other instrumentation', 'no percussions', 'blues solo', 'soloist', 'guitar virtuoso']",romantic
test,classical,C:\Users\user\Downloads\gnn_bert_music_context\data\processed\graphs\classical\classical.00027.pkl,C:\Users\user\Downloads\gnn_bert_music_context\data\processed\features\classical\classical.00027.npy,SrLhnoBMyWM,0,10,"A classical, slightly jazzy piano is playing a lovely composition with a lot of reverb. During the song you can hear footsteps. Someone is running through water. Then at the end someone is burping really loud. This whole composition with the burping could be part of a funny embarrassing scene in a movie.","['classical/jazzy/piano-composition', 'big burp', 'footsteps sample', 'slow to medium tempo', 'sincere to disgusting atmosphere']",calm
test,jazz,C:\Users\user\Downloads\gnn_bert_music_context\data\processed\graphs\jazz\jazz.00028.pkl,C:\Users\user\Downloads\gnn_bert_music_context\data\processed\features\jazz\jazz.00028.npy,On9epzZ_ceI,30,40,"The Video Game Sound recording features a lot of in-game sound effects of the main character and his surroundings, followed by background, jazzy music in the background. The music contains funky piano chord progression, groovy bass and uptempo drums. There are some man grunts sound effects, funny spring sound effects, some beeping sound effects and at the very end of the loop a gun reload sound effect.","['video game sound', 'groovy bass', 'in game sound effects', 'man grunting sound effects', 'funky piano', 'groovy bass', 'jazzy', 'saxophone', 'uptempo drums', 'background music', 'weird beeping sound effect', 'funny spring sound effect', 'gun reload sound effect']",energetic
test,reggae,C:\Users\user\Downloads\gnn_bert_music_context\data\processed\graphs\reggae\reggae.00031.pkl,C:\Users\user\Downloads\gnn_bert_music_context\data\processed\features\reggae\reggae.00031.npy,AcX1B_Pr-RQ,30,40,"The low quality recording features a reggae song sung by low flat male vocals, followed by repetitive synth lead melody, groovy bass, vocal chants, claps, punchy kick hits, shimmering hi hats and open hats. It sounds energetic, suspenseful and it is in mono. At one point the vocal cracks and it sounds out of tune for a split second.","['low quality', 'reggae', 'low flat male vocal', 'repetitive synth lead melody', 'groovy bass', 'punchy kick', 'clapping', 'shimmering hi hats', 'shimmering open hat', 'vocal chants', 'energetic', 'suspenseful', 'mono', 'voice crack']",dark
test,pop,C:\Users\user\Downloads\gnn_bert_music_context\data\processed\graphs\pop\pop.00017.pkl,C:\Users\user\Downloads\gnn_bert_music_context\data\processed\features\pop\pop.00017.npy,sIA-IuTI7AY,380,390,"The low quality recording features a pop folk song that consists of passionate female vocal singing over repetitive flute licks, stuttering hi hats, groovy piano chords, claps and a riser sweep. It sounds energetic and kind of addictive, thanks to those interesting melodies and a fairly repetitive female vocal.","['low quality', 'passionate female vocal', 'clapping', 'repetitive flute licks', 'riser', 'stuttering hi hat', 'pop folk', 'energetic', 'addictive', 'groovy piano chords']",romantic
test,country,C:\Users\user\Downloads\gnn_bert_music_context\data\processed\graphs\country\country.00094.pkl,C:\Users\user\Downloads\gnn_bert_music_context\data\processed\features\country\country.00094.npy,cGorUmWMrwo,30,40,"This music is instrumental. The tempo is slow with an acoustic guitar harmony, loud electric guitar feedback and fiddle. The music is intense, rugged, vivid, melancholic, pensive, raw, powerful, emphatic and strong. This music is classic Blues Country Music.","['instrumental', 'slow tempo', 'melancholy', 'vivid', 'empahtic melody', 'rugged', 'powerful', 'country blues', 'blues', 'country music', 'country song', 'regional music', 'empahtic electric guitar feedback', 'acoustic guitar harmony', 'country music', 'intense', 'rugged', 'fiddle']",energetic
test,pop,C:\Users\user\Downloads\gnn_bert_music_context\data\processed\graphs\pop\pop.00095.pkl,C:\Users\user\Downloads\gnn_bert_music_context\data\processed\features\pop\pop.00095.npy,dT7uHHQEYHQ,150,160,The low quality recording features a pop song that consists of harmonizing vocals singing over punchy snare and kick hits and shimmering cymbals. It sounds energetic and exciting.,"['low quality', 'pop', 'harmonizing vocals', 'punchy snare', 'shimmering cymbals', 'punchy kick', 'energetic', 'exciting']",energetic
test,blues,C:\Users\user\Downloads\gnn_bert_music_context\data\processed\graphs\blues\blues.00097.pkl,C:\Users\user\Downloads\gnn_bert_music_context\data\processed\features\blues\blues.00097.npy,XUD-9HkQuTE,30,40,"A female singer sings this soulful song. The song is slow tempo with piano accompaniment, strong bass line and groovy jazz drumming. The song is soulful and emotional. The song is a blues jazz song.","['female singer', 'soul music', 'jazz music', 'blues music', 'jazz and blues', 'slow tempo', 'black gospel music influences', 'special someone', 'dream of you', 'missing you', 'percussive bass line', 'jazz drumming rhythm', 'piano accompaniment', 'emotional', 'love song', 'story telling', 'love you so badly', 'together forever']",romantic
test,rock,C:\Users\user\Downloads\gnn_bert_music_context\data\processed\graphs\rock\rock.00074.pkl,C:\Users\user\Downloads\gnn_bert_music_context\data\processed\features\rock\rock.00074.npy,s2GctT6NuyQ,30,40,This is an amateur recording of a guitar solo for a rock music piece. The solo is being played on an overdriven electric guitar while the piano and the bass guitar in the backing track play the main tune. There is a 6/8 rock beat played on the acoustic drums for the rhythm section. There is a raw feel to it. The piece can be used to gather electric guitar samples to be used in beat-making.,"['amateur recording', 'rock music', 'instrumental', 'electric guitar', 'guitar solo', 'bass guitar', 'piano', 'acoustic drums', 'groovy', 'hard', 'raw']",neutral
test,rock,C:\Users\user\Downloads\gnn_bert_music_context\data\processed\graphs\rock\rock.00087.pkl,C:\Users\user\Downloads\gnn_bert_music_context\data\processed\features\rock\rock.00087.npy,4L9KyVVsQOc,30,40,The low quality recording features an echoing electric guitar playing rock solo melody. The recording is noisy and in mono. It sounds passionate.,"['low quality', 'echoing electric guitar solo melody', 'noisy', 'mono', 'passionate', 'rock']",romantic
test,metal,C:\Users\user\Downloads\gnn_bert_music_context\data\processed\graphs\metal\metal.00018.pkl,C:\Users\user\Downloads\gnn_bert_music_context\data\processed\features\metal\metal.00018.npy,w6zHc6nRJ0o,220,230,"The Metal song features a repetitive, aggressive male vocal screaming over wide, aggressive electric guitar chords, distorted bass guitar, punchy snare and kick hits and energetic cymbals. There is a toms roll at the end of the loop. It sounds aggressive, energetic and manic - like something you would jump into a mosh pit at the concert.","['metal', 'wide aggressive electric guitar chords', 'repetitive aggressive male vocals', 'screaming', 'distorted bass guitar', 'punchy snare', 'wide toms roll', 'energetic cymbals', 'aggressive', 'energetic', 'manic', 'punchy kick']",energetic
test,hiphop,C:\Users\user\Downloads\gnn_bert_music_context\data\processed\graphs\hiphop\hiphop.00062.pkl,C:\Users\user\Downloads\gnn_bert_music_context\data\processed\features\hiphop\hiphop.00062.npy,JI26wmUPcrM,0,10,"A male singer sings this rap vocals with backup singers in harmony. The song is medium tempo with typing and beeping tones, followed by steady drumming rhythm, groovy bass and keyboard harmony. The song is energetic and exciting. The song has a home video intro followed by a rap song.","['typing sounds', 'male rapper', 'backup singers', 'singer self introduction', 'groovy', 'damage rap music', 'beeping tones', 'booming bass line', 'amateur video quality', 'home rap video', 'vocal commentary', 'medium tempo', 'ambient noise', 'street noises', 'energetic', 'passionate', 'story telling', 'amateur video quality', 'gym talk', 'poor quality audio']",energetic
test,country,C:\Users\user\Downloads\gnn_bert_music_context\data\processed\graphs\country\country.00016.pkl,C:\Users\user\Downloads\gnn_bert_music_context\data\processed\features\country\country.00016.npy,suX7Cri4kAo,30,40,"This is a country music piece. There is a female vocalist singing melodically at the forefront. The melodic background consists of the electric guitar, the bass guitar and the piano. The rhythmic background is provided by a simple acoustic drum beat. The atmosphere is upbeat and easygoing. This piece could be playing in the background at a rock bar. It could also work well as an advertisement jingle.","['country music', 'rock', 'female vocal', 'melodic singing', 'electric guitar', 'piano', 'bass guitar', 'acoustic drums', 'simple tune', 'upbeat', 'easygoing']",energetic
test,metal,C:\Users\user\Downloads\gnn_bert_music_context\data\processed\graphs\metal\metal.00060.pkl,C:\Users\user\Downloads\gnn_bert_music_context\data\processed\features\metal\metal.00060.npy,7_yBcHaoR0w,50,60,"This music is an electric guitar lead instrumental. The tempo is slow with no accompaniment and ambient sounds like a popping and swishing sound. The music is a rhythmic, controlled, pleasant, melancholic, sentimental and emotional Electric guitar solo.","['instrumental', 'slow tempo', 'electric guitar lead', 'rock', 'hard rock', 'metal', 'heavy metal', 'soft rock', 'electric guitar', 'external amplification', 'ambient sounds', 'popping sound', 'rustling sound', 'electric guitar lead', 'vibrations', 'resounding']",calm
test,jazz,C:\Users\user\Downloads\gnn_bert_music_context\data\processed\graphs\jazz\jazz.00088.pkl,C:\Users\user\Downloads\gnn_bert_music_context\data\processed\features\jazz\jazz.00088.npy,b9rgWct9ivI,110,120,This is a series of clips - a compilation. The compilation is separated by the telephone beep tone. One of the clips is orchestral strings playing a motif that would be used when something shocking or suspenseful happens. The other clip contains a jazzy saxophone motif. There is also a sultry woman speaking sassily with some upbeat percussion under her vocal.,"['telephone beep tone', 'saxophone', 'shocking strings playing', 'repeated telephone beep tone', 'talking woman', 'disjointed', 'upbeat pop clip']",energetic
test,hiphop,C:\Users\user\Downloads\gnn_bert_music_context\data\processed\graphs\hiphop\hiphop.00022.pkl,C:\Users\user\Downloads\gnn_bert_music_context\data\processed\features\hiphop\hiphop.00022.npy,AT_076RUWPs,30,40,This is a pop music piece. There is a male vocalist singing at a medium-to-high pitch in the lead. There is a melodic pad and an electric guitar sound providing the melody. A strong bass sound can be heard playing. The rhythm consists of a simple electronic drum beat. The atmosphere is energetic and danceable. This piece can be played at nightclubs and dance clubs. It could also be used during club scenes in movies.,"['pop', 'hip-hop', 'electronic', 'male vocal', 'medium-to-high pitch singing', 'electric guitar sample', 'melodic pad', 'strong bass', 'electronic drums', 'energetic', 'danceable', 'urban']",energetic
test,pop,C:\Users\user\Downloads\gnn_bert_music_context\data\processed\graphs\pop\pop.00088.pkl,C:\Users\user\Downloads\gnn_bert_music_context\data\processed\features\pop\pop.00088.npy,Pk5NZe-ah4U,30,40,"This music is instrumental. The tempo is medium fast with a melodic keyboard harmony, punchy drumming, funky bass lines, and rhythmic acoustic guitar, whistle harmony and clapping and fingers snapping.The melody is simple, sunny, warm, energetic and youthful with a retro vibe. This music is classic Pop.","['instrumental', 'pop music', 'medium fast tempo', 'acoustic guitar', 'classic pop', 'peppy', 'retro music', 'keyboard harmony', 'rhythmic drumming', 'funky bass lines', 'whistle harmony', 'clapping', 'fingers snapping', 'simple harmony', 'melodic', 'catchy', 'fresh', 'happy', 'sunny']",energetic
test,country,C:\Users\user\Downloads\gnn_bert_music_context\data\processed\graphs\country\country.00074.pkl,C:\Users\user\Downloads\gnn_bert_music_context\data\processed\features\country\country.00074.npy,jd1IS7N3u0I,30,40,"This features two clips from country songs. The first song is upbeat, and suitable for rhythmic and groovy dancing. The second song is slower and features a group of male vocalists harmonising. The overall feeling is a country midwestern feel.","['country music', 'old schol', 'vintage country music', 'country folk music', 'two songs', 'group male harmony vocals', 'upbeat', 'upright bass guitar']",energetic
test,reggae,C:\Users\user\Downloads\gnn_bert_music_context\data\processed\graphs\reggae\reggae.00050.pkl,C:\Users\user\Downloads\gnn_bert_music_context\data\processed\features\reggae\reggae.00050.npy,XXBVsNt2Qr8,30,40,"A female singer sings this passionate melody. The song is medium tempo with steady drumming rhythm, groovy bass line, Caribbean percussion, guitar accompaniment and a brass band playing percussively. The song is emotional and spirited. The song is a classic renege hit.","['female singer', 'spirited singing', 'reggae hits', 'tropical dance hit', 'caribbean music style', 'trumpets blaring', 'caribbean percussions rhythm', 'medium tempo', 'guitar accompaniment', 'groovy bass line', 'steady drumming rhythm', 'brass band harmony', 'emotional', 'passionate', 'reggae groove', 'classic reverse hits', 'spirited', 'dance groove', 'beachside party', 'people dancing', 'inspiring', 'life is good', 'enjoy life', 'life is a dance']",happy
test,jazz,C:\Users\user\Downloads\gnn_bert_music_context\data\processed\graphs\jazz\jazz.00085.pkl,C:\Users\user\Downloads\gnn_bert_music_context\data\processed\features\jazz\jazz.00085.npy,xL7Krm6FSWE,200,210,A male singer sings this vocals with a vocoder. The song is medium tempo with a groovy techno drumming rhythm and keyboard accompaniment. The song is passionate but an amateurish production. The audio quality is very poor.,"['vocoder', 'male singers love performance', 'poor audio quality', 'jam session', 'amateur jazz musician', 'medium tempo', 'amateur musician', 'jazz musician', 'keyboard accompaniment', 'groovy music', 'techno drumming rhythm', 'poor audio quality', 'people talking', 'unimpressive', 'excited', 'energetic', 'passionate', 'ambient room noises']",romantic
test,hiphop,C:\Users\user\Downloads\gnn_bert_music_context\data\processed\graphs\hiphop\hiphop.00016.pkl,C:\Users\user\Downloads\gnn_bert_music_context\data\processed\features\hiphop\hiphop.00016.npy,WJIrkvEq4EI,30,40,"The low quality recording features wide scratching effects of an uptempo hip hop song that contains repetitive male vocal, wooden percussive elements, siren sound effect and energetic drums. It sounds energetic, muffled and a bit harsh due to loud scratchings.","['low quality', 'wide scratching effect', 'uptempo', 'hip hop', 'repetitive male vocal', 'wooden percussive elements', 'energetic drums', 'loud', 'harsh', 'muffled', 'siren sound effect']",energetic
test,country,C:\Users\user\Downloads\gnn_bert_music_context\data\processed\graphs\country\country.00043.pkl,C:\Users\user\Downloads\gnn_bert_music_context\data\processed\features\country\country.00043.npy,Hc_UM8l_sTg,30,40,This song features a pedal steel guitar playing the main melody. This starts off with a slide to a high register followed by plucking low register strings. This is accompanied by percussion playing a simple beat in common time. An acoustic guitar strums chords in the background. The bass guitar plays the root notes of the chords. This song is at a slow tempo. There are no voices in this song. This is an instrumental song with a Country feel. This song can be played in a coffee shop.,"['guitar song', 'pedal steel guitar', 'simple percussion', 'acoustic guitar', 'slow tempo', 'country song', 'instrumental', 'no voices', 'relaxing music']",calm
test,metal,C:\Users\user\Downloads\gnn_bert_music_context\data\processed\graphs\metal\metal.00019.pkl,C:\Users\user\Downloads\gnn_bert_music_context\data\processed\features\metal\metal.00019.npy,2ZB7DUGOdZw,30,40,The song is an instrumental. The song is fast tempo with distorted guitars playing in rhythm. The song is energetic and an amateurish performance. The song is of very poor quality with audio noise and hissing sound.,"['poor audio quality', 'noise', 'distortion', 'hissing tones', 'noisy ambience', 'instrumental music', 'distorted guitar rhythm', 'fast', 'amateur quality recording', 'deteriorated audio quality', 'metal band', 'amateur band']",energetic
test,jazz,C:\Users\user\Downloads\gnn_bert_music_context\data\processed\graphs\jazz\jazz.00089.pkl,C:\Users\user\Downloads\gnn_bert_music_context\data\processed\features\jazz\jazz.00089.npy,nlWXsfjHeA8,120,130,"A male vocalist sings this Jazz melody. The tempo is medium with a jazz style piano and drumming, groovy bass line, tambourine beats and vocal backup. The harmony is syncopated and complex. It is ambient, atmospheric, punchy, emphatic and enjoyable.","['male vocalist', 'medium tempo', 'jazz', 'jazz piano', 'jazz drumming', 'groovy bass line', 'vocal backup', 'syncopated harmony', 'complex chords', 'improvisation', 'deliberate dissonance', 'tambourine beats', 'blue notes', 'polyrhythms', 'ambient', 'atmospheric', 'emphatic']",energetic
test,hiphop,C:\Users\user\Downloads\gnn_bert_music_context\data\processed\graphs\hiphop\hiphop.00099.pkl,C:\Users\user\Downloads\gnn_bert_music_context\data\processed\features\hiphop\hiphop.00099.npy,SxYnb9_qDtk,30,40,"A male vocalist sings this spirited rap. The tempo is medium with keyboard accompaniment, digital drums,electric guitar riff and synthesiser arrangements with vocal backup. The song is passionate, compelling, strong telling, chanting, persuasive and youthful. This song is Contemporary Rap-Hip-Hop.","['male vocalist', 'medium tempo', 'rap', 'rap hits', 'digital drum', 'youthful', 'street rapper', 'disco rap', 'hip-hop', 'hip-hop hits', 'rhythmic patter', 'electronic music', 'drum machine', 'synthesiser arrangements', 'vocal backup', 'passionate', 'engaging', 'compelling', 'persuasive', 'street vernacular', 'slangy lyrics', 'chanting', 'recurring beat', 'amplified guitar']",romantic
test,pop,C:\Users\user\Downloads\gnn_bert_music_context\data\processed\graphs\pop\pop.00084.pkl,C:\Users\user\Downloads\gnn_bert_music_context\data\processed\features\pop\pop.00084.npy,71hqRT9U0wg,10,20,"A female vocalist sings this lively Children’s Song. The tempo is fast with a cheerful acoustic guitar and ukulele accompaniment along with clapping. The song is lively, upbeat, engaging, energetic, simple and enthusiastic. The song is a children’s nursery rhyme with the catchy , simple tune and lyrics meant to make learning fun. It is engaging, interactive, instructional, educational teaching coordination.","['female vocalist', 'fast tempo', 'cheerful acoustic guitar', 'simple lyrics', 'simple tune', 'interactive', 'learning is fun', 'energetic coordination', 'clapping', 'lively mandolin', 'minimal instrumentation', 'children’s songs', 'nursery rhymes', 'popular kids songs', 'education songs', 'kindergarten songs', 'happy', 'chirpy', 'engaging', 'interactive', 'active learning']",energetic
test,hiphop,C:\Users\user\Downloads\gnn_bert_music_context\data\processed\graphs\hiphop\hiphop.00054.pkl,C:\Users\user\Downloads\gnn_bert_music_context\data\processed\features\hiphop\hiphop.00054.npy,NQXQsVawPhU,30,40,"This is an excerpt from a music show. There is a female voice narrating an event that took place. In the background, there is hip-hop music playing. A male vocal can be heard rapping. The melody is being played by a synth sound. There is a strong bass in the piece. The rhythm is played by the electronic drums. This piece could be used as an advertisement jingle for a sportswear or automobile company.","['music show', 'female voice', 'narrating', 'hip-hop music', 'male vocal', 'rapping', 'synth', 'strong bass', 'electronic drums', 'urban sound']",neutral
test,classical,C:\Users\user\Downloads\gnn_bert_music_context\data\processed\graphs\classical\classical.00047.pkl,C:\Users\user\Downloads\gnn_bert_music_context\data\processed\features\classical\classical.00047.npy,uoZ9Rs4E-6Y,30,40,This song is played on a harpsichord. The harpsichord plays the bass and treble notes. This is a classical composition. There are no other instruments in this song. There are no voices in this song. This song can be used when a member of royalty arrives at a palace.,"['harpsichord song', 'classical composition', 'no other instruments', 'no voices', 'moderate tempo', 'sound for royalty', 'happy melody']",happy
test,pop,C:\Users\user\Downloads\gnn_bert_music_context\data\processed\graphs\pop\pop.00005.pkl,C:\Users\user\Downloads\gnn_bert_music_context\data\processed\features\pop\pop.00005.npy,PeQ8L_svYcU,30,40,This song has some experimental sounds. The string instrument sounds processed and slightly oriental. The synth plucks sound as running through different effects that are changing the bit rate and some filters. These elements are panned to the right and left and right side of the speakers playing different melodies. An acoustic drum is holding the whole construct together while an e-bass is playing his own run along with the drums. An e-guitar is playing long single chords. This song may be playing in an adventurous indie-videogame.,"['pop', 'oriental sounding string instrument', 'synthesizer bit sound', 'e-guitar', 'acoustic drums', 'experimental', 'medium tempo', 'happy', 'light sounding']",calm
test,hiphop,C:\Users\user\Downloads\gnn_bert_music_context\data\processed\graphs\hiphop\hiphop.00039.pkl,C:\Users\user\Downloads\gnn_bert_music_context\data\processed\features\hiphop\hiphop.00039.npy,LF-5BAUGvWI,30,40,This song is a classical flamenco mixed with a HipHop groove drums playing a digital set along with a cowbell sound. A piano is playing a salsa melody in the low to high range. A trumpet sample is playing a short melody every fourth beat. A male voice is singing in a higher pitch along with backing vocals spread across both sides of the speakers. Then another male voice takes over rapping over the instrumental. This song may be playing with a speaker sitting on the bike cruising.,"['salsa/hiphop', 'digital drums', 'cowbell', 'trumped sample', 'piano', 'male voices singing/rapping', 'uptempo', 'positive vibes']",energetic
test,country,C:\Users\user\Downloads\gnn_bert_music_context\data\processed\graphs\country\country.00093.pkl,C:\Users\user\Downloads\gnn_bert_music_context\data\processed\features\country\country.00093.npy,xqjpWi83CWM,20,30,This song comes with a male voice singing in a higher key and strings playing the same melody in the background in the midrange. A timpani hit is playing along with the drums. This song may be playing in a latin country where someone is cleaning the house with open doors and windows listening to this song in a very loud volume.,"['rock/ballad', 'e-bass', 'acoustic drums', 'timpani', 'strings', 'acoustic guitar', 'male voice singing', 'higher key', 'medium tempo']",neutral
test,pop,C:\Users\user\Downloads\gnn_bert_music_context\data\processed\graphs\pop\pop.00076.pkl,C:\Users\user\Downloads\gnn_bert_music_context\data\processed\features\pop\pop.00076.npy,DCFrCX4HPO8,120,130,"A female singer sings this passionate melody. The song is a medium  tempo with a groovy bass line , steady drumming, keyboard accompaniment, Indian percussion and tambourine accompaniment. The song is playful and romantic. The song is a modern Bollywood pop song with average quality audio.","['telephone ringing', 'hindi pop music', 'medium tempo', 'indian percussions', 'tambourine percussions', 'female singers', 'romantic', 'love song', 'hindi pop song', 'guitar rhythm', 'strong bass line', 'energetic', 'passionate', 'bollywood dance music', 'average audio quality', 'keyboard accompaniment']",romantic
test,pop,C:\Users\user\Downloads\gnn_bert_music_context\data\processed\graphs\pop\pop.00025.pkl,C:\Users\user\Downloads\gnn_bert_music_context\data\processed\features\pop\pop.00025.npy,B496Qv0CuOQ,30,40,"This song is a Retro electronic instrumental. The tempo is fast with electronically arranged music, slick drumming, bright amplified keyboard harmony, tambourine beats,synthesiser arrangements and male and female vocalisation. The song is youthful, groovy,vibrant, upbeat, passionate, catchy and punchy. This song is a Retro EDM.","['instrumental', 'electro pop', 'fast tempo', 'pop hits', 'retro pop', 'edm', 'dance music', 'club music', 'workout music', 'vocalisation', 'perky', 'energetic', 'catchy', 'upbeat', 'synthesiser arrangement', 'tambourine beats', 'infectious drumming', 'auto tuned voices', 'keyboard harmony']",energetic
test,rock,C:\Users\user\Downloads\gnn_bert_music_context\data\processed\graphs\rock\rock.00055.pkl,C:\Users\user\Downloads\gnn_bert_music_context\data\processed\features\rock\rock.00055.npy,AHmcuClSTL4,100,110,"This song contains an acoustic drum playing a simple rock groove with an e-bass playing a bassline along with the e-guitar strumming chords on the same notes as the bass. A deep male voice is singing, almost streaming sounding wild and loud. Then a synth pad comes in playing a melody panned to the left side of the speaker. This song may be playing at a rock festival.","['rock', 'e-guitar', 'e-bass', 'acoustic drums', 'synth pad', 'male deeper voice singing', 'wild energy']",energetic
test,rock,C:\Users\user\Downloads\gnn_bert_music_context\data\processed\graphs\rock\rock.00032.pkl,C:\Users\user\Downloads\gnn_bert_music_context\data\processed\features\rock\rock.00032.npy,IUjzBX2Qm4k,100,110,"A e-guitar with a chorus effect is playing a simple, repeating chord progression while another guitar  is playing a bassline over it that sounds more like a countermelody. On top of that, slightly panned to the right side of the speakers, a xylophone is playing single notes with a lot of reverb. This song sounds repetitive and relaxing and soft. This song may be playing with earphones waiting for the bus.","['rock/pop', 'xylophone', 'e-guitars', 'soft', 'medium tempo']",calm
test,country,C:\Users\user\Downloads\gnn_bert_music_context\data\processed\graphs\country\country.00031.pkl,C:\Users\user\Downloads\gnn_bert_music_context\data\processed\features\country\country.00031.npy,YbLR6dgY-K4,30,40,"This music clip is of a musician playing a lilting melody on the Banjo. The tempo is medium with a rhythmic lead harmony. There is no other instrument used. The music is soft, mellow, nostalgic, and calming. Soothing and simple.","['instrumental', 'medium tempo', 'string instrument', 'plucked string instrument', 'banjo', 'african instrument', 'american instrument', '9 stringed instrument', 'sweet melody', 'folk', 'country', 'blue grass']",calm
test,pop,C:\Users\user\Downloads\gnn_bert_music_context\data\processed\graphs\pop\pop.00062.pkl,C:\Users\user\Downloads\gnn_bert_music_context\data\processed\features\pop\pop.00062.npy,lqCx0HgF1ZM,30,40,This is an acoustic performance of a k-pop piece. The lead is a male vocal that is singing gently and melodically in the Korean language. He is also playing an acoustic guitar as the melodic background of the piece. The song is in the major scale which gives it this positive and uplifting aura. This piece could be used in the soundtrack of a coming-of-age/teenage drama TV series that takes place in Korea. It could also be playing in the background of a coffee house.,"['k-pop', 'korean', 'acoustic', 'male vocal', 'melodic singing', 'acoustic guitar', 'mellow tune', 'easygoing', 'positive', 'uplifting']",happy
test,rock,C:\Users\user\Downloads\gnn_bert_music_context\data\processed\graphs\rock\rock.00021.pkl,C:\Users\user\Downloads\gnn_bert_music_context\data\processed\features\rock\rock.00021.npy,MQ1Q7xydJPU,220,230,This is the live performance of a hard rock piece. There is a male vocal who is shouting at the crowd while revving up a chainsaw. The electric guitar is playing the melody while the bass guitar is playing in the background. The acoustic drums are playing a simple blues rock beat. The atmosphere is aggressive.,"['hard rock', 'live performance', 'male vocal', 'shouting', 'electric guitar', 'bass guitar', 'acoustic drums', 'chainsaw', 'hard-hitting', 'aggressive']",energetic
test,jazz,C:\Users\user\Downloads\gnn_bert_music_context\data\processed\graphs\jazz\jazz.00009.pkl,C:\Users\user\Downloads\gnn_bert_music_context\data\processed\features\jazz\jazz.00009.npy,C0AQyOVGvFM,100,110,"A male vocalist sings this mellow song.he tempo is medium with jazz style piano accompaniment, synthesiser articulation, slick drumming, funky bass line, cajun beat and an interactive vocal harmony. The music is mellow, soothing, ambient, soulful, passionate, emotional and persuasive. This song is a contemporary R&B/Soul.","['male singer', 'medium tempo', 'soft', 'romantic', 'passionate', 'persuasive', 'sentimental', 'melodious vocal backup', 'r&b', 'soul', 'jazz style piano', 'synthesiser arrangements', 'pop', 'contemporary pop', 'ambient', 'love song', 'passionate', 'complex chords', 'slick drumming', 'groovy bass', 'cajun beat', 'digital drum', 'drum machine']",romantic
test,rock,C:\Users\user\Downloads\gnn_bert_music_context\data\processed\graphs\rock\rock.00083.pkl,C:\Users\user\Downloads\gnn_bert_music_context\data\processed\features\rock\rock.00083.npy,fWwV7o4VjEQ,30,40,"An acoustic drum with a lot of reverb is playing a minimalistic slow groove along with an e-bass playing long single notes. A synth hit comes in for a moment and then an e-guitar is talking over it with a melody. The male voice sings with a lot of reverb, reverb and a chorus/flanger on his voice. The whole recording is full of reverb and the voice of the singer is using a ping pong delay. This song may be playing on a lazy day at home.","['christian rock', 'guitars', 'acoustic drums', 'e-bass', 'male voice singing', 'higher register', 'synthesizer', 'slow tempo']",calm
test,country,C:\Users\user\Downloads\gnn_bert_music_context\data\processed\graphs\country\country.00037.pkl,C:\Users\user\Downloads\gnn_bert_music_context\data\processed\features\country\country.00037.npy,aGMdcxeF6Ak,270,280,"A girl band sings this lively song. The tempo is medium with vibrant music. The audio quality is inferior so the music and vocals are incoherent. This is a live performance with ambient sounds of fans cheering, clapping and singing along. This song is a hit Country Rock.","['female vocalists', 'medium tempo', 'live performance', 'country rock', 'folk', 'world music', 'acoustic', 'country song', 'youthful', 'enthusiastic', 'energetic', 'entertaining', 'folk', 'concert', 'incoherent sound', 'amateur recording', 'live audience', 'girl band', 'dixie chicks  concert', 'ambient sounds', 'fans cheering', 'clapping', 'hysteria']",energetic
test,country,C:\Users\user\Downloads\gnn_bert_music_context\data\processed\graphs\country\country.00068.pkl,C:\Users\user\Downloads\gnn_bert_music_context\data\processed\features\country\country.00068.npy,DHo1z0_ZUNA,30,40,The song is a slow country song - a country ballad played on a steel guitar. This is the type of song that would be suitable for an old country western movie where a hero character walks into a diner. This is a live recording and the song has a slow tempo.,"['steel guitar', 'country music', 'live recording', 'slow country music', 'country ballad', 'arpeggio', 'intricate steel guitar playing', 'country western', 'vintage country']",calm
test,jazz,C:\Users\user\Downloads\gnn_bert_music_context\data\processed\graphs\jazz\jazz.00048.pkl,C:\Users\user\Downloads\gnn_bert_music_context\data\processed\features\jazz\jazz.00048.npy,RtgHU1UMo5o,30,40,"A male singer sings this groovy bop tune. The song is medium tempo with a groovy double bass playing, piano accompaniment, trumpet playing percussively and brush drumming rhythm. The song is entertaining and exciting. The song is a jazz dance tune with an electronica twist.","['groovy music', 'love performance', 'dj', 'dance music', 'brush drumming rhythm', 'groovy bass line', 'steady drum rhythm', 'piano accompaniment', 'trumpet playing percussively', 'male singer', 'female backup singer', 'vocal harmony', 'bop tune', 'double bass harmony', 'jazz music', 'jazz dance music', 'poor audio quality', 'people dancing', 'dance rhythm']",romantic
test,rock,C:\Users\user\Downloads\gnn_bert_music_context\data\processed\graphs\rock\rock.00051.pkl,C:\Users\user\Downloads\gnn_bert_music_context\data\processed\features\rock\rock.00051.npy,d2gHgzfC-Oo,30,40,"The low quality recording features a cover of a rock song and it consists of an electric guitar feedback playing over a live performance instrumental that has crowd cheering, crowd clapping noises, smooth bass guitar, repetitive synth bells melody, punchy snare and kick hits and shimmering tambourine. It sounds emotional and easygoing.","['low quality', 'live performance', 'electric guitar feedback', 'crowd noises', 'crowd clapping', 'crowd cheering', 'smooth bass guitar', 'repetitive synth bells melody', 'punchy snare', 'punchy kick', 'shimmering tambourine', 'cover', 'rock', 'emotional', 'easygoing']",energetic
test,classical,C:\Users\user\Downloads\gnn_bert_music_context\data\processed\graphs\classical\classical.00072.pkl,C:\Users\user\Downloads\gnn_bert_music_context\data\processed\features\classical\classical.00072.npy,D4GVgBX1eYc,80,90,This composition contains a cello playing in the lower register providing a bass melody while other violas and violins are playing a melody and a countermelody in the mid to high range. This song sounds suited for a wedding proposal.,"['classical', 'cello', 'violins', 'viola', 'ceremonial', 'slower to medium tempo']",calm
test,metal,C:\Users\user\Downloads\gnn_bert_music_context\data\processed\graphs\metal\metal.00090.pkl,C:\Users\user\Downloads\gnn_bert_music_context\data\processed\features\metal\metal.00090.npy,x-ob6_6f4jQ,110,120,"This is an instrumental heavy metal piece. The distorted electric guitar is playing an aggressive riff while accompanied by a bass guitar. In the rhythmic background, there is a slow but hard-hitting heavy metal beat played on the acoustic drums. The atmosphere is loud and violent. This piece can be used in the soundtrack of a movie/TV show involving crime. It could also be played at a rock bar or a sports venue.","['heavy metal', 'no singer', 'instrumental', 'distorted electric guitar', 'bass guitar', 'acoustic drums', 'loud', 'violent', 'hard-hitting', 'aggressive']",energetic
test,classical,C:\Users\user\Downloads\gnn_bert_music_context\data\processed\graphs\classical\classical.00036.pkl,C:\Users\user\Downloads\gnn_bert_music_context\data\processed\features\classical\classical.00036.npy,xlxxWFENWr8,70,80,"The song is an instrumental. The tempo is slow with a choir harmonising and creating ethereal chants, string section and a philharmonic orchestra harmony backing. The song is ethereal and magical. The song has poor audio quality.","['instrumental music', 'movie soundtrack', 'ethereal music', 'philharmonic orchestra', 'slow rap chants', 'choral harmony', 'magical energy', 'magical journey', 'violins', 'string section harmony', 'rhythm section', 'ethereal tones', 'pulsating energy', 'bad audio quality', 'concert hall', 'opera hall', 'conductor', 'composer', 'western classical music', 'sonic effects', 'keyboard accompaniment']",calm
test,hiphop,C:\Users\user\Downloads\gnn_bert_music_context\data\processed\graphs\hiphop\hiphop.00029.pkl,C:\Users\user\Downloads\gnn_bert_music_context\data\processed\features\hiphop\hiphop.00029.npy,Zt8x7tvP9Qs,30,40,This song contains a thick acoustic drum sample playing a slow hiphop groove with a simple bassline. A female voice sample is singing while a male voice is rapping. his voice sounds doubled. This song may be playing in an urban shop.,"['hiphop', 'oldschool', 'female voice sample singing', 'bass', 'acoustic drums sample', 'male voice rapping', 'slow tempo']",calm
test,country,C:\Users\user\Downloads\gnn_bert_music_context\data\processed\graphs\country\country.00001.pkl,C:\Users\user\Downloads\gnn_bert_music_context\data\processed\features\country\country.00001.npy,0HXYdGGKV2k,30,40,The song is an instrumental. The song is medium tempo with a groovy rhythm and fast fingers playing this banjo solo. The song is entertaining and exciting. The song is of poor audio quality and a live performance video.,"['banjo player', 'fast tempo', 'groovy music', 'love video performance', 'instrumental music', 'virtuoso', 'walking bass line', 'entertaining', 'love performance', 'soloist', 'country blue grass', 'entertaining', 'energetic', 'passionate', 'spirited', 'instrumentalist', 'poor audio quality', 'live performance']",energetic
test,classical,C:\Users\user\Downloads\gnn_bert_music_context\data\processed\graphs\classical\classical.00006.pkl,C:\Users\user\Downloads\gnn_bert_music_context\data\processed\features\classical\classical.00006.npy,ECP7EJka6N8,590,600,"This is a classical music piece played on the viola da gamba and the harpsichord. The performance is live, and the song has a refreshing, light and fun ""Spring"" feel to it.","['live performance', 'classical music', 'live recording', 'viola da gamba', 'harpsichord', 'soothing', 'whimsical', 'magical', 'light', 'fresh']",calm
test,metal,C:\Users\user\Downloads\gnn_bert_music_context\data\processed\graphs\metal\metal.00095.pkl,C:\Users\user\Downloads\gnn_bert_music_context\data\processed\features\metal\metal.00095.npy,hVPQu1UJ2N8,30,40,"The low quality recording features a traditional song that consists of wooden percussive elements, addictive accordion melody, smooth bass and some metallic buzzing sounds. Even though it is mono and noisy, it still sounds soulful and addictive.","['low quality', 'mono', 'noisy', 'percussive wooden elements', 'addictive accordion melody', 'smooth bass', 'metallic buzzing', 'soulful', 'addictive', 'traditional']",neutral
test,hiphop,C:\Users\user\Downloads\gnn_bert_music_context\data\processed\graphs\hiphop\hiphop.00018.pkl,C:\Users\user\Downloads\gnn_bert_music_context\data\processed\features\hiphop\hiphop.00018.npy,Ovk5EfFj7Ws,160,170,"Male vocalist sings this upbeat Hip-Hop song. The tempo is fast with minimal instrumentation of a lively infectious, punchy drumming and enthusiastic vocal backup and incessant, vigorous vocalisation. The song is buoyant, catchy, punchy, funky, youthful,groovy, engaging, vibrant and vivacious. This song is contemporary Hip-Hop/Rap.","['male singer', 'lively backup vocals', 'alternative hip-hop', 'reggae fusion', 'interactive', 'vocalisation', 'fast tempo', 'infectious drumming', 'keyboard harmony', 'hip-hop', 'rap', 'hip-hop hits', 'minimalist instrumentation', 'upbeat', 'catchy', 'buoyant', 'punchy', 'peppy', 'perky', 'dj', 'dj mixer', 'dance pop', 'dance music', 'dance groove', 'club music', 'groovy', 'funky']",energetic
test,metal,C:\Users\user\Downloads\gnn_bert_music_context\data\processed\graphs\metal\metal.00094.pkl,C:\Users\user\Downloads\gnn_bert_music_context\data\processed\features\metal\metal.00094.npy,0RgGrVklaao,150,160,"This clip is an instrumental of two separate tracks. The tempo is medium with the first clip of ambient nature sounds during a rainfall like, thunder, lightning and water flowing followed by  a rhythmic clanging of metal. The second clip is sinister music on the synthesiser followed by the buzzing of an electric circuit. The audio is dark, sinister, anticipatory, scary, suspenseful and spooky.","['instrumental', 'medium tempo', 'sound of rain', 'anticipation', 'scary', 'dark', 'buzzing electric circuit', 'intense', 'suspense', 'thunder', 'lightening', 'metal clanging rhythmically', 'storm', 'thunder storm', 'rain storm', 'heavy rain', 'electronic music', 'two tracks', 'unrelated', 'sinister', 'scary', 'spooky', 'eerie', 'electricity', 'buzzing', 'water flowing']",dark
test,pop,C:\Users\user\Downloads\gnn_bert_music_context\data\processed\graphs\pop\pop.00058.pkl,C:\Users\user\Downloads\gnn_bert_music_context\data\processed\features\pop\pop.00058.npy,-tmY1GEH3_Y,30,40,"The low quality recording features a pop song that consists of an echoing male vocal singing over punchy kick and snare hits, shimmering hi hats, metallic percussions, synth lead melody, synth pad chords and groovy synth bass. It sounds energetic, nostalgic and exciting - like something you would hear in clubs during the 80s.","['low quality', 'pop', 'echoing male vocal', 'punchy snare', 'shimmering hi hats', 'punchy kick', 'metallic percussions', 'synth lead melody', 'synth pad chords', 'groovy synth bass', 'energetic', 'exciting', 'nostalgic']",energetic
test,jazz,C:\Users\user\Downloads\gnn_bert_music_context\data\processed\graphs\jazz\jazz.00006.pkl,C:\Users\user\Downloads\gnn_bert_music_context\data\processed\features\jazz\jazz.00006.npy,gMgN50wSnNc,200,210,"This salsa song features a female voice singing the main melody. This is accompanied by percussion on a drum kit as well as on a congo. The congo gives this song the salsa feel. The drum kit plays the cowbell and high pitched snare drum to add more of the salsa vibe. The bass plays groovy fills. Trumpets, trombones and saxophones play fills in between lines. They play in harmony. A piano plays jazzy chords in the background. This song can be played in a dance club for a salsa night.","['salsa song', 'female voice', 'percussion', 'trumpets', 'congo', 'cowbell', 'trombone', 'saxophone', 'dance song', 'bass', 'piano', 'moderate tempo']",neutral
test,metal,C:\Users\user\Downloads\gnn_bert_music_context\data\processed\graphs\metal\metal.00097.pkl,C:\Users\user\Downloads\gnn_bert_music_context\data\processed\features\metal\metal.00097.npy,60y9j_Dc-Xs,90,100,"This music is instrumental. The tempo is medium with a sharp melody of the xylophone. It is melodic, reverberating,    minimalist with a festive ring to it.","['instrumental', 'medium tempo', 'sharp sounds', 'xylophonist', 'metalophone', 'festive', 'xylophone', 'resounding', 'reverberating', 'percussive instrument', 'bells', 'metallic sounds']",neutral
test,classical,C:\Users\user\Downloads\gnn_bert_music_context\data\processed\graphs\classical\classical.00061.pkl,C:\Users\user\Downloads\gnn_bert_music_context\data\processed\features\classical\classical.00061.npy,5nJr7iar6ZM,30,40,This is a classic music piece belonging to the baroque era. There is a soprano male vocal singing at an extraordinarily high pitch. The melody is being played by the violin and the cello. There is an emotional atmosphere to this piece. It could be playing in the background at a classy restaurant. It could also work well in the soundtrack of an art movie.,"['classical music', 'baroque', 'male vocal', 'soprano', 'violin', 'cello', 'emotional', 'dramatic']",sad
test,rock,C:\Users\user\Downloads\gnn_bert_music_context\data\processed\graphs\rock\rock.00092.pkl,C:\Users\user\Downloads\gnn_bert_music_context\data\processed\features\rock\rock.00092.npy,hwe6y-jSqdQ,30,40,"The low quality recording features a compilation of rock songs in-between which there is a flat male vocal talking. At the very beginning there is a short snippet of a groovy piano melody and fruity male vocal singing over it. After that, there is an even shorter snippet of a song that consists of acoustic rhythm guitar and a male vocalist singing over it. And at the end of the loop, there is a fade in into a flat male vocal singing with background vocals over punchy kick, punchy snare, shimmering cymbals, distorted bass guitar and electric guitar melody. Overall it sounds weird and chaotic, due to the arrangement of the sounds, but it is also energetic.","['compilation', 'fade in', 'rock', 'groovy piano melody', 'fruity male vocal', 'flat male vocals', 'low quality', 'punchy snare', 'punchy kick', 'shimmering cymbals', 'background vocals', 'electric guitar chords', 'acoustic rhythm guitar', 'distorted bass guitar', 'chaotic', 'energetic', 'weird']",energetic
test,country,C:\Users\user\Downloads\gnn_bert_music_context\data\processed\graphs\country\country.00072.pkl,C:\Users\user\Downloads\gnn_bert_music_context\data\processed\features\country\country.00072.npy,e1KHGfMekek,30,40,"Punk rock with a country twang, featuring an acoustic guitar strumming, an overdriven electric guitar playing lead, multiple male vocalists, male background vocals and a simple chord progression. The drums play an uptempo country beat, or ""train beat"" more specifically. The kind of band you might hear at a pub in a semi-rural suburb.","['punk rock', 'twang', 'cow punk', 'acoustic guitar strumming', 'overdriven electric guitar lead', 'multiple male vocalists', 'male background vocals', 'uptempo country beat', 'train beat', 'simple chord progression', 'pub']",energetic
