genre,graph_path,feature_path
jazz,C:\Users\user\Downloads\gnn_bert_music_context\data\processed\graphs\jazz\jazz.00040.pkl,C:\Users\user\Downloads\gnn_bert_music_context\data\processed\features\jazz\jazz.00040.npy
country,C:\Users\user\Downloads\gnn_bert_music_context\data\processed\graphs\country\country.00008.pkl,C:\Users\user\Downloads\gnn_bert_music_context\data\processed\features\country\country.00008.npy
rock,C:\Users\user\Downloads\gnn_bert_music_context\data\processed\graphs\rock\rock.00070.pkl,C:\Users\user\Downloads\gnn_bert_music_context\data\processed\features\rock\rock.00070.npy
jazz,C:\Users\user\Downloads\gnn_bert_music_context\data\processed\graphs\jazz\jazz.00021.pkl,C:\Users\user\Downloads\gnn_bert_music_context\data\processed\features\jazz\jazz.00021.npy
jazz,C:\Users\user\Downloads\gnn_bert_music_context\data\processed\graphs\jazz\jazz.00065.pkl,C:\Users\user\Downloads\gnn_bert_music_context\data\processed\features\jazz\jazz.00065.npy
hiphop,C:\Users\user\Downloads\gnn_bert_music_context\data\processed\graphs\hiphop\hiphop.00064.pkl,C:\Users\user\Downloads\gnn_bert_music_context\data\processed\features\hiphop\hiphop.00064.npy
country,C:\Users\user\Downloads\gnn_bert_music_context\data\processed\graphs\country\country.00058.pkl,C:\Users\user\Downloads\gnn_bert_music_context\data\processed\features\country\country.00058.npy
pop,C:\Users\user\Downloads\gnn_bert_music_context\data\processed\graphs\pop\pop.00093.pkl,C:\Users\user\Downloads\gnn_bert_music_context\data\processed\features\pop\pop.00093.npy
reggae,C:\Users\user\Downloads\gnn_bert_music_context\data\processed\graphs\reggae\reggae.00084.pkl,C:\Users\user\Downloads\gnn_bert_music_context\data\processed\features\reggae\reggae.00084.npy
rock,C:\Users\user\Downloads\gnn_bert_music_context\data\processed\graphs\rock\rock.00015.pkl,C:\Users\user\Downloads\gnn_bert_music_context\data\processed\features\rock\rock.00015.npy
country,C:\Users\user\Downloads\gnn_bert_music_context\data\processed\graphs\country\country.00078.pkl,C:\Users\user\Downloads\gnn_bert_music_context\data\processed\features\country\country.00078.npy
pop,C:\Users\user\Downloads\gnn_bert_music_context\data\processed\graphs\pop\pop.00029.pkl,C:\Users\user\Downloads\gnn_bert_music_context\data\processed\features\pop\pop.00029.npy
rock,C:\Users\user\Downloads\gnn_bert_music_context\data\processed\graphs\rock\rock.00042.pkl,C:\Users\user\Downloads\gnn_bert_music_context\data\processed\features\rock\rock.00042.npy
metal,C:\Users\user\Downloads\gnn_bert_music_context\data\processed\graphs\metal\metal.00015.pkl,C:\Users\user\Downloads\gnn_bert_music_context\data\processed\features\metal\metal.00015.npy
pop,C:\Users\user\Downloads\gnn_bert_music_context\data\processed\graphs\pop\pop.00051.pkl,C:\Users\user\Downloads\gnn_bert_music_context\data\processed\features\pop\pop.00051.npy
rock,C:\Users\user\Downloads\gnn_bert_music_context\data\processed\graphs\rock\rock.00011.pkl,C:\Users\user\Downloads\gnn_bert_music_context\data\processed\features\rock\rock.00011.npy
pop,C:\Users\user\Downloads\gnn_bert_music_context\data\processed\graphs\pop\pop.00012.pkl,C:\Users\user\Downloads\gnn_bert_music_context\data\processed\features\pop\pop.00012.npy
pop,C:\Users\user\Downloads\gnn_bert_music_context\data\processed\graphs\pop\pop.00045.pkl,C:\Users\user\Downloads\gnn_bert_music_context\data\processed\features\pop\pop.00045.npy
blues,C:\Users\user\Downloads\gnn_bert_music_context\data\processed\graphs\blues\blues.00011.pkl,C:\Users\user\Downloads\gnn_bert_music_context\data\processed\features\blues\blues.00011.npy
classical,C:\Users\user\Downloads\gnn_bert_music_context\data\processed\graphs\classical\classical.00090.pkl,C:\Users\user\Downloads\gnn_bert_music_context\data\processed\features\classical\classical.00090.npy
blues,C:\Users\user\Downloads\gnn_bert_music_context\data\processed\graphs\blues\blues.00035.pkl,C:\Users\user\Downloads\gnn_bert_music_context\data\processed\features\blues\blues.00035.npy
reggae,C:\Users\user\Downloads\gnn_bert_music_context\data\processed\graphs\reggae\reggae.00056.pkl,C:\Users\user\Downloads\gnn_bert_music_context\data\processed\features\reggae\reggae.00056.npy
metal,C:\Users\user\Downloads\gnn_bert_music_context\data\processed\graphs\metal\metal.00028.pkl,C:\Users\user\Downloads\gnn_bert_music_context\data\processed\features\metal\metal.00028.npy
hiphop,C:\Users\user\Downloads\gnn_bert_music_context\data\processed\graphs\hiphop\hiphop.00093.pkl,C:\Users\user\Downloads\gnn_bert_music_context\data\processed\features\hiphop\hiphop.00093.npy
rock,C:\Users\user\Downloads\gnn_bert_music_context\data\processed\graphs\rock\rock.00094.pkl,C:\Users\user\Downloads\gnn_bert_music_context\data\processed\features\rock\rock.00094.npy
blues,C:\Users\user\Downloads\gnn_bert_music_context\data\processed\graphs\blues\blues.00084.pkl,C:\Users\user\Downloads\gnn_bert_music_context\data\processed\features\blues\blues.00084.npy
hiphop,C:\Users\user\Downloads\gnn_bert_music_context\data\processed\graphs\hiphop\hiphop.00091.pkl,C:\Users\user\Downloads\gnn_bert_music_context\data\processed\features\hiphop\hiphop.00091.npy
disco,C:\Users\user\Downloads\gnn_bert_music_context\data\processed\graphs\disco\disco.00041.pkl,C:\Users\user\Downloads\gnn_bert_music_context\data\processed\features\disco\disco.00041.npy
rock,C:\Users\user\Downloads\gnn_bert_music_context\data\processed\graphs\rock\rock.00037.pkl,C:\Users\user\Downloads\gnn_bert_music_context\data\processed\features\rock\rock.00037.npy
hiphop,C:\Users\user\Downloads\gnn_bert_music_context\data\processed\graphs\hiphop\hiphop.00086.pkl,C:\Users\user\Downloads\gnn_bert_music_context\data\processed\features\hiphop\hiphop.00086.npy
reggae,C:\Users\user\Downloads\gnn_bert_music_context\data\processed\graphs\reggae\reggae.00071.pkl,C:\Users\user\Downloads\gnn_bert_music_context\data\processed\features\reggae\reggae.00071.npy
metal,C:\Users\user\Downloads\gnn_bert_music_context\data\processed\graphs\metal\metal.00026.pkl,C:\Users\user\Downloads\gnn_bert_music_context\data\processed\features\metal\metal.00026.npy
blues,C:\Users\user\Downloads\gnn_bert_music_context\data\processed\graphs\blues\blues.00096.pkl,C:\Users\user\Downloads\gnn_bert_music_context\data\processed\features\blues\blues.00096.npy
blues,C:\Users\user\Downloads\gnn_bert_music_context\data\processed\graphs\blues\blues.00068.pkl,C:\Users\user\Downloads\gnn_bert_music_context\data\processed\features\blues\blues.00068.npy
metal,C:\Users\user\Downloads\gnn_bert_music_context\data\processed\graphs\metal\metal.00074.pkl,C:\Users\user\Downloads\gnn_bert_music_context\data\processed\features\metal\metal.00074.npy
classical,C:\Users\user\Downloads\gnn_bert_music_context\data\processed\graphs\classical\classical.00044.pkl,C:\Users\user\Downloads\gnn_bert_music_context\data\processed\features\classical\classical.00044.npy
blues,C:\Users\user\Downloads\gnn_bert_music_context\data\processed\graphs\blues\blues.00093.pkl,C:\Users\user\Downloads\gnn_bert_music_context\data\processed\features\blues\blues.00093.npy
disco,C:\Users\user\Downloads\gnn_bert_music_context\data\processed\graphs\disco\disco.00073.pkl,C:\Users\user\Downloads\gnn_bert_music_context\data\processed\features\disco\disco.00073.npy
rock,C:\Users\user\Downloads\gnn_bert_music_context\data\processed\graphs\rock\rock.00098.pkl,C:\Users\user\Downloads\gnn_bert_music_context\data\processed\features\rock\rock.00098.npy
hiphop,C:\Users\user\Downloads\gnn_bert_music_context\data\processed\graphs\hiphop\hiphop.00094.pkl,C:\Users\user\Downloads\gnn_bert_music_context\data\processed\features\hiphop\hiphop.00094.npy
jazz,C:\Users\user\Downloads\gnn_bert_music_context\data\processed\graphs\jazz\jazz.00095.pkl,C:\Users\user\Downloads\gnn_bert_music_context\data\processed\features\jazz\jazz.00095.npy
pop,C:\Users\user\Downloads\gnn_bert_music_context\data\processed\graphs\pop\pop.00031.pkl,C:\Users\user\Downloads\gnn_bert_music_context\data\processed\features\pop\pop.00031.npy
rock,C:\Users\user\Downloads\gnn_bert_music_context\data\processed\graphs\rock\rock.00060.pkl,C:\Users\user\Downloads\gnn_bert_music_context\data\processed\features\rock\rock.00060.npy
classical,C:\Users\user\Downloads\gnn_bert_music_context\data\processed\graphs\classical\classical.00066.pkl,C:\Users\user\Downloads\gnn_bert_music_context\data\processed\features\classical\classical.00066.npy
hiphop,C:\Users\user\Downloads\gnn_bert_music_context\data\processed\graphs\hiphop\hiphop.00034.pkl,C:\Users\user\Downloads\gnn_bert_music_context\data\processed\features\hiphop\hiphop.00034.npy
jazz,C:\Users\user\Downloads\gnn_bert_music_context\data\processed\graphs\jazz\jazz.00026.pkl,C:\Users\user\Downloads\gnn_bert_music_context\data\processed\features\jazz\jazz.00026.npy
jazz,C:\Users\user\Downloads\gnn_bert_music_context\data\processed\graphs\jazz\jazz.00016.pkl,C:\Users\user\Downloads\gnn_bert_music_context\data\processed\features\jazz\jazz.00016.npy
reggae,C:\Users\user\Downloads\gnn_bert_music_context\data\processed\graphs\reggae\reggae.00072.pkl,C:\Users\user\Downloads\gnn_bert_music_context\data\processed\features\reggae\reggae.00072.npy
classical,C:\Users\user\Downloads\gnn_bert_music_context\data\processed\graphs\classical\classical.00092.pkl,C:\Users\user\Downloads\gnn_bert_music_context\data\processed\features\classical\classical.00092.npy
disco,C:\Users\user\Downloads\gnn_bert_music_context\data\processed\graphs\disco\disco.00091.pkl,C:\Users\user\Downloads\gnn_bert_music_context\data\processed\features\disco\disco.00091.npy
reggae,C:\Users\user\Downloads\gnn_bert_music_context\data\processed\graphs\reggae\reggae.00018.pkl,C:\Users\user\Downloads\gnn_bert_music_context\data\processed\features\reggae\reggae.00018.npy
reggae,C:\Users\user\Downloads\gnn_bert_music_context\data\processed\graphs\reggae\reggae.00012.pkl,C:\Users\user\Downloads\gnn_bert_music_context\data\processed\features\reggae\reggae.00012.npy
pop,C:\Users\user\Downloads\gnn_bert_music_context\data\processed\graphs\pop\pop.00004.pkl,C:\Users\user\Downloads\gnn_bert_music_context\data\processed\features\pop\pop.00004.npy
country,C:\Users\user\Downloads\gnn_bert_music_context\data\processed\graphs\country\country.00025.pkl,C:\Users\user\Downloads\gnn_bert_music_context\data\processed\features\country\country.00025.npy
blues,C:\Users\user\Downloads\gnn_bert_music_context\data\processed\graphs\blues\blues.00069.pkl,C:\Users\user\Downloads\gnn_bert_music_context\data\processed\features\blues\blues.00069.npy
country,C:\Users\user\Downloads\gnn_bert_music_context\data\processed\graphs\country\country.00011.pkl,C:\Users\user\Downloads\gnn_bert_music_context\data\processed\features\country\country.00011.npy
hiphop,C:\Users\user\Downloads\gnn_bert_music_context\data\processed\graphs\hiphop\hiphop.00071.pkl,C:\Users\user\Downloads\gnn_bert_music_context\data\processed\features\hiphop\hiphop.00071.npy
disco,C:\Users\user\Downloads\gnn_bert_music_context\data\processed\graphs\disco\disco.00089.pkl,C:\Users\user\Downloads\gnn_bert_music_context\data\processed\features\disco\disco.00089.npy
jazz,C:\Users\user\Downloads\gnn_bert_music_context\data\processed\graphs\jazz\jazz.00015.pkl,C:\Users\user\Downloads\gnn_bert_music_context\data\processed\features\jazz\jazz.00015.npy
country,C:\Users\user\Downloads\gnn_bert_music_context\data\processed\graphs\country\country.00047.pkl,C:\Users\user\Downloads\gnn_bert_music_context\data\processed\features\country\country.00047.npy
hiphop,C:\Users\user\Downloads\gnn_bert_music_context\data\processed\graphs\hiphop\hiphop.00003.pkl,C:\Users\user\Downloads\gnn_bert_music_context\data\processed\features\hiphop\hiphop.00003.npy
blues,C:\Users\user\Downloads\gnn_bert_music_context\data\processed\graphs\blues\blues.00044.pkl,C:\Users\user\Downloads\gnn_bert_music_context\data\processed\features\blues\blues.00044.npy
hiphop,C:\Users\user\Downloads\gnn_bert_music_context\data\processed\graphs\hiphop\hiphop.00024.pkl,C:\Users\user\Downloads\gnn_bert_music_context\data\processed\features\hiphop\hiphop.00024.npy
country,C:\Users\user\Downloads\gnn_bert_music_context\data\processed\graphs\country\country.00036.pkl,C:\Users\user\Downloads\gnn_bert_music_context\data\processed\features\country\country.00036.npy
metal,C:\Users\user\Downloads\gnn_bert_music_context\data\processed\graphs\metal\metal.00087.pkl,C:\Users\user\Downloads\gnn_bert_music_context\data\processed\features\metal\metal.00087.npy
country,C:\Users\user\Downloads\gnn_bert_music_context\data\processed\graphs\country\country.00030.pkl,C:\Users\user\Downloads\gnn_bert_music_context\data\processed\features\country\country.00030.npy
reggae,C:\Users\user\Downloads\gnn_bert_music_context\data\processed\graphs\reggae\reggae.00025.pkl,C:\Users\user\Downloads\gnn_bert_music_context\data\processed\features\reggae\reggae.00025.npy
jazz,C:\Users\user\Downloads\gnn_bert_music_context\data\processed\graphs\jazz\jazz.00038.pkl,C:\Users\user\Downloads\gnn_bert_music_context\data\processed\features\jazz\jazz.00038.npy
jazz,C:\Users\user\Downloads\gnn_bert_music_context\data\processed\graphs\jazz\jazz.00082.pkl,C:\Users\user\Downloads\gnn_bert_music_context\data\processed\features\jazz\jazz.00082.npy
classical,C:\Users\user\Downloads\gnn_bert_music_context\data\processed\graphs\classical\classical.00018.pkl,C:\Users\user\Downloads\gnn_bert_music_context\data\processed\features\classical\classical.00018.npy
disco,C:\Users\user\Downloads\gnn_bert_music_context\data\processed\graphs\disco\disco.00048.pkl,C:\Users\user\Downloads\gnn_bert_music_context\data\processed\features\disco\disco.00048.npy
classical,C:\Users\user\Downloads\gnn_bert_music_context\data\processed\graphs\classical\classical.00030.pkl,C:\Users\user\Downloads\gnn_bert_music_context\data\processed\features\classical\classical.00030.npy
jazz,C:\Users\user\Downloads\gnn_bert_music_context\data\processed\graphs\jazz\jazz.00061.pkl,C:\Users\user\Downloads\gnn_bert_music_context\data\processed\features\jazz\jazz.00061.npy
pop,C:\Users\user\Downloads\gnn_bert_music_context\data\processed\graphs\pop\pop.00009.pkl,C:\Users\user\Downloads\gnn_bert_music_context\data\processed\features\pop\pop.00009.npy
country,C:\Users\user\Downloads\gnn_bert_music_context\data\processed\graphs\country\country.00005.pkl,C:\Users\user\Downloads\gnn_bert_music_context\data\processed\features\country\country.00005.npy
pop,C:\Users\user\Downloads\gnn_bert_music_context\data\processed\graphs\pop\pop.00097.pkl,C:\Users\user\Downloads\gnn_bert_music_context\data\processed\features\pop\pop.00097.npy
pop,C:\Users\user\Downloads\gnn_bert_music_context\data\processed\graphs\pop\pop.00079.pkl,C:\Users\user\Downloads\gnn_bert_music_context\data\processed\features\pop\pop.00079.npy
reggae,C:\Users\user\Downloads\gnn_bert_music_context\data\processed\graphs\reggae\reggae.00075.pkl,C:\Users\user\Downloads\gnn_bert_music_context\data\processed\features\reggae\reggae.00075.npy
metal,C:\Users\user\Downloads\gnn_bert_music_context\data\processed\graphs\metal\metal.00017.pkl,C:\Users\user\Downloads\gnn_bert_music_context\data\processed\features\metal\metal.00017.npy
country,C:\Users\user\Downloads\gnn_bert_music_context\data\processed\graphs\country\country.00020.pkl,C:\Users\user\Downloads\gnn_bert_music_context\data\processed\features\country\country.00020.npy
reggae,C:\Users\user\Downloads\gnn_bert_music_context\data\processed\graphs\reggae\reggae.00096.pkl,C:\Users\user\Downloads\gnn_bert_music_context\data\processed\features\reggae\reggae.00096.npy
hiphop,C:\Users\user\Downloads\gnn_bert_music_context\data\processed\graphs\hiphop\hiphop.00048.pkl,C:\Users\user\Downloads\gnn_bert_music_context\data\processed\features\hiphop\hiphop.00048.npy
metal,C:\Users\user\Downloads\gnn_bert_music_context\data\processed\graphs\metal\metal.00051.pkl,C:\Users\user\Downloads\gnn_bert_music_context\data\processed\features\metal\metal.00051.npy
hiphop,C:\Users\user\Downloads\gnn_bert_music_context\data\processed\graphs\hiphop\hiphop.00027.pkl,C:\Users\user\Downloads\gnn_bert_music_context\data\processed\features\hiphop\hiphop.00027.npy
disco,C:\Users\user\Downloads\gnn_bert_music_context\data\processed\graphs\disco\disco.00071.pkl,C:\Users\user\Downloads\gnn_bert_music_context\data\processed\features\disco\disco.00071.npy
jazz,C:\Users\user\Downloads\gnn_bert_music_context\data\processed\graphs\jazz\jazz.00030.pkl,C:\Users\user\Downloads\gnn_bert_music_context\data\processed\features\jazz\jazz.00030.npy
country,C:\Users\user\Downloads\gnn_bert_music_context\data\processed\graphs\country\country.00014.pkl,C:\Users\user\Downloads\gnn_bert_music_context\data\processed\features\country\country.00014.npy
metal,C:\Users\user\Downloads\gnn_bert_music_context\data\processed\graphs\metal\metal.00086.pkl,C:\Users\user\Downloads\gnn_bert_music_context\data\processed\features\metal\metal.00086.npy
hiphop,C:\Users\user\Downloads\gnn_bert_music_context\data\processed\graphs\hiphop\hiphop.00045.pkl,C:\Users\user\Downloads\gnn_bert_music_context\data\processed\features\hiphop\hiphop.00045.npy
pop,C:\Users\user\Downloads\gnn_bert_music_context\data\processed\graphs\pop\pop.00055.pkl,C:\Users\user\Downloads\gnn_bert_music_context\data\processed\features\pop\pop.00055.npy
jazz,C:\Users\user\Downloads\gnn_bert_music_context\data\processed\graphs\jazz\jazz.00007.pkl,C:\Users\user\Downloads\gnn_bert_music_context\data\processed\features\jazz\jazz.00007.npy
metal,C:\Users\user\Downloads\gnn_bert_music_context\data\processed\graphs\metal\metal.00067.pkl,C:\Users\user\Downloads\gnn_bert_music_context\data\processed\features\metal\metal.00067.npy
hiphop,C:\Users\user\Downloads\gnn_bert_music_context\data\processed\graphs\hiphop\hiphop.00097.pkl,C:\Users\user\Downloads\gnn_bert_music_context\data\processed\features\hiphop\hiphop.00097.npy
jazz,C:\Users\user\Downloads\gnn_bert_music_context\data\processed\graphs\jazz\jazz.00017.pkl,C:\Users\user\Downloads\gnn_bert_music_context\data\processed\features\jazz\jazz.00017.npy
metal,C:\Users\user\Downloads\gnn_bert_music_context\data\processed\graphs\metal\metal.00005.pkl,C:\Users\user\Downloads\gnn_bert_music_context\data\processed\features\metal\metal.00005.npy
rock,C:\Users\user\Downloads\gnn_bert_music_context\data\processed\graphs\rock\rock.00048.pkl,C:\Users\user\Downloads\gnn_bert_music_context\data\processed\features\rock\rock.00048.npy
jazz,C:\Users\user\Downloads\gnn_bert_music_context\data\processed\graphs\jazz\jazz.00031.pkl,C:\Users\user\Downloads\gnn_bert_music_context\data\processed\features\jazz\jazz.00031.npy
reggae,C:\Users\user\Downloads\gnn_bert_music_context\data\processed\graphs\reggae\reggae.00002.pkl,C:\Users\user\Downloads\gnn_bert_music_context\data\processed\features\reggae\reggae.00002.npy
disco,C:\Users\user\Downloads\gnn_bert_music_context\data\processed\graphs\disco\disco.00013.pkl,C:\Users\user\Downloads\gnn_bert_music_context\data\processed\features\disco\disco.00013.npy
disco,C:\Users\user\Downloads\gnn_bert_music_context\data\processed\graphs\disco\disco.00010.pkl,C:\Users\user\Downloads\gnn_bert_music_context\data\processed\features\disco\disco.00010.npy
metal,C:\Users\user\Downloads\gnn_bert_music_context\data\processed\graphs\metal\metal.00046.pkl,C:\Users\user\Downloads\gnn_bert_music_context\data\processed\features\metal\metal.00046.npy
disco,C:\Users\user\Downloads\gnn_bert_music_context\data\processed\graphs\disco\disco.00066.pkl,C:\Users\user\Downloads\gnn_bert_music_context\data\processed\features\disco\disco.00066.npy
metal,C:\Users\user\Downloads\gnn_bert_music_context\data\processed\graphs\metal\metal.00062.pkl,C:\Users\user\Downloads\gnn_bert_music_context\data\processed\features\metal\metal.00062.npy
country,C:\Users\user\Downloads\gnn_bert_music_context\data\processed\graphs\country\country.00048.pkl,C:\Users\user\Downloads\gnn_bert_music_context\data\processed\features\country\country.00048.npy
pop,C:\Users\user\Downloads\gnn_bert_music_context\data\processed\graphs\pop\pop.00081.pkl,C:\Users\user\Downloads\gnn_bert_music_context\data\processed\features\pop\pop.00081.npy
classical,C:\Users\user\Downloads\gnn_bert_music_context\data\processed\graphs\classical\classical.00079.pkl,C:\Users\user\Downloads\gnn_bert_music_context\data\processed\features\classical\classical.00079.npy
pop,C:\Users\user\Downloads\gnn_bert_music_context\data\processed\graphs\pop\pop.00040.pkl,C:\Users\user\Downloads\gnn_bert_music_context\data\processed\features\pop\pop.00040.npy
classical,C:\Users\user\Downloads\gnn_bert_music_context\data\processed\graphs\classical\classical.00078.pkl,C:\Users\user\Downloads\gnn_bert_music_context\data\processed\features\classical\classical.00078.npy
jazz,C:\Users\user\Downloads\gnn_bert_music_context\data\processed\graphs\jazz\jazz.00072.pkl,C:\Users\user\Downloads\gnn_bert_music_context\data\processed\features\jazz\jazz.00072.npy
disco,C:\Users\user\Downloads\gnn_bert_music_context\data\processed\graphs\disco\disco.00017.pkl,C:\Users\user\Downloads\gnn_bert_music_context\data\processed\features\disco\disco.00017.npy
hiphop,C:\Users\user\Downloads\gnn_bert_music_context\data\processed\graphs\hiphop\hiphop.00002.pkl,C:\Users\user\Downloads\gnn_bert_music_context\data\processed\features\hiphop\hiphop.00002.npy
disco,C:\Users\user\Downloads\gnn_bert_music_context\data\processed\graphs\disco\disco.00032.pkl,C:\Users\user\Downloads\gnn_bert_music_context\data\processed\features\disco\disco.00032.npy
country,C:\Users\user\Downloads\gnn_bert_music_context\data\processed\graphs\country\country.00097.pkl,C:\Users\user\Downloads\gnn_bert_music_context\data\processed\features\country\country.00097.npy
rock,C:\Users\user\Downloads\gnn_bert_music_context\data\processed\graphs\rock\rock.00073.pkl,C:\Users\user\Downloads\gnn_bert_music_context\data\processed\features\rock\rock.00073.npy
classical,C:\Users\user\Downloads\gnn_bert_music_context\data\processed\graphs\classical\classical.00073.pkl,C:\Users\user\Downloads\gnn_bert_music_context\data\processed\features\classical\classical.00073.npy
metal,C:\Users\user\Downloads\gnn_bert_music_context\data\processed\graphs\metal\metal.00034.pkl,C:\Users\user\Downloads\gnn_bert_music_context\data\processed\features\metal\metal.00034.npy
pop,C:\Users\user\Downloads\gnn_bert_music_context\data\processed\graphs\pop\pop.00071.pkl,C:\Users\user\Downloads\gnn_bert_music_context\data\processed\features\pop\pop.00071.npy
hiphop,C:\Users\user\Downloads\gnn_bert_music_context\data\processed\graphs\hiphop\hiphop.00042.pkl,C:\Users\user\Downloads\gnn_bert_music_context\data\processed\features\hiphop\hiphop.00042.npy
rock,C:\Users\user\Downloads\gnn_bert_music_context\data\processed\graphs\rock\rock.00006.pkl,C:\Users\user\Downloads\gnn_bert_music_context\data\processed\features\rock\rock.00006.npy
disco,C:\Users\user\Downloads\gnn_bert_music_context\data\processed\graphs\disco\disco.00002.pkl,C:\Users\user\Downloads\gnn_bert_music_context\data\processed\features\disco\disco.00002.npy
blues,C:\Users\user\Downloads\gnn_bert_music_context\data\processed\graphs\blues\blues.00072.pkl,C:\Users\user\Downloads\gnn_bert_music_context\data\processed\features\blues\blues.00072.npy
rock,C:\Users\user\Downloads\gnn_bert_music_context\data\processed\graphs\rock\rock.00096.pkl,C:\Users\user\Downloads\gnn_bert_music_context\data\processed\features\rock\rock.00096.npy
hiphop,C:\Users\user\Downloads\gnn_bert_music_context\data\processed\graphs\hiphop\hiphop.00021.pkl,C:\Users\user\Downloads\gnn_bert_music_context\data\processed\features\hiphop\hiphop.00021.npy
reggae,C:\Users\user\Downloads\gnn_bert_music_context\data\processed\graphs\reggae\reggae.00041.pkl,C:\Users\user\Downloads\gnn_bert_music_context\data\processed\features\reggae\reggae.00041.npy
rock,C:\Users\user\Downloads\gnn_bert_music_context\data\processed\graphs\rock\rock.00050.pkl,C:\Users\user\Downloads\gnn_bert_music_context\data\processed\features\rock\rock.00050.npy
hiphop,C:\Users\user\Downloads\gnn_bert_music_context\data\processed\graphs\hiphop\hiphop.00068.pkl,C:\Users\user\Downloads\gnn_bert_music_context\data\processed\features\hiphop\hiphop.00068.npy
reggae,C:\Users\user\Downloads\gnn_bert_music_context\data\processed\graphs\reggae\reggae.00005.pkl,C:\Users\user\Downloads\gnn_bert_music_context\data\processed\features\reggae\reggae.00005.npy
rock,C:\Users\user\Downloads\gnn_bert_music_context\data\processed\graphs\rock\rock.00064.pkl,C:\Users\user\Downloads\gnn_bert_music_context\data\processed\features\rock\rock.00064.npy
classical,C:\Users\user\Downloads\gnn_bert_music_context\data\processed\graphs\classical\classical.00054.pkl,C:\Users\user\Downloads\gnn_bert_music_context\data\processed\features\classical\classical.00054.npy
jazz,C:\Users\user\Downloads\gnn_bert_music_context\data\processed\graphs\jazz\jazz.00050.pkl,C:\Users\user\Downloads\gnn_bert_music_context\data\processed\features\jazz\jazz.00050.npy
pop,C:\Users\user\Downloads\gnn_bert_music_context\data\processed\graphs\pop\pop.00052.pkl,C:\Users\user\Downloads\gnn_bert_music_context\data\processed\features\pop\pop.00052.npy
hiphop,C:\Users\user\Downloads\gnn_bert_music_context\data\processed\graphs\hiphop\hiphop.00033.pkl,C:\Users\user\Downloads\gnn_bert_music_context\data\processed\features\hiphop\hiphop.00033.npy
rock,C:\Users\user\Downloads\gnn_bert_music_context\data\processed\graphs\rock\rock.00001.pkl,C:\Users\user\Downloads\gnn_bert_music_context\data\processed\features\rock\rock.00001.npy
reggae,C:\Users\user\Downloads\gnn_bert_music_context\data\processed\graphs\reggae\reggae.00013.pkl,C:\Users\user\Downloads\gnn_bert_music_context\data\processed\features\reggae\reggae.00013.npy
country,C:\Users\user\Downloads\gnn_bert_music_context\data\processed\graphs\country\country.00003.pkl,C:\Users\user\Downloads\gnn_bert_music_context\data\processed\features\country\country.00003.npy
blues,C:\Users\user\Downloads\gnn_bert_music_context\data\processed\graphs\blues\blues.00026.pkl,C:\Users\user\Downloads\gnn_bert_music_context\data\processed\features\blues\blues.00026.npy
rock,C:\Users\user\Downloads\gnn_bert_music_context\data\processed\graphs\rock\rock.00053.pkl,C:\Users\user\Downloads\gnn_bert_music_context\data\processed\features\rock\rock.00053.npy
blues,C:\Users\user\Downloads\gnn_bert_music_context\data\processed\graphs\blues\blues.00083.pkl,C:\Users\user\Downloads\gnn_bert_music_context\data\processed\features\blues\blues.00083.npy
pop,C:\Users\user\Downloads\gnn_bert_music_context\data\processed\graphs\pop\pop.00043.pkl,C:\Users\user\Downloads\gnn_bert_music_context\data\processed\features\pop\pop.00043.npy
disco,C:\Users\user\Downloads\gnn_bert_music_context\data\processed\graphs\disco\disco.00081.pkl,C:\Users\user\Downloads\gnn_bert_music_context\data\processed\features\disco\disco.00081.npy
reggae,C:\Users\user\Downloads\gnn_bert_music_context\data\processed\graphs\reggae\reggae.00004.pkl,C:\Users\user\Downloads\gnn_bert_music_context\data\processed\features\reggae\reggae.00004.npy
reggae,C:\Users\user\Downloads\gnn_bert_music_context\data\processed\graphs\reggae\reggae.00097.pkl,C:\Users\user\Downloads\gnn_bert_music_context\data\processed\features\reggae\reggae.00097.npy
hiphop,C:\Users\user\Downloads\gnn_bert_music_context\data\processed\graphs\hiphop\hiphop.00063.pkl,C:\Users\user\Downloads\gnn_bert_music_context\data\processed\features\hiphop\hiphop.00063.npy
blues,C:\Users\user\Downloads\gnn_bert_music_context\data\processed\graphs\blues\blues.00066.pkl,C:\Users\user\Downloads\gnn_bert_music_context\data\processed\features\blues\blues.00066.npy
metal,C:\Users\user\Downloads\gnn_bert_music_context\data\processed\graphs\metal\metal.00042.pkl,C:\Users\user\Downloads\gnn_bert_music_context\data\processed\features\metal\metal.00042.npy
jazz,C:\Users\user\Downloads\gnn_bert_music_context\data\processed\graphs\jazz\jazz.00027.pkl,C:\Users\user\Downloads\gnn_bert_music_context\data\processed\features\jazz\jazz.00027.npy
metal,C:\Users\user\Downloads\gnn_bert_music_context\data\processed\graphs\metal\metal.00082.pkl,C:\Users\user\Downloads\gnn_bert_music_context\data\processed\features\metal\metal.00082.npy
blues,C:\Users\user\Downloads\gnn_bert_music_context\data\processed\graphs\blues\blues.00012.pkl,C:\Users\user\Downloads\gnn_bert_music_context\data\processed\features\blues\blues.00012.npy
disco,C:\Users\user\Downloads\gnn_bert_music_context\data\processed\graphs\disco\disco.00074.pkl,C:\Users\user\Downloads\gnn_bert_music_context\data\processed\features\disco\disco.00074.npy
classical,C:\Users\user\Downloads\gnn_bert_music_context\data\processed\graphs\classical\classical.00010.pkl,C:\Users\user\Downloads\gnn_bert_music_context\data\processed\features\classical\classical.00010.npy
metal,C:\Users\user\Downloads\gnn_bert_music_context\data\processed\graphs\metal\metal.00068.pkl,C:\Users\user\Downloads\gnn_bert_music_context\data\processed\features\metal\metal.00068.npy
metal,C:\Users\user\Downloads\gnn_bert_music_context\data\processed\graphs\metal\metal.00099.pkl,C:\Users\user\Downloads\gnn_bert_music_context\data\processed\features\metal\metal.00099.npy
jazz,C:\Users\user\Downloads\gnn_bert_music_context\data\processed\graphs\jazz\jazz.00001.pkl,C:\Users\user\Downloads\gnn_bert_music_context\data\processed\features\jazz\jazz.00001.npy
reggae,C:\Users\user\Downloads\gnn_bert_music_context\data\processed\graphs\reggae\reggae.00010.pkl,C:\Users\user\Downloads\gnn_bert_music_context\data\processed\features\reggae\reggae.00010.npy
metal,C:\Users\user\Downloads\gnn_bert_music_context\data\processed\graphs\metal\metal.00009.pkl,C:\Users\user\Downloads\gnn_bert_music_context\data\processed\features\metal\metal.00009.npy
pop,C:\Users\user\Downloads\gnn_bert_music_context\data\processed\graphs\pop\pop.00083.pkl,C:\Users\user\Downloads\gnn_bert_music_context\data\processed\features\pop\pop.00083.npy
classical,C:\Users\user\Downloads\gnn_bert_music_context\data\processed\graphs\classical\classical.00007.pkl,C:\Users\user\Downloads\gnn_bert_music_context\data\processed\features\classical\classical.00007.npy
metal,C:\Users\user\Downloads\gnn_bert_music_context\data\processed\graphs\metal\metal.00036.pkl,C:\Users\user\Downloads\gnn_bert_music_context\data\processed\features\metal\metal.00036.npy
rock,C:\Users\user\Downloads\gnn_bert_music_context\data\processed\graphs\rock\rock.00088.pkl,C:\Users\user\Downloads\gnn_bert_music_context\data\processed\features\rock\rock.00088.npy
country,C:\Users\user\Downloads\gnn_bert_music_context\data\processed\graphs\country\country.00091.pkl,C:\Users\user\Downloads\gnn_bert_music_context\data\processed\features\country\country.00091.npy
reggae,C:\Users\user\Downloads\gnn_bert_music_context\data\processed\graphs\reggae\reggae.00065.pkl,C:\Users\user\Downloads\gnn_bert_music_context\data\processed\features\reggae\reggae.00065.npy
hiphop,C:\Users\user\Downloads\gnn_bert_music_context\data\processed\graphs\hiphop\hiphop.00076.pkl,C:\Users\user\Downloads\gnn_bert_music_context\data\processed\features\hiphop\hiphop.00076.npy
country,C:\Users\user\Downloads\gnn_bert_music_context\data\processed\graphs\country\country.00022.pkl,C:\Users\user\Downloads\gnn_bert_music_context\data\processed\features\country\country.00022.npy
jazz,C:\Users\user\Downloads\gnn_bert_music_context\data\processed\graphs\jazz\jazz.00057.pkl,C:\Users\user\Downloads\gnn_bert_music_context\data\processed\features\jazz\jazz.00057.npy
disco,C:\Users\user\Downloads\gnn_bert_music_context\data\processed\graphs\disco\disco.00031.pkl,C:\Users\user\Downloads\gnn_bert_music_context\data\processed\features\disco\disco.00031.npy
hiphop,C:\Users\user\Downloads\gnn_bert_music_context\data\processed\graphs\hiphop\hiphop.00056.pkl,C:\Users\user\Downloads\gnn_bert_music_context\data\processed\features\hiphop\hiphop.00056.npy
jazz,C:\Users\user\Downloads\gnn_bert_music_context\data\processed\graphs\jazz\jazz.00076.pkl,C:\Users\user\Downloads\gnn_bert_music_context\data\processed\features\jazz\jazz.00076.npy
jazz,C:\Users\user\Downloads\gnn_bert_music_context\data\processed\graphs\jazz\jazz.00025.pkl,C:\Users\user\Downloads\gnn_bert_music_context\data\processed\features\jazz\jazz.00025.npy
country,C:\Users\user\Downloads\gnn_bert_music_context\data\processed\graphs\country\country.00002.pkl,C:\Users\user\Downloads\gnn_bert_music_context\data\processed\features\country\country.00002.npy
country,C:\Users\user\Downloads\gnn_bert_music_context\data\processed\graphs\country\country.00066.pkl,C:\Users\user\Downloads\gnn_bert_music_context\data\processed\features\country\country.00066.npy
country,C:\Users\user\Downloads\gnn_bert_music_context\data\processed\graphs\country\country.00092.pkl,C:\Users\user\Downloads\gnn_bert_music_context\data\processed\features\country\country.00092.npy
pop,C:\Users\user\Downloads\gnn_bert_music_context\data\processed\graphs\pop\pop.00066.pkl,C:\Users\user\Downloads\gnn_bert_music_context\data\processed\features\pop\pop.00066.npy
reggae,C:\Users\user\Downloads\gnn_bert_music_context\data\processed\graphs\reggae\reggae.00081.pkl,C:\Users\user\Downloads\gnn_bert_music_context\data\processed\features\reggae\reggae.00081.npy
blues,C:\Users\user\Downloads\gnn_bert_music_context\data\processed\graphs\blues\blues.00009.pkl,C:\Users\user\Downloads\gnn_bert_music_context\data\processed\features\blues\blues.00009.npy
classical,C:\Users\user\Downloads\gnn_bert_music_context\data\processed\graphs\classical\classical.00021.pkl,C:\Users\user\Downloads\gnn_bert_music_context\data\processed\features\classical\classical.00021.npy
reggae,C:\Users\user\Downloads\gnn_bert_music_context\data\processed\graphs\reggae\reggae.00059.pkl,C:\Users\user\Downloads\gnn_bert_music_context\data\processed\features\reggae\reggae.00059.npy
disco,C:\Users\user\Downloads\gnn_bert_music_context\data\processed\graphs\disco\disco.00040.pkl,C:\Users\user\Downloads\gnn_bert_music_context\data\processed\features\disco\disco.00040.npy
classical,C:\Users\user\Downloads\gnn_bert_music_context\data\processed\graphs\classical\classical.00059.pkl,C:\Users\user\Downloads\gnn_bert_music_context\data\processed\features\classical\classical.00059.npy
metal,C:\Users\user\Downloads\gnn_bert_music_context\data\processed\graphs\metal\metal.00003.pkl,C:\Users\user\Downloads\gnn_bert_music_context\data\processed\features\metal\metal.00003.npy
metal,C:\Users\user\Downloads\gnn_bert_music_context\data\processed\graphs\metal\metal.00075.pkl,C:\Users\user\Downloads\gnn_bert_music_context\data\processed\features\metal\metal.00075.npy
pop,C:\Users\user\Downloads\gnn_bert_music_context\data\processed\graphs\pop\pop.00092.pkl,C:\Users\user\Downloads\gnn_bert_music_context\data\processed\features\pop\pop.00092.npy
reggae,C:\Users\user\Downloads\gnn_bert_music_context\data\processed\graphs\reggae\reggae.00014.pkl,C:\Users\user\Downloads\gnn_bert_music_context\data\processed\features\reggae\reggae.00014.npy
blues,C:\Users\user\Downloads\gnn_bert_music_context\data\processed\graphs\blues\blues.00071.pkl,C:\Users\user\Downloads\gnn_bert_music_context\data\processed\features\blues\blues.00071.npy
jazz,C:\Users\user\Downloads\gnn_bert_music_context\data\processed\graphs\jazz\jazz.00062.pkl,C:\Users\user\Downloads\gnn_bert_music_context\data\processed\features\jazz\jazz.00062.npy
country,C:\Users\user\Downloads\gnn_bert_music_context\data\processed\graphs\country\country.00070.pkl,C:\Users\user\Downloads\gnn_bert_music_context\data\processed\features\country\country.00070.npy
rock,C:\Users\user\Downloads\gnn_bert_music_context\data\processed\graphs\rock\rock.00047.pkl,C:\Users\user\Downloads\gnn_bert_music_context\data\processed\features\rock\rock.00047.npy
country,C:\Users\user\Downloads\gnn_bert_music_context\data\processed\graphs\country\country.00099.pkl,C:\Users\user\Downloads\gnn_bert_music_context\data\processed\features\country\country.00099.npy
metal,C:\Users\user\Downloads\gnn_bert_music_context\data\processed\graphs\metal\metal.00078.pkl,C:\Users\user\Downloads\gnn_bert_music_context\data\processed\features\metal\metal.00078.npy
classical,C:\Users\user\Downloads\gnn_bert_music_context\data\processed\graphs\classical\classical.00003.pkl,C:\Users\user\Downloads\gnn_bert_music_context\data\processed\features\classical\classical.00003.npy
pop,C:\Users\user\Downloads\gnn_bert_music_context\data\processed\graphs\pop\pop.00077.pkl,C:\Users\user\Downloads\gnn_bert_music_context\data\processed\features\pop\pop.00077.npy
country,C:\Users\user\Downloads\gnn_bert_music_context\data\processed\graphs\country\country.00081.pkl,C:\Users\user\Downloads\gnn_bert_music_context\data\processed\features\country\country.00081.npy
hiphop,C:\Users\user\Downloads\gnn_bert_music_context\data\processed\graphs\hiphop\hiphop.00046.pkl,C:\Users\user\Downloads\gnn_bert_music_context\data\processed\features\hiphop\hiphop.00046.npy
disco,C:\Users\user\Downloads\gnn_bert_music_context\data\processed\graphs\disco\disco.00046.pkl,C:\Users\user\Downloads\gnn_bert_music_context\data\processed\features\disco\disco.00046.npy
metal,C:\Users\user\Downloads\gnn_bert_music_context\data\processed\graphs\metal\metal.00052.pkl,C:\Users\user\Downloads\gnn_bert_music_context\data\processed\features\metal\metal.00052.npy
hiphop,C:\Users\user\Downloads\gnn_bert_music_context\data\processed\graphs\hiphop\hiphop.00043.pkl,C:\Users\user\Downloads\gnn_bert_music_context\data\processed\features\hiphop\hiphop.00043.npy
rock,C:\Users\user\Downloads\gnn_bert_music_context\data\processed\graphs\rock\rock.00026.pkl,C:\Users\user\Downloads\gnn_bert_music_context\data\processed\features\rock\rock.00026.npy
blues,C:\Users\user\Downloads\gnn_bert_music_context\data\processed\graphs\blues\blues.00036.pkl,C:\Users\user\Downloads\gnn_bert_music_context\data\processed\features\blues\blues.00036.npy
hiphop,C:\Users\user\Downloads\gnn_bert_music_context\data\processed\graphs\hiphop\hiphop.00038.pkl,C:\Users\user\Downloads\gnn_bert_music_context\data\processed\features\hiphop\hiphop.00038.npy
blues,C:\Users\user\Downloads\gnn_bert_music_context\data\processed\graphs\blues\blues.00048.pkl,C:\Users\user\Downloads\gnn_bert_music_context\data\processed\features\blues\blues.00048.npy
blues,C:\Users\user\Downloads\gnn_bert_music_context\data\processed\graphs\blues\blues.00003.pkl,C:\Users\user\Downloads\gnn_bert_music_context\data\processed\features\blues\blues.00003.npy
rock,C:\Users\user\Downloads\gnn_bert_music_context\data\processed\graphs\rock\rock.00024.pkl,C:\Users\user\Downloads\gnn_bert_music_context\data\processed\features\rock\rock.00024.npy
hiphop,C:\Users\user\Downloads\gnn_bert_music_context\data\processed\graphs\hiphop\hiphop.00084.pkl,C:\Users\user\Downloads\gnn_bert_music_context\data\processed\features\hiphop\hiphop.00084.npy
blues,C:\Users\user\Downloads\gnn_bert_music_context\data\processed\graphs\blues\blues.00061.pkl,C:\Users\user\Downloads\gnn_bert_music_context\data\processed\features\blues\blues.00061.npy
hiphop,C:\Users\user\Downloads\gnn_bert_music_context\data\processed\graphs\hiphop\hiphop.00067.pkl,C:\Users\user\Downloads\gnn_bert_music_context\data\processed\features\hiphop\hiphop.00067.npy
country,C:\Users\user\Downloads\gnn_bert_music_context\data\processed\graphs\country\country.00051.pkl,C:\Users\user\Downloads\gnn_bert_music_context\data\processed\features\country\country.00051.npy
blues,C:\Users\user\Downloads\gnn_bert_music_context\data\processed\graphs\blues\blues.00050.pkl,C:\Users\user\Downloads\gnn_bert_music_context\data\processed\features\blues\blues.00050.npy
country,C:\Users\user\Downloads\gnn_bert_music_context\data\processed\graphs\country\country.00096.pkl,C:\Users\user\Downloads\gnn_bert_music_context\data\processed\features\country\country.00096.npy
metal,C:\Users\user\Downloads\gnn_bert_music_context\data\processed\graphs\metal\metal.00059.pkl,C:\Users\user\Downloads\gnn_bert_music_context\data\processed\features\metal\metal.00059.npy
pop,C:\Users\user\Downloads\gnn_bert_music_context\data\processed\graphs\pop\pop.00007.pkl,C:\Users\user\Downloads\gnn_bert_music_context\data\processed\features\pop\pop.00007.npy
country,C:\Users\user\Downloads\gnn_bert_music_context\data\processed\graphs\country\country.00087.pkl,C:\Users\user\Downloads\gnn_bert_music_context\data\processed\features\country\country.00087.npy
hiphop,C:\Users\user\Downloads\gnn_bert_music_context\data\processed\graphs\hiphop\hiphop.00005.pkl,C:\Users\user\Downloads\gnn_bert_music_context\data\processed\features\hiphop\hiphop.00005.npy
metal,C:\Users\user\Downloads\gnn_bert_music_context\data\processed\graphs\metal\metal.00014.pkl,C:\Users\user\Downloads\gnn_bert_music_context\data\processed\features\metal\metal.00014.npy
jazz,C:\Users\user\Downloads\gnn_bert_music_context\data\processed\graphs\jazz\jazz.00029.pkl,C:\Users\user\Downloads\gnn_bert_music_context\data\processed\features\jazz\jazz.00029.npy
jazz,C:\Users\user\Downloads\gnn_bert_music_context\data\processed\graphs\jazz\jazz.00046.pkl,C:\Users\user\Downloads\gnn_bert_music_context\data\processed\features\jazz\jazz.00046.npy
metal,C:\Users\user\Downloads\gnn_bert_music_context\data\processed\graphs\metal\metal.00025.pkl,C:\Users\user\Downloads\gnn_bert_music_context\data\processed\features\metal\metal.00025.npy
hiphop,C:\Users\user\Downloads\gnn_bert_music_context\data\processed\graphs\hiphop\hiphop.00059.pkl,C:\Users\user\Downloads\gnn_bert_music_context\data\processed\features\hiphop\hiphop.00059.npy
blues,C:\Users\user\Downloads\gnn_bert_music_context\data\processed\graphs\blues\blues.00034.pkl,C:\Users\user\Downloads\gnn_bert_music_context\data\processed\features\blues\blues.00034.npy
disco,C:\Users\user\Downloads\gnn_bert_music_context\data\processed\graphs\disco\disco.00004.pkl,C:\Users\user\Downloads\gnn_bert_music_context\data\processed\features\disco\disco.00004.npy
pop,C:\Users\user\Downloads\gnn_bert_music_context\data\processed\graphs\pop\pop.00057.pkl,C:\Users\user\Downloads\gnn_bert_music_context\data\processed\features\pop\pop.00057.npy
pop,C:\Users\user\Downloads\gnn_bert_music_context\data\processed\graphs\pop\pop.00080.pkl,C:\Users\user\Downloads\gnn_bert_music_context\data\processed\features\pop\pop.00080.npy
jazz,C:\Users\user\Downloads\gnn_bert_music_context\data\processed\graphs\jazz\jazz.00024.pkl,C:\Users\user\Downloads\gnn_bert_music_context\data\processed\features\jazz\jazz.00024.npy
country,C:\Users\user\Downloads\gnn_bert_music_context\data\processed\graphs\country\country.00049.pkl,C:\Users\user\Downloads\gnn_bert_music_context\data\processed\features\country\country.00049.npy
blues,C:\Users\user\Downloads\gnn_bert_music_context\data\processed\graphs\blues\blues.00041.pkl,C:\Users\user\Downloads\gnn_bert_music_context\data\processed\features\blues\blues.00041.npy
country,C:\Users\user\Downloads\gnn_bert_music_context\data\processed\graphs\country\country.00004.pkl,C:\Users\user\Downloads\gnn_bert_music_context\data\processed\features\country\country.00004.npy
blues,C:\Users\user\Downloads\gnn_bert_music_context\data\processed\graphs\blues\blues.00010.pkl,C:\Users\user\Downloads\gnn_bert_music_context\data\processed\features\blues\blues.00010.npy
hiphop,C:\Users\user\Downloads\gnn_bert_music_context\data\processed\graphs\hiphop\hiphop.00050.pkl,C:\Users\user\Downloads\gnn_bert_music_context\data\processed\features\hiphop\hiphop.00050.npy
jazz,C:\Users\user\Downloads\gnn_bert_music_context\data\processed\graphs\jazz\jazz.00086.pkl,C:\Users\user\Downloads\gnn_bert_music_context\data\processed\features\jazz\jazz.00086.npy
pop,C:\Users\user\Downloads\gnn_bert_music_context\data\processed\graphs\pop\pop.00033.pkl,C:\Users\user\Downloads\gnn_bert_music_context\data\processed\features\pop\pop.00033.npy
hiphop,C:\Users\user\Downloads\gnn_bert_music_context\data\processed\graphs\hiphop\hiphop.00073.pkl,C:\Users\user\Downloads\gnn_bert_music_context\data\processed\features\hiphop\hiphop.00073.npy
hiphop,C:\Users\user\Downloads\gnn_bert_music_context\data\processed\graphs\hiphop\hiphop.00001.pkl,C:\Users\user\Downloads\gnn_bert_music_context\data\processed\features\hiphop\hiphop.00001.npy
disco,C:\Users\user\Downloads\gnn_bert_music_context\data\processed\graphs\disco\disco.00090.pkl,C:\Users\user\Downloads\gnn_bert_music_context\data\processed\features\disco\disco.00090.npy
disco,C:\Users\user\Downloads\gnn_bert_music_context\data\processed\graphs\disco\disco.00077.pkl,C:\Users\user\Downloads\gnn_bert_music_context\data\processed\features\disco\disco.00077.npy
disco,C:\Users\user\Downloads\gnn_bert_music_context\data\processed\graphs\disco\disco.00039.pkl,C:\Users\user\Downloads\gnn_bert_music_context\data\processed\features\disco\disco.00039.npy
classical,C:\Users\user\Downloads\gnn_bert_music_context\data\processed\graphs\classical\classical.00096.pkl,C:\Users\user\Downloads\gnn_bert_music_context\data\processed\features\classical\classical.00096.npy
disco,C:\Users\user\Downloads\gnn_bert_music_context\data\processed\graphs\disco\disco.00079.pkl,C:\Users\user\Downloads\gnn_bert_music_context\data\processed\features\disco\disco.00079.npy
reggae,C:\Users\user\Downloads\gnn_bert_music_context\data\processed\graphs\reggae\reggae.00078.pkl,C:\Users\user\Downloads\gnn_bert_music_context\data\processed\features\reggae\reggae.00078.npy
blues,C:\Users\user\Downloads\gnn_bert_music_context\data\processed\graphs\blues\blues.00089.pkl,C:\Users\user\Downloads\gnn_bert_music_context\data\processed\features\blues\blues.00089.npy
blues,C:\Users\user\Downloads\gnn_bert_music_context\data\processed\graphs\blues\blues.00013.pkl,C:\Users\user\Downloads\gnn_bert_music_context\data\processed\features\blues\blues.00013.npy
disco,C:\Users\user\Downloads\gnn_bert_music_context\data\processed\graphs\disco\disco.00056.pkl,C:\Users\user\Downloads\gnn_bert_music_context\data\processed\features\disco\disco.00056.npy
metal,C:\Users\user\Downloads\gnn_bert_music_context\data\processed\graphs\metal\metal.00020.pkl,C:\Users\user\Downloads\gnn_bert_music_context\data\processed\features\metal\metal.00020.npy
reggae,C:\Users\user\Downloads\gnn_bert_music_context\data\processed\graphs\reggae\reggae.00093.pkl,C:\Users\user\Downloads\gnn_bert_music_context\data\processed\features\reggae\reggae.00093.npy
jazz,C:\Users\user\Downloads\gnn_bert_music_context\data\processed\graphs\jazz\jazz.00002.pkl,C:\Users\user\Downloads\gnn_bert_music_context\data\processed\features\jazz\jazz.00002.npy
hiphop,C:\Users\user\Downloads\gnn_bert_music_context\data\processed\graphs\hiphop\hiphop.00080.pkl,C:\Users\user\Downloads\gnn_bert_music_context\data\processed\features\hiphop\hiphop.00080.npy
country,C:\Users\user\Downloads\gnn_bert_music_context\data\processed\graphs\country\country.00012.pkl,C:\Users\user\Downloads\gnn_bert_music_context\data\processed\features\country\country.00012.npy
classical,C:\Users\user\Downloads\gnn_bert_music_context\data\processed\graphs\classical\classical.00014.pkl,C:\Users\user\Downloads\gnn_bert_music_context\data\processed\features\classical\classical.00014.npy
country,C:\Users\user\Downloads\gnn_bert_music_context\data\processed\graphs\country\country.00007.pkl,C:\Users\user\Downloads\gnn_bert_music_context\data\processed\features\country\country.00007.npy
classical,C:\Users\user\Downloads\gnn_bert_music_context\data\processed\graphs\classical\classical.00068.pkl,C:\Users\user\Downloads\gnn_bert_music_context\data\processed\features\classical\classical.00068.npy
pop,C:\Users\user\Downloads\gnn_bert_music_context\data\processed\graphs\pop\pop.00028.pkl,C:\Users\user\Downloads\gnn_bert_music_context\data\processed\features\pop\pop.00028.npy
country,C:\Users\user\Downloads\gnn_bert_music_context\data\processed\graphs\country\country.00059.pkl,C:\Users\user\Downloads\gnn_bert_music_context\data\processed\features\country\country.00059.npy
pop,C:\Users\user\Downloads\gnn_bert_music_context\data\processed\graphs\pop\pop.00034.pkl,C:\Users\user\Downloads\gnn_bert_music_context\data\processed\features\pop\pop.00034.npy
blues,C:\Users\user\Downloads\gnn_bert_music_context\data\processed\graphs\blues\blues.00080.pkl,C:\Users\user\Downloads\gnn_bert_music_context\data\processed\features\blues\blues.00080.npy
hiphop,C:\Users\user\Downloads\gnn_bert_music_context\data\processed\graphs\hiphop\hiphop.00065.pkl,C:\Users\user\Downloads\gnn_bert_music_context\data\processed\features\hiphop\hiphop.00065.npy
blues,C:\Users\user\Downloads\gnn_bert_music_context\data\processed\graphs\blues\blues.00000.pkl,C:\Users\user\Downloads\gnn_bert_music_context\data\processed\features\blues\blues.00000.npy
country,C:\Users\user\Downloads\gnn_bert_music_context\data\processed\graphs\country\country.00009.pkl,C:\Users\user\Downloads\gnn_bert_music_context\data\processed\features\country\country.00009.npy
blues,C:\Users\user\Downloads\gnn_bert_music_context\data\processed\graphs\blues\blues.00043.pkl,C:\Users\user\Downloads\gnn_bert_music_context\data\processed\features\blues\blues.00043.npy
disco,C:\Users\user\Downloads\gnn_bert_music_context\data\processed\graphs\disco\disco.00096.pkl,C:\Users\user\Downloads\gnn_bert_music_context\data\processed\features\disco\disco.00096.npy
rock,C:\Users\user\Downloads\gnn_bert_music_context\data\processed\graphs\rock\rock.00039.pkl,C:\Users\user\Downloads\gnn_bert_music_context\data\processed\features\rock\rock.00039.npy
classical,C:\Users\user\Downloads\gnn_bert_music_context\data\processed\graphs\classical\classical.00083.pkl,C:\Users\user\Downloads\gnn_bert_music_context\data\processed\features\classical\classical.00083.npy
metal,C:\Users\user\Downloads\gnn_bert_music_context\data\processed\graphs\metal\metal.00080.pkl,C:\Users\user\Downloads\gnn_bert_music_context\data\processed\features\metal\metal.00080.npy
pop,C:\Users\user\Downloads\gnn_bert_music_context\data\processed\graphs\pop\pop.00021.pkl,C:\Users\user\Downloads\gnn_bert_music_context\data\processed\features\pop\pop.00021.npy
hiphop,C:\Users\user\Downloads\gnn_bert_music_context\data\processed\graphs\hiphop\hiphop.00095.pkl,C:\Users\user\Downloads\gnn_bert_music_context\data\processed\features\hiphop\hiphop.00095.npy
disco,C:\Users\user\Downloads\gnn_bert_music_context\data\processed\graphs\disco\disco.00045.pkl,C:\Users\user\Downloads\gnn_bert_music_context\data\processed\features\disco\disco.00045.npy
metal,C:\Users\user\Downloads\gnn_bert_music_context\data\processed\graphs\metal\metal.00088.pkl,C:\Users\user\Downloads\gnn_bert_music_context\data\processed\features\metal\metal.00088.npy
disco,C:\Users\user\Downloads\gnn_bert_music_context\data\processed\graphs\disco\disco.00014.pkl,C:\Users\user\Downloads\gnn_bert_music_context\data\processed\features\disco\disco.00014.npy
pop,C:\Users\user\Downloads\gnn_bert_music_context\data\processed\graphs\pop\pop.00069.pkl,C:\Users\user\Downloads\gnn_bert_music_context\data\processed\features\pop\pop.00069.npy
blues,C:\Users\user\Downloads\gnn_bert_music_context\data\processed\graphs\blues\blues.00062.pkl,C:\Users\user\Downloads\gnn_bert_music_context\data\processed\features\blues\blues.00062.npy
country,C:\Users\user\Downloads\gnn_bert_music_context\data\processed\graphs\country\country.00086.pkl,C:\Users\user\Downloads\gnn_bert_music_context\data\processed\features\country\country.00086.npy
metal,C:\Users\user\Downloads\gnn_bert_music_context\data\processed\graphs\metal\metal.00037.pkl,C:\Users\user\Downloads\gnn_bert_music_context\data\processed\features\metal\metal.00037.npy
country,C:\Users\user\Downloads\gnn_bert_music_context\data\processed\graphs\country\country.00027.pkl,C:\Users\user\Downloads\gnn_bert_music_context\data\processed\features\country\country.00027.npy
rock,C:\Users\user\Downloads\gnn_bert_music_context\data\processed\graphs\rock\rock.00076.pkl,C:\Users\user\Downloads\gnn_bert_music_context\data\processed\features\rock\rock.00076.npy
pop,C:\Users\user\Downloads\gnn_bert_music_context\data\processed\graphs\pop\pop.00056.pkl,C:\Users\user\Downloads\gnn_bert_music_context\data\processed\features\pop\pop.00056.npy
metal,C:\Users\user\Downloads\gnn_bert_music_context\data\processed\graphs\metal\metal.00064.pkl,C:\Users\user\Downloads\gnn_bert_music_context\data\processed\features\metal\metal.00064.npy
disco,C:\Users\user\Downloads\gnn_bert_music_context\data\processed\graphs\disco\disco.00012.pkl,C:\Users\user\Downloads\gnn_bert_music_context\data\processed\features\disco\disco.00012.npy
blues,C:\Users\user\Downloads\gnn_bert_music_context\data\processed\graphs\blues\blues.00028.pkl,C:\Users\user\Downloads\gnn_bert_music_context\data\processed\features\blues\blues.00028.npy
classical,C:\Users\user\Downloads\gnn_bert_music_context\data\processed\graphs\classical\classical.00045.pkl,C:\Users\user\Downloads\gnn_bert_music_context\data\processed\features\classical\classical.00045.npy
jazz,C:\Users\user\Downloads\gnn_bert_music_context\data\processed\graphs\jazz\jazz.00000.pkl,C:\Users\user\Downloads\gnn_bert_music_context\data\processed\features\jazz\jazz.00000.npy
hiphop,C:\Users\user\Downloads\gnn_bert_music_context\data\processed\graphs\hiphop\hiphop.00069.pkl,C:\Users\user\Downloads\gnn_bert_music_context\data\processed\features\hiphop\hiphop.00069.npy
blues,C:\Users\user\Downloads\gnn_bert_music_context\data\processed\graphs\blues\blues.00040.pkl,C:\Users\user\Downloads\gnn_bert_music_context\data\processed\features\blues\blues.00040.npy
classical,C:\Users\user\Downloads\gnn_bert_music_context\data\processed\graphs\classical\classical.00024.pkl,C:\Users\user\Downloads\gnn_bert_music_context\data\processed\features\classical\classical.00024.npy
pop,C:\Users\user\Downloads\gnn_bert_music_context\data\processed\graphs\pop\pop.00098.pkl,C:\Users\user\Downloads\gnn_bert_music_context\data\processed\features\pop\pop.00098.npy
disco,C:\Users\user\Downloads\gnn_bert_music_context\data\processed\graphs\disco\disco.00036.pkl,C:\Users\user\Downloads\gnn_bert_music_context\data\processed\features\disco\disco.00036.npy
jazz,C:\Users\user\Downloads\gnn_bert_music_context\data\processed\graphs\jazz\jazz.00045.pkl,C:\Users\user\Downloads\gnn_bert_music_context\data\processed\features\jazz\jazz.00045.npy
blues,C:\Users\user\Downloads\gnn_bert_music_context\data\processed\graphs\blues\blues.00053.pkl,C:\Users\user\Downloads\gnn_bert_music_context\data\processed\features\blues\blues.00053.npy
reggae,C:\Users\user\Downloads\gnn_bert_music_context\data\processed\graphs\reggae\reggae.00040.pkl,C:\Users\user\Downloads\gnn_bert_music_context\data\processed\features\reggae\reggae.00040.npy
rock,C:\Users\user\Downloads\gnn_bert_music_context\data\processed\graphs\rock\rock.00099.pkl,C:\Users\user\Downloads\gnn_bert_music_context\data\processed\features\rock\rock.00099.npy
hiphop,C:\Users\user\Downloads\gnn_bert_music_context\data\processed\graphs\hiphop\hiphop.00014.pkl,C:\Users\user\Downloads\gnn_bert_music_context\data\processed\features\hiphop\hiphop.00014.npy
country,C:\Users\user\Downloads\gnn_bert_music_context\data\processed\graphs\country\country.00084.pkl,C:\Users\user\Downloads\gnn_bert_music_context\data\processed\features\country\country.00084.npy
jazz,C:\Users\user\Downloads\gnn_bert_music_context\data\processed\graphs\jazz\jazz.00078.pkl,C:\Users\user\Downloads\gnn_bert_music_context\data\processed\features\jazz\jazz.00078.npy
hiphop,C:\Users\user\Downloads\gnn_bert_music_context\data\processed\graphs\hiphop\hiphop.00085.pkl,C:\Users\user\Downloads\gnn_bert_music_context\data\processed\features\hiphop\hiphop.00085.npy
classical,C:\Users\user\Downloads\gnn_bert_music_context\data\processed\graphs\classical\classical.00038.pkl,C:\Users\user\Downloads\gnn_bert_music_context\data\processed\features\classical\classical.00038.npy
classical,C:\Users\user\Downloads\gnn_bert_music_context\data\processed\graphs\classical\classical.00065.pkl,C:\Users\user\Downloads\gnn_bert_music_context\data\processed\features\classical\classical.00065.npy
disco,C:\Users\user\Downloads\gnn_bert_music_context\data\processed\graphs\disco\disco.00083.pkl,C:\Users\user\Downloads\gnn_bert_music_context\data\processed\features\disco\disco.00083.npy
pop,C:\Users\user\Downloads\gnn_bert_music_context\data\processed\graphs\pop\pop.00065.pkl,C:\Users\user\Downloads\gnn_bert_music_context\data\processed\features\pop\pop.00065.npy
blues,C:\Users\user\Downloads\gnn_bert_music_context\data\processed\graphs\blues\blues.00085.pkl,C:\Users\user\Downloads\gnn_bert_music_context\data\processed\features\blues\blues.00085.npy
reggae,C:\Users\user\Downloads\gnn_bert_music_context\data\processed\graphs\reggae\reggae.00076.pkl,C:\Users\user\Downloads\gnn_bert_music_context\data\processed\features\reggae\reggae.00076.npy
pop,C:\Users\user\Downloads\gnn_bert_music_context\data\processed\graphs\pop\pop.00024.pkl,C:\Users\user\Downloads\gnn_bert_music_context\data\processed\features\pop\pop.00024.npy
hiphop,C:\Users\user\Downloads\gnn_bert_music_context\data\processed\graphs\hiphop\hiphop.00078.pkl,C:\Users\user\Downloads\gnn_bert_music_context\data\processed\features\hiphop\hiphop.00078.npy
jazz,C:\Users\user\Downloads\gnn_bert_music_context\data\processed\graphs\jazz\jazz.00081.pkl,C:\Users\user\Downloads\gnn_bert_music_context\data\processed\features\jazz\jazz.00081.npy
classical,C:\Users\user\Downloads\gnn_bert_music_context\data\processed\graphs\classical\classical.00000.pkl,C:\Users\user\Downloads\gnn_bert_music_context\data\processed\features\classical\classical.00000.npy
hiphop,C:\Users\user\Downloads\gnn_bert_music_context\data\processed\graphs\hiphop\hiphop.00023.pkl,C:\Users\user\Downloads\gnn_bert_music_context\data\processed\features\hiphop\hiphop.00023.npy
metal,C:\Users\user\Downloads\gnn_bert_music_context\data\processed\graphs\metal\metal.00058.pkl,C:\Users\user\Downloads\gnn_bert_music_context\data\processed\features\metal\metal.00058.npy
rock,C:\Users\user\Downloads\gnn_bert_music_context\data\processed\graphs\rock\rock.00080.pkl,C:\Users\user\Downloads\gnn_bert_music_context\data\processed\features\rock\rock.00080.npy
jazz,C:\Users\user\Downloads\gnn_bert_music_context\data\processed\graphs\jazz\jazz.00019.pkl,C:\Users\user\Downloads\gnn_bert_music_context\data\processed\features\jazz\jazz.00019.npy
pop,C:\Users\user\Downloads\gnn_bert_music_context\data\processed\graphs\pop\pop.00075.pkl,C:\Users\user\Downloads\gnn_bert_music_context\data\processed\features\pop\pop.00075.npy
hiphop,C:\Users\user\Downloads\gnn_bert_music_context\data\processed\graphs\hiphop\hiphop.00010.pkl,C:\Users\user\Downloads\gnn_bert_music_context\data\processed\features\hiphop\hiphop.00010.npy
hiphop,C:\Users\user\Downloads\gnn_bert_music_context\data\processed\graphs\hiphop\hiphop.00009.pkl,C:\Users\user\Downloads\gnn_bert_music_context\data\processed\features\hiphop\hiphop.00009.npy
blues,C:\Users\user\Downloads\gnn_bert_music_context\data\processed\graphs\blues\blues.00042.pkl,C:\Users\user\Downloads\gnn_bert_music_context\data\processed\features\blues\blues.00042.npy
classical,C:\Users\user\Downloads\gnn_bert_music_context\data\processed\graphs\classical\classical.00082.pkl,C:\Users\user\Downloads\gnn_bert_music_context\data\processed\features\classical\classical.00082.npy
blues,C:\Users\user\Downloads\gnn_bert_music_context\data\processed\graphs\blues\blues.00094.pkl,C:\Users\user\Downloads\gnn_bert_music_context\data\processed\features\blues\blues.00094.npy
metal,C:\Users\user\Downloads\gnn_bert_music_context\data\processed\graphs\metal\metal.00085.pkl,C:\Users\user\Downloads\gnn_bert_music_context\data\processed\features\metal\metal.00085.npy
jazz,C:\Users\user\Downloads\gnn_bert_music_context\data\processed\graphs\jazz\jazz.00053.pkl,C:\Users\user\Downloads\gnn_bert_music_context\data\processed\features\jazz\jazz.00053.npy
pop,C:\Users\user\Downloads\gnn_bert_music_context\data\processed\graphs\pop\pop.00003.pkl,C:\Users\user\Downloads\gnn_bert_music_context\data\processed\features\pop\pop.00003.npy
rock,C:\Users\user\Downloads\gnn_bert_music_context\data\processed\graphs\rock\rock.00068.pkl,C:\Users\user\Downloads\gnn_bert_music_context\data\processed\features\rock\rock.00068.npy
pop,C:\Users\user\Downloads\gnn_bert_music_context\data\processed\graphs\pop\pop.00041.pkl,C:\Users\user\Downloads\gnn_bert_music_context\data\processed\features\pop\pop.00041.npy
rock,C:\Users\user\Downloads\gnn_bert_music_context\data\processed\graphs\rock\rock.00081.pkl,C:\Users\user\Downloads\gnn_bert_music_context\data\processed\features\rock\rock.00081.npy
disco,C:\Users\user\Downloads\gnn_bert_music_context\data\processed\graphs\disco\disco.00070.pkl,C:\Users\user\Downloads\gnn_bert_music_context\data\processed\features\disco\disco.00070.npy
disco,C:\Users\user\Downloads\gnn_bert_music_context\data\processed\graphs\disco\disco.00009.pkl,C:\Users\user\Downloads\gnn_bert_music_context\data\processed\features\disco\disco.00009.npy
disco,C:\Users\user\Downloads\gnn_bert_music_context\data\processed\graphs\disco\disco.00069.pkl,C:\Users\user\Downloads\gnn_bert_music_context\data\processed\features\disco\disco.00069.npy
reggae,C:\Users\user\Downloads\gnn_bert_music_context\data\processed\graphs\reggae\reggae.00045.pkl,C:\Users\user\Downloads\gnn_bert_music_context\data\processed\features\reggae\reggae.00045.npy
rock,C:\Users\user\Downloads\gnn_bert_music_context\data\processed\graphs\rock\rock.00082.pkl,C:\Users\user\Downloads\gnn_bert_music_context\data\processed\features\rock\rock.00082.npy
hiphop,C:\Users\user\Downloads\gnn_bert_music_context\data\processed\graphs\hiphop\hiphop.00041.pkl,C:\Users\user\Downloads\gnn_bert_music_context\data\processed\features\hiphop\hiphop.00041.npy
classical,C:\Users\user\Downloads\gnn_bert_music_context\data\processed\graphs\classical\classical.00084.pkl,C:\Users\user\Downloads\gnn_bert_music_context\data\processed\features\classical\classical.00084.npy
disco,C:\Users\user\Downloads\gnn_bert_music_context\data\processed\graphs\disco\disco.00044.pkl,C:\Users\user\Downloads\gnn_bert_music_context\data\processed\features\disco\disco.00044.npy
metal,C:\Users\user\Downloads\gnn_bert_music_context\data\processed\graphs\metal\metal.00004.pkl,C:\Users\user\Downloads\gnn_bert_music_context\data\processed\features\metal\metal.00004.npy
pop,C:\Users\user\Downloads\gnn_bert_music_context\data\processed\graphs\pop\pop.00068.pkl,C:\Users\user\Downloads\gnn_bert_music_context\data\processed\features\pop\pop.00068.npy
metal,C:\Users\user\Downloads\gnn_bert_music_context\data\processed\graphs\metal\metal.00072.pkl,C:\Users\user\Downloads\gnn_bert_music_context\data\processed\features\metal\metal.00072.npy
blues,C:\Users\user\Downloads\gnn_bert_music_context\data\processed\graphs\blues\blues.00046.pkl,C:\Users\user\Downloads\gnn_bert_music_context\data\processed\features\blues\blues.00046.npy
jazz,C:\Users\user\Downloads\gnn_bert_music_context\data\processed\graphs\jazz\jazz.00049.pkl,C:\Users\user\Downloads\gnn_bert_music_context\data\processed\features\jazz\jazz.00049.npy
disco,C:\Users\user\Downloads\gnn_bert_music_context\data\processed\graphs\disco\disco.00099.pkl,C:\Users\user\Downloads\gnn_bert_music_context\data\processed\features\disco\disco.00099.npy
blues,C:\Users\user\Downloads\gnn_bert_music_context\data\processed\graphs\blues\blues.00019.pkl,C:\Users\user\Downloads\gnn_bert_music_context\data\processed\features\blues\blues.00019.npy
jazz,C:\Users\user\Downloads\gnn_bert_music_context\data\processed\graphs\jazz\jazz.00084.pkl,C:\Users\user\Downloads\gnn_bert_music_context\data\processed\features\jazz\jazz.00084.npy
pop,C:\Users\user\Downloads\gnn_bert_music_context\data\processed\graphs\pop\pop.00015.pkl,C:\Users\user\Downloads\gnn_bert_music_context\data\processed\features\pop\pop.00015.npy
pop,C:\Users\user\Downloads\gnn_bert_music_context\data\processed\graphs\pop\pop.00006.pkl,C:\Users\user\Downloads\gnn_bert_music_context\data\processed\features\pop\pop.00006.npy
hiphop,C:\Users\user\Downloads\gnn_bert_music_context\data\processed\graphs\hiphop\hiphop.00053.pkl,C:\Users\user\Downloads\gnn_bert_music_context\data\processed\features\hiphop\hiphop.00053.npy
blues,C:\Users\user\Downloads\gnn_bert_music_context\data\processed\graphs\blues\blues.00038.pkl,C:\Users\user\Downloads\gnn_bert_music_context\data\processed\features\blues\blues.00038.npy
metal,C:\Users\user\Downloads\gnn_bert_music_context\data\processed\graphs\metal\metal.00093.pkl,C:\Users\user\Downloads\gnn_bert_music_context\data\processed\features\metal\metal.00093.npy
hiphop,C:\Users\user\Downloads\gnn_bert_music_context\data\processed\graphs\hiphop\hiphop.00036.pkl,C:\Users\user\Downloads\gnn_bert_music_context\data\processed\features\hiphop\hiphop.00036.npy
disco,C:\Users\user\Downloads\gnn_bert_music_context\data\processed\graphs\disco\disco.00016.pkl,C:\Users\user\Downloads\gnn_bert_music_context\data\processed\features\disco\disco.00016.npy
metal,C:\Users\user\Downloads\gnn_bert_music_context\data\processed\graphs\metal\metal.00047.pkl,C:\Users\user\Downloads\gnn_bert_music_context\data\processed\features\metal\metal.00047.npy
jazz,C:\Users\user\Downloads\gnn_bert_music_context\data\processed\graphs\jazz\jazz.00056.pkl,C:\Users\user\Downloads\gnn_bert_music_context\data\processed\features\jazz\jazz.00056.npy
reggae,C:\Users\user\Downloads\gnn_bert_music_context\data\processed\graphs\reggae\reggae.00080.pkl,C:\Users\user\Downloads\gnn_bert_music_context\data\processed\features\reggae\reggae.00080.npy
hiphop,C:\Users\user\Downloads\gnn_bert_music_context\data\processed\graphs\hiphop\hiphop.00026.pkl,C:\Users\user\Downloads\gnn_bert_music_context\data\processed\features\hiphop\hiphop.00026.npy
metal,C:\Users\user\Downloads\gnn_bert_music_context\data\processed\graphs\metal\metal.00033.pkl,C:\Users\user\Downloads\gnn_bert_music_context\data\processed\features\metal\metal.00033.npy
classical,C:\Users\user\Downloads\gnn_bert_music_context\data\processed\graphs\classical\classical.00094.pkl,C:\Users\user\Downloads\gnn_bert_music_context\data\processed\features\classical\classical.00094.npy
hiphop,C:\Users\user\Downloads\gnn_bert_music_context\data\processed\graphs\hiphop\hiphop.00052.pkl,C:\Users\user\Downloads\gnn_bert_music_context\data\processed\features\hiphop\hiphop.00052.npy
jazz,C:\Users\user\Downloads\gnn_bert_music_context\data\processed\graphs\jazz\jazz.00051.pkl,C:\Users\user\Downloads\gnn_bert_music_context\data\processed\features\jazz\jazz.00051.npy
metal,C:\Users\user\Downloads\gnn_bert_music_context\data\processed\graphs\metal\metal.00084.pkl,C:\Users\user\Downloads\gnn_bert_music_context\data\processed\features\metal\metal.00084.npy
country,C:\Users\user\Downloads\gnn_bert_music_context\data\processed\graphs\country\country.00064.pkl,C:\Users\user\Downloads\gnn_bert_music_context\data\processed\features\country\country.00064.npy
metal,C:\Users\user\Downloads\gnn_bert_music_context\data\processed\graphs\metal\metal.00048.pkl,C:\Users\user\Downloads\gnn_bert_music_context\data\processed\features\metal\metal.00048.npy
hiphop,C:\Users\user\Downloads\gnn_bert_music_context\data\processed\graphs\hiphop\hiphop.00090.pkl,C:\Users\user\Downloads\gnn_bert_music_context\data\processed\features\hiphop\hiphop.00090.npy
reggae,C:\Users\user\Downloads\gnn_bert_music_context\data\processed\graphs\reggae\reggae.00057.pkl,C:\Users\user\Downloads\gnn_bert_music_context\data\processed\features\reggae\reggae.00057.npy
reggae,C:\Users\user\Downloads\gnn_bert_music_context\data\processed\graphs\reggae\reggae.00061.pkl,C:\Users\user\Downloads\gnn_bert_music_context\data\processed\features\reggae\reggae.00061.npy
metal,C:\Users\user\Downloads\gnn_bert_music_context\data\processed\graphs\metal\metal.00024.pkl,C:\Users\user\Downloads\gnn_bert_music_context\data\processed\features\metal\metal.00024.npy
classical,C:\Users\user\Downloads\gnn_bert_music_context\data\processed\graphs\classical\classical.00095.pkl,C:\Users\user\Downloads\gnn_bert_music_context\data\processed\features\classical\classical.00095.npy
blues,C:\Users\user\Downloads\gnn_bert_music_context\data\processed\graphs\blues\blues.00004.pkl,C:\Users\user\Downloads\gnn_bert_music_context\data\processed\features\blues\blues.00004.npy
reggae,C:\Users\user\Downloads\gnn_bert_music_context\data\processed\graphs\reggae\reggae.00038.pkl,C:\Users\user\Downloads\gnn_bert_music_context\data\processed\features\reggae\reggae.00038.npy
blues,C:\Users\user\Downloads\gnn_bert_music_context\data\processed\graphs\blues\blues.00006.pkl,C:\Users\user\Downloads\gnn_bert_music_context\data\processed\features\blues\blues.00006.npy
hiphop,C:\Users\user\Downloads\gnn_bert_music_context\data\processed\graphs\hiphop\hiphop.00037.pkl,C:\Users\user\Downloads\gnn_bert_music_context\data\processed\features\hiphop\hiphop.00037.npy
metal,C:\Users\user\Downloads\gnn_bert_music_context\data\processed\graphs\metal\metal.00069.pkl,C:\Users\user\Downloads\gnn_bert_music_context\data\processed\features\metal\metal.00069.npy
jazz,C:\Users\user\Downloads\gnn_bert_music_context\data\processed\graphs\jazz\jazz.00080.pkl,C:\Users\user\Downloads\gnn_bert_music_context\data\processed\features\jazz\jazz.00080.npy
metal,C:\Users\user\Downloads\gnn_bert_music_context\data\processed\graphs\metal\metal.00070.pkl,C:\Users\user\Downloads\gnn_bert_music_context\data\processed\features\metal\metal.00070.npy
reggae,C:\Users\user\Downloads\gnn_bert_music_context\data\processed\graphs\reggae\reggae.00043.pkl,C:\Users\user\Downloads\gnn_bert_music_context\data\processed\features\reggae\reggae.00043.npy
disco,C:\Users\user\Downloads\gnn_bert_music_context\data\processed\graphs\disco\disco.00093.pkl,C:\Users\user\Downloads\gnn_bert_music_context\data\processed\features\disco\disco.00093.npy
country,C:\Users\user\Downloads\gnn_bert_music_context\data\processed\graphs\country\country.00080.pkl,C:\Users\user\Downloads\gnn_bert_music_context\data\processed\features\country\country.00080.npy
country,C:\Users\user\Downloads\gnn_bert_music_context\data\processed\graphs\country\country.00079.pkl,C:\Users\user\Downloads\gnn_bert_music_context\data\processed\features\country\country.00079.npy
disco,C:\Users\user\Downloads\gnn_bert_music_context\data\processed\graphs\disco\disco.00042.pkl,C:\Users\user\Downloads\gnn_bert_music_context\data\processed\features\disco\disco.00042.npy
rock,C:\Users\user\Downloads\gnn_bert_music_context\data\processed\graphs\rock\rock.00078.pkl,C:\Users\user\Downloads\gnn_bert_music_context\data\processed\features\rock\rock.00078.npy
metal,C:\Users\user\Downloads\gnn_bert_music_context\data\processed\graphs\metal\metal.00041.pkl,C:\Users\user\Downloads\gnn_bert_music_context\data\processed\features\metal\metal.00041.npy
reggae,C:\Users\user\Downloads\gnn_bert_music_context\data\processed\graphs\reggae\reggae.00000.pkl,C:\Users\user\Downloads\gnn_bert_music_context\data\processed\features\reggae\reggae.00000.npy
hiphop,C:\Users\user\Downloads\gnn_bert_music_context\data\processed\graphs\hiphop\hiphop.00025.pkl,C:\Users\user\Downloads\gnn_bert_music_context\data\processed\features\hiphop\hiphop.00025.npy
pop,C:\Users\user\Downloads\gnn_bert_music_context\data\processed\graphs\pop\pop.00078.pkl,C:\Users\user\Downloads\gnn_bert_music_context\data\processed\features\pop\pop.00078.npy
pop,C:\Users\user\Downloads\gnn_bert_music_context\data\processed\graphs\pop\pop.00087.pkl,C:\Users\user\Downloads\gnn_bert_music_context\data\processed\features\pop\pop.00087.npy
disco,C:\Users\user\Downloads\gnn_bert_music_context\data\processed\graphs\disco\disco.00019.pkl,C:\Users\user\Downloads\gnn_bert_music_context\data\processed\features\disco\disco.00019.npy
rock,C:\Users\user\Downloads\gnn_bert_music_context\data\processed\graphs\rock\rock.00040.pkl,C:\Users\user\Downloads\gnn_bert_music_context\data\processed\features\rock\rock.00040.npy
disco,C:\Users\user\Downloads\gnn_bert_music_context\data\processed\graphs\disco\disco.00086.pkl,C:\Users\user\Downloads\gnn_bert_music_context\data\processed\features\disco\disco.00086.npy
disco,C:\Users\user\Downloads\gnn_bert_music_context\data\processed\graphs\disco\disco.00082.pkl,C:\Users\user\Downloads\gnn_bert_music_context\data\processed\features\disco\disco.00082.npy
disco,C:\Users\user\Downloads\gnn_bert_music_context\data\processed\graphs\disco\disco.00054.pkl,C:\Users\user\Downloads\gnn_bert_music_context\data\processed\features\disco\disco.00054.npy
pop,C:\Users\user\Downloads\gnn_bert_music_context\data\processed\graphs\pop\pop.00008.pkl,C:\Users\user\Downloads\gnn_bert_music_context\data\processed\features\pop\pop.00008.npy
country,C:\Users\user\Downloads\gnn_bert_music_context\data\processed\graphs\country\country.00063.pkl,C:\Users\user\Downloads\gnn_bert_music_context\data\processed\features\country\country.00063.npy
metal,C:\Users\user\Downloads\gnn_bert_music_context\data\processed\graphs\metal\metal.00050.pkl,C:\Users\user\Downloads\gnn_bert_music_context\data\processed\features\metal\metal.00050.npy
jazz,C:\Users\user\Downloads\gnn_bert_music_context\data\processed\graphs\jazz\jazz.00034.pkl,C:\Users\user\Downloads\gnn_bert_music_context\data\processed\features\jazz\jazz.00034.npy
hiphop,C:\Users\user\Downloads\gnn_bert_music_context\data\processed\graphs\hiphop\hiphop.00047.pkl,C:\Users\user\Downloads\gnn_bert_music_context\data\processed\features\hiphop\hiphop.00047.npy
jazz,C:\Users\user\Downloads\gnn_bert_music_context\data\processed\graphs\jazz\jazz.00060.pkl,C:\Users\user\Downloads\gnn_bert_music_context\data\processed\features\jazz\jazz.00060.npy
reggae,C:\Users\user\Downloads\gnn_bert_music_context\data\processed\graphs\reggae\reggae.00032.pkl,C:\Users\user\Downloads\gnn_bert_music_context\data\processed\features\reggae\reggae.00032.npy
reggae,C:\Users\user\Downloads\gnn_bert_music_context\data\processed\graphs\reggae\reggae.00009.pkl,C:\Users\user\Downloads\gnn_bert_music_context\data\processed\features\reggae\reggae.00009.npy
pop,C:\Users\user\Downloads\gnn_bert_music_context\data\processed\graphs\pop\pop.00073.pkl,C:\Users\user\Downloads\gnn_bert_music_context\data\processed\features\pop\pop.00073.npy
metal,C:\Users\user\Downloads\gnn_bert_music_context\data\processed\graphs\metal\metal.00096.pkl,C:\Users\user\Downloads\gnn_bert_music_context\data\processed\features\metal\metal.00096.npy
hiphop,C:\Users\user\Downloads\gnn_bert_music_context\data\processed\graphs\hiphop\hiphop.00070.pkl,C:\Users\user\Downloads\gnn_bert_music_context\data\processed\features\hiphop\hiphop.00070.npy
rock,C:\Users\user\Downloads\gnn_bert_music_context\data\processed\graphs\rock\rock.00031.pkl,C:\Users\user\Downloads\gnn_bert_music_context\data\processed\features\rock\rock.00031.npy
jazz,C:\Users\user\Downloads\gnn_bert_music_context\data\processed\graphs\jazz\jazz.00093.pkl,C:\Users\user\Downloads\gnn_bert_music_context\data\processed\features\jazz\jazz.00093.npy
metal,C:\Users\user\Downloads\gnn_bert_music_context\data\processed\graphs\metal\metal.00061.pkl,C:\Users\user\Downloads\gnn_bert_music_context\data\processed\features\metal\metal.00061.npy
country,C:\Users\user\Downloads\gnn_bert_music_context\data\processed\graphs\country\country.00017.pkl,C:\Users\user\Downloads\gnn_bert_music_context\data\processed\features\country\country.00017.npy
country,C:\Users\user\Downloads\gnn_bert_music_context\data\processed\graphs\country\country.00021.pkl,C:\Users\user\Downloads\gnn_bert_music_context\data\processed\features\country\country.00021.npy
disco,C:\Users\user\Downloads\gnn_bert_music_context\data\processed\graphs\disco\disco.00098.pkl,C:\Users\user\Downloads\gnn_bert_music_context\data\processed\features\disco\disco.00098.npy
jazz,C:\Users\user\Downloads\gnn_bert_music_context\data\processed\graphs\jazz\jazz.00018.pkl,C:\Users\user\Downloads\gnn_bert_music_context\data\processed\features\jazz\jazz.00018.npy
metal,C:\Users\user\Downloads\gnn_bert_music_context\data\processed\graphs\metal\metal.00008.pkl,C:\Users\user\Downloads\gnn_bert_music_context\data\processed\features\metal\metal.00008.npy
disco,C:\Users\user\Downloads\gnn_bert_music_context\data\processed\graphs\disco\disco.00057.pkl,C:\Users\user\Downloads\gnn_bert_music_context\data\processed\features\disco\disco.00057.npy
country,C:\Users\user\Downloads\gnn_bert_music_context\data\processed\graphs\country\country.00075.pkl,C:\Users\user\Downloads\gnn_bert_music_context\data\processed\features\country\country.00075.npy
jazz,C:\Users\user\Downloads\gnn_bert_music_context\data\processed\graphs\jazz\jazz.00077.pkl,C:\Users\user\Downloads\gnn_bert_music_context\data\processed\features\jazz\jazz.00077.npy
reggae,C:\Users\user\Downloads\gnn_bert_music_context\data\processed\graphs\reggae\reggae.00063.pkl,C:\Users\user\Downloads\gnn_bert_music_context\data\processed\features\reggae\reggae.00063.npy
rock,C:\Users\user\Downloads\gnn_bert_music_context\data\processed\graphs\rock\rock.00027.pkl,C:\Users\user\Downloads\gnn_bert_music_context\data\processed\features\rock\rock.00027.npy
blues,C:\Users\user\Downloads\gnn_bert_music_context\data\processed\graphs\blues\blues.00079.pkl,C:\Users\user\Downloads\gnn_bert_music_context\data\processed\features\blues\blues.00079.npy
disco,C:\Users\user\Downloads\gnn_bert_music_context\data\processed\graphs\disco\disco.00000.pkl,C:\Users\user\Downloads\gnn_bert_music_context\data\processed\features\disco\disco.00000.npy
classical,C:\Users\user\Downloads\gnn_bert_music_context\data\processed\graphs\classical\classical.00089.pkl,C:\Users\user\Downloads\gnn_bert_music_context\data\processed\features\classical\classical.00089.npy
rock,C:\Users\user\Downloads\gnn_bert_music_context\data\processed\graphs\rock\rock.00097.pkl,C:\Users\user\Downloads\gnn_bert_music_context\data\processed\features\rock\rock.00097.npy
hiphop,C:\Users\user\Downloads\gnn_bert_music_context\data\processed\graphs\hiphop\hiphop.00035.pkl,C:\Users\user\Downloads\gnn_bert_music_context\data\processed\features\hiphop\hiphop.00035.npy
country,C:\Users\user\Downloads\gnn_bert_music_context\data\processed\graphs\country\country.00056.pkl,C:\Users\user\Downloads\gnn_bert_music_context\data\processed\features\country\country.00056.npy
pop,C:\Users\user\Downloads\gnn_bert_music_context\data\processed\graphs\pop\pop.00063.pkl,C:\Users\user\Downloads\gnn_bert_music_context\data\processed\features\pop\pop.00063.npy
rock,C:\Users\user\Downloads\gnn_bert_music_context\data\processed\graphs\rock\rock.00056.pkl,C:\Users\user\Downloads\gnn_bert_music_context\data\processed\features\rock\rock.00056.npy
disco,C:\Users\user\Downloads\gnn_bert_music_context\data\processed\graphs\disco\disco.00005.pkl,C:\Users\user\Downloads\gnn_bert_music_context\data\processed\features\disco\disco.00005.npy
pop,C:\Users\user\Downloads\gnn_bert_music_context\data\processed\graphs\pop\pop.00094.pkl,C:\Users\user\Downloads\gnn_bert_music_context\data\processed\features\pop\pop.00094.npy
country,C:\Users\user\Downloads\gnn_bert_music_context\data\processed\graphs\country\country.00057.pkl,C:\Users\user\Downloads\gnn_bert_music_context\data\processed\features\country\country.00057.npy
rock,C:\Users\user\Downloads\gnn_bert_music_context\data\processed\graphs\rock\rock.00038.pkl,C:\Users\user\Downloads\gnn_bert_music_context\data\processed\features\rock\rock.00038.npy
reggae,C:\Users\user\Downloads\gnn_bert_music_context\data\processed\graphs\reggae\reggae.00006.pkl,C:\Users\user\Downloads\gnn_bert_music_context\data\processed\features\reggae\reggae.00006.npy
pop,C:\Users\user\Downloads\gnn_bert_music_context\data\processed\graphs\pop\pop.00091.pkl,C:\Users\user\Downloads\gnn_bert_music_context\data\processed\features\pop\pop.00091.npy
reggae,C:\Users\user\Downloads\gnn_bert_music_context\data\processed\graphs\reggae\reggae.00037.pkl,C:\Users\user\Downloads\gnn_bert_music_context\data\processed\features\reggae\reggae.00037.npy
hiphop,C:\Users\user\Downloads\gnn_bert_music_context\data\processed\graphs\hiphop\hiphop.00007.pkl,C:\Users\user\Downloads\gnn_bert_music_context\data\processed\features\hiphop\hiphop.00007.npy
rock,C:\Users\user\Downloads\gnn_bert_music_context\data\processed\graphs\rock\rock.00002.pkl,C:\Users\user\Downloads\gnn_bert_music_context\data\processed\features\rock\rock.00002.npy
reggae,C:\Users\user\Downloads\gnn_bert_music_context\data\processed\graphs\reggae\reggae.00029.pkl,C:\Users\user\Downloads\gnn_bert_music_context\data\processed\features\reggae\reggae.00029.npy
metal,C:\Users\user\Downloads\gnn_bert_music_context\data\processed\graphs\metal\metal.00049.pkl,C:\Users\user\Downloads\gnn_bert_music_context\data\processed\features\metal\metal.00049.npy
classical,C:\Users\user\Downloads\gnn_bert_music_context\data\processed\graphs\classical\classical.00086.pkl,C:\Users\user\Downloads\gnn_bert_music_context\data\processed\features\classical\classical.00086.npy
disco,C:\Users\user\Downloads\gnn_bert_music_context\data\processed\graphs\disco\disco.00038.pkl,C:\Users\user\Downloads\gnn_bert_music_context\data\processed\features\disco\disco.00038.npy
reggae,C:\Users\user\Downloads\gnn_bert_music_context\data\processed\graphs\reggae\reggae.00091.pkl,C:\Users\user\Downloads\gnn_bert_music_context\data\processed\features\reggae\reggae.00091.npy
rock,C:\Users\user\Downloads\gnn_bert_music_context\data\processed\graphs\rock\rock.00014.pkl,C:\Users\user\Downloads\gnn_bert_music_context\data\processed\features\rock\rock.00014.npy
country,C:\Users\user\Downloads\gnn_bert_music_context\data\processed\graphs\country\country.00053.pkl,C:\Users\user\Downloads\gnn_bert_music_context\data\processed\features\country\country.00053.npy
blues,C:\Users\user\Downloads\gnn_bert_music_context\data\processed\graphs\blues\blues.00051.pkl,C:\Users\user\Downloads\gnn_bert_music_context\data\processed\features\blues\blues.00051.npy
disco,C:\Users\user\Downloads\gnn_bert_music_context\data\processed\graphs\disco\disco.00051.pkl,C:\Users\user\Downloads\gnn_bert_music_context\data\processed\features\disco\disco.00051.npy
pop,C:\Users\user\Downloads\gnn_bert_music_context\data\processed\graphs\pop\pop.00019.pkl,C:\Users\user\Downloads\gnn_bert_music_context\data\processed\features\pop\pop.00019.npy
rock,C:\Users\user\Downloads\gnn_bert_music_context\data\processed\graphs\rock\rock.00029.pkl,C:\Users\user\Downloads\gnn_bert_music_context\data\processed\features\rock\rock.00029.npy
blues,C:\Users\user\Downloads\gnn_bert_music_context\data\processed\graphs\blues\blues.00031.pkl,C:\Users\user\Downloads\gnn_bert_music_context\data\processed\features\blues\blues.00031.npy
metal,C:\Users\user\Downloads\gnn_bert_music_context\data\processed\graphs\metal\metal.00029.pkl,C:\Users\user\Downloads\gnn_bert_music_context\data\processed\features\metal\metal.00029.npy
rock,C:\Users\user\Downloads\gnn_bert_music_context\data\processed\graphs\rock\rock.00085.pkl,C:\Users\user\Downloads\gnn_bert_music_context\data\processed\features\rock\rock.00085.npy
metal,C:\Users\user\Downloads\gnn_bert_music_context\data\processed\graphs\metal\metal.00055.pkl,C:\Users\user\Downloads\gnn_bert_music_context\data\processed\features\metal\metal.00055.npy
rock,C:\Users\user\Downloads\gnn_bert_music_context\data\processed\graphs\rock\rock.00019.pkl,C:\Users\user\Downloads\gnn_bert_music_context\data\processed\features\rock\rock.00019.npy
metal,C:\Users\user\Downloads\gnn_bert_music_context\data\processed\graphs\metal\metal.00063.pkl,C:\Users\user\Downloads\gnn_bert_music_context\data\processed\features\metal\metal.00063.npy
rock,C:\Users\user\Downloads\gnn_bert_music_context\data\processed\graphs\rock\rock.00007.pkl,C:\Users\user\Downloads\gnn_bert_music_context\data\processed\features\rock\rock.00007.npy
pop,C:\Users\user\Downloads\gnn_bert_music_context\data\processed\graphs\pop\pop.00042.pkl,C:\Users\user\Downloads\gnn_bert_music_context\data\processed\features\pop\pop.00042.npy
country,C:\Users\user\Downloads\gnn_bert_music_context\data\processed\graphs\country\country.00071.pkl,C:\Users\user\Downloads\gnn_bert_music_context\data\processed\features\country\country.00071.npy
rock,C:\Users\user\Downloads\gnn_bert_music_context\data\processed\graphs\rock\rock.00013.pkl,C:\Users\user\Downloads\gnn_bert_music_context\data\processed\features\rock\rock.00013.npy
hiphop,C:\Users\user\Downloads\gnn_bert_music_context\data\processed\graphs\hiphop\hiphop.00020.pkl,C:\Users\user\Downloads\gnn_bert_music_context\data\processed\features\hiphop\hiphop.00020.npy
pop,C:\Users\user\Downloads\gnn_bert_music_context\data\processed\graphs\pop\pop.00089.pkl,C:\Users\user\Downloads\gnn_bert_music_context\data\processed\features\pop\pop.00089.npy
classical,C:\Users\user\Downloads\gnn_bert_music_context\data\processed\graphs\classical\classical.00093.pkl,C:\Users\user\Downloads\gnn_bert_music_context\data\processed\features\classical\classical.00093.npy
metal,C:\Users\user\Downloads\gnn_bert_music_context\data\processed\graphs\metal\metal.00023.pkl,C:\Users\user\Downloads\gnn_bert_music_context\data\processed\features\metal\metal.00023.npy
pop,C:\Users\user\Downloads\gnn_bert_music_context\data\processed\graphs\pop\pop.00047.pkl,C:\Users\user\Downloads\gnn_bert_music_context\data\processed\features\pop\pop.00047.npy
hiphop,C:\Users\user\Downloads\gnn_bert_music_context\data\processed\graphs\hiphop\hiphop.00049.pkl,C:\Users\user\Downloads\gnn_bert_music_context\data\processed\features\hiphop\hiphop.00049.npy
rock,C:\Users\user\Downloads\gnn_bert_music_context\data\processed\graphs\rock\rock.00049.pkl,C:\Users\user\Downloads\gnn_bert_music_context\data\processed\features\rock\rock.00049.npy
blues,C:\Users\user\Downloads\gnn_bert_music_context\data\processed\graphs\blues\blues.00092.pkl,C:\Users\user\Downloads\gnn_bert_music_context\data\processed\features\blues\blues.00092.npy
pop,C:\Users\user\Downloads\gnn_bert_music_context\data\processed\graphs\pop\pop.00016.pkl,C:\Users\user\Downloads\gnn_bert_music_context\data\processed\features\pop\pop.00016.npy
jazz,C:\Users\user\Downloads\gnn_bert_music_context\data\processed\graphs\jazz\jazz.00008.pkl,C:\Users\user\Downloads\gnn_bert_music_context\data\processed\features\jazz\jazz.00008.npy
disco,C:\Users\user\Downloads\gnn_bert_music_context\data\processed\graphs\disco\disco.00030.pkl,C:\Users\user\Downloads\gnn_bert_music_context\data\processed\features\disco\disco.00030.npy
disco,C:\Users\user\Downloads\gnn_bert_music_context\data\processed\graphs\disco\disco.00052.pkl,C:\Users\user\Downloads\gnn_bert_music_context\data\processed\features\disco\disco.00052.npy
blues,C:\Users\user\Downloads\gnn_bert_music_context\data\processed\graphs\blues\blues.00049.pkl,C:\Users\user\Downloads\gnn_bert_music_context\data\processed\features\blues\blues.00049.npy
pop,C:\Users\user\Downloads\gnn_bert_music_context\data\processed\graphs\pop\pop.00070.pkl,C:\Users\user\Downloads\gnn_bert_music_context\data\processed\features\pop\pop.00070.npy
rock,C:\Users\user\Downloads\gnn_bert_music_context\data\processed\graphs\rock\rock.00045.pkl,C:\Users\user\Downloads\gnn_bert_music_context\data\processed\features\rock\rock.00045.npy
jazz,C:\Users\user\Downloads\gnn_bert_music_context\data\processed\graphs\jazz\jazz.00052.pkl,C:\Users\user\Downloads\gnn_bert_music_context\data\processed\features\jazz\jazz.00052.npy
pop,C:\Users\user\Downloads\gnn_bert_music_context\data\processed\graphs\pop\pop.00044.pkl,C:\Users\user\Downloads\gnn_bert_music_context\data\processed\features\pop\pop.00044.npy
pop,C:\Users\user\Downloads\gnn_bert_music_context\data\processed\graphs\pop\pop.00001.pkl,C:\Users\user\Downloads\gnn_bert_music_context\data\processed\features\pop\pop.00001.npy
blues,C:\Users\user\Downloads\gnn_bert_music_context\data\processed\graphs\blues\blues.00016.pkl,C:\Users\user\Downloads\gnn_bert_music_context\data\processed\features\blues\blues.00016.npy
classical,C:\Users\user\Downloads\gnn_bert_music_context\data\processed\graphs\classical\classical.00025.pkl,C:\Users\user\Downloads\gnn_bert_music_context\data\processed\features\classical\classical.00025.npy
disco,C:\Users\user\Downloads\gnn_bert_music_context\data\processed\graphs\disco\disco.00006.pkl,C:\Users\user\Downloads\gnn_bert_music_context\data\processed\features\disco\disco.00006.npy
blues,C:\Users\user\Downloads\gnn_bert_music_context\data\processed\graphs\blues\blues.00047.pkl,C:\Users\user\Downloads\gnn_bert_music_context\data\processed\features\blues\blues.00047.npy
hiphop,C:\Users\user\Downloads\gnn_bert_music_context\data\processed\graphs\hiphop\hiphop.00044.pkl,C:\Users\user\Downloads\gnn_bert_music_context\data\processed\features\hiphop\hiphop.00044.npy
classical,C:\Users\user\Downloads\gnn_bert_music_context\data\processed\graphs\classical\classical.00016.pkl,C:\Users\user\Downloads\gnn_bert_music_context\data\processed\features\classical\classical.00016.npy
pop,C:\Users\user\Downloads\gnn_bert_music_context\data\processed\graphs\pop\pop.00036.pkl,C:\Users\user\Downloads\gnn_bert_music_context\data\processed\features\pop\pop.00036.npy
country,C:\Users\user\Downloads\gnn_bert_music_context\data\processed\graphs\country\country.00045.pkl,C:\Users\user\Downloads\gnn_bert_music_context\data\processed\features\country\country.00045.npy
classical,C:\Users\user\Downloads\gnn_bert_music_context\data\processed\graphs\classical\classical.00067.pkl,C:\Users\user\Downloads\gnn_bert_music_context\data\processed\features\classical\classical.00067.npy
pop,C:\Users\user\Downloads\gnn_bert_music_context\data\processed\graphs\pop\pop.00090.pkl,C:\Users\user\Downloads\gnn_bert_music_context\data\processed\features\pop\pop.00090.npy
classical,C:\Users\user\Downloads\gnn_bert_music_context\data\processed\graphs\classical\classical.00070.pkl,C:\Users\user\Downloads\gnn_bert_music_context\data\processed\features\classical\classical.00070.npy
rock,C:\Users\user\Downloads\gnn_bert_music_context\data\processed\graphs\rock\rock.00030.pkl,C:\Users\user\Downloads\gnn_bert_music_context\data\processed\features\rock\rock.00030.npy
rock,C:\Users\user\Downloads\gnn_bert_music_context\data\processed\graphs\rock\rock.00093.pkl,C:\Users\user\Downloads\gnn_bert_music_context\data\processed\features\rock\rock.00093.npy
reggae,C:\Users\user\Downloads\gnn_bert_music_context\data\processed\graphs\reggae\reggae.00039.pkl,C:\Users\user\Downloads\gnn_bert_music_context\data\processed\features\reggae\reggae.00039.npy
metal,C:\Users\user\Downloads\gnn_bert_music_context\data\processed\graphs\metal\metal.00091.pkl,C:\Users\user\Downloads\gnn_bert_music_context\data\processed\features\metal\metal.00091.npy
rock,C:\Users\user\Downloads\gnn_bert_music_context\data\processed\graphs\rock\rock.00000.pkl,C:\Users\user\Downloads\gnn_bert_music_context\data\processed\features\rock\rock.00000.npy
jazz,C:\Users\user\Downloads\gnn_bert_music_context\data\processed\graphs\jazz\jazz.00005.pkl,C:\Users\user\Downloads\gnn_bert_music_context\data\processed\features\jazz\jazz.00005.npy
blues,C:\Users\user\Downloads\gnn_bert_music_context\data\processed\graphs\blues\blues.00017.pkl,C:\Users\user\Downloads\gnn_bert_music_context\data\processed\features\blues\blues.00017.npy
country,C:\Users\user\Downloads\gnn_bert_music_context\data\processed\graphs\country\country.00041.pkl,C:\Users\user\Downloads\gnn_bert_music_context\data\processed\features\country\country.00041.npy
classical,C:\Users\user\Downloads\gnn_bert_music_context\data\processed\graphs\classical\classical.00049.pkl,C:\Users\user\Downloads\gnn_bert_music_context\data\processed\features\classical\classical.00049.npy
metal,C:\Users\user\Downloads\gnn_bert_music_context\data\processed\graphs\metal\metal.00040.pkl,C:\Users\user\Downloads\gnn_bert_music_context\data\processed\features\metal\metal.00040.npy
pop,C:\Users\user\Downloads\gnn_bert_music_context\data\processed\graphs\pop\pop.00074.pkl,C:\Users\user\Downloads\gnn_bert_music_context\data\processed\features\pop\pop.00074.npy
metal,C:\Users\user\Downloads\gnn_bert_music_context\data\processed\graphs\metal\metal.00006.pkl,C:\Users\user\Downloads\gnn_bert_music_context\data\processed\features\metal\metal.00006.npy
blues,C:\Users\user\Downloads\gnn_bert_music_context\data\processed\graphs\blues\blues.00073.pkl,C:\Users\user\Downloads\gnn_bert_music_context\data\processed\features\blues\blues.00073.npy
jazz,C:\Users\user\Downloads\gnn_bert_music_context\data\processed\graphs\jazz\jazz.00071.pkl,C:\Users\user\Downloads\gnn_bert_music_context\data\processed\features\jazz\jazz.00071.npy
classical,C:\Users\user\Downloads\gnn_bert_music_context\data\processed\graphs\classical\classical.00041.pkl,C:\Users\user\Downloads\gnn_bert_music_context\data\processed\features\classical\classical.00041.npy
metal,C:\Users\user\Downloads\gnn_bert_music_context\data\processed\graphs\metal\metal.00083.pkl,C:\Users\user\Downloads\gnn_bert_music_context\data\processed\features\metal\metal.00083.npy
metal,C:\Users\user\Downloads\gnn_bert_music_context\data\processed\graphs\metal\metal.00054.pkl,C:\Users\user\Downloads\gnn_bert_music_context\data\processed\features\metal\metal.00054.npy
hiphop,C:\Users\user\Downloads\gnn_bert_music_context\data\processed\graphs\hiphop\hiphop.00075.pkl,C:\Users\user\Downloads\gnn_bert_music_context\data\processed\features\hiphop\hiphop.00075.npy
jazz,C:\Users\user\Downloads\gnn_bert_music_context\data\processed\graphs\jazz\jazz.00099.pkl,C:\Users\user\Downloads\gnn_bert_music_context\data\processed\features\jazz\jazz.00099.npy
hiphop,C:\Users\user\Downloads\gnn_bert_music_context\data\processed\graphs\hiphop\hiphop.00087.pkl,C:\Users\user\Downloads\gnn_bert_music_context\data\processed\features\hiphop\hiphop.00087.npy
reggae,C:\Users\user\Downloads\gnn_bert_music_context\data\processed\graphs\reggae\reggae.00095.pkl,C:\Users\user\Downloads\gnn_bert_music_context\data\processed\features\reggae\reggae.00095.npy
metal,C:\Users\user\Downloads\gnn_bert_music_context\data\processed\graphs\metal\metal.00076.pkl,C:\Users\user\Downloads\gnn_bert_music_context\data\processed\features\metal\metal.00076.npy
jazz,C:\Users\user\Downloads\gnn_bert_music_context\data\processed\graphs\jazz\jazz.00083.pkl,C:\Users\user\Downloads\gnn_bert_music_context\data\processed\features\jazz\jazz.00083.npy
reggae,C:\Users\user\Downloads\gnn_bert_music_context\data\processed\graphs\reggae\reggae.00036.pkl,C:\Users\user\Downloads\gnn_bert_music_context\data\processed\features\reggae\reggae.00036.npy
pop,C:\Users\user\Downloads\gnn_bert_music_context\data\processed\graphs\pop\pop.00037.pkl,C:\Users\user\Downloads\gnn_bert_music_context\data\processed\features\pop\pop.00037.npy
blues,C:\Users\user\Downloads\gnn_bert_music_context\data\processed\graphs\blues\blues.00060.pkl,C:\Users\user\Downloads\gnn_bert_music_context\data\processed\features\blues\blues.00060.npy
disco,C:\Users\user\Downloads\gnn_bert_music_context\data\processed\graphs\disco\disco.00035.pkl,C:\Users\user\Downloads\gnn_bert_music_context\data\processed\features\disco\disco.00035.npy
rock,C:\Users\user\Downloads\gnn_bert_music_context\data\processed\graphs\rock\rock.00079.pkl,C:\Users\user\Downloads\gnn_bert_music_context\data\processed\features\rock\rock.00079.npy
disco,C:\Users\user\Downloads\gnn_bert_music_context\data\processed\graphs\disco\disco.00075.pkl,C:\Users\user\Downloads\gnn_bert_music_context\data\processed\features\disco\disco.00075.npy
rock,C:\Users\user\Downloads\gnn_bert_music_context\data\processed\graphs\rock\rock.00017.pkl,C:\Users\user\Downloads\gnn_bert_music_context\data\processed\features\rock\rock.00017.npy
jazz,C:\Users\user\Downloads\gnn_bert_music_context\data\processed\graphs\jazz\jazz.00047.pkl,C:\Users\user\Downloads\gnn_bert_music_context\data\processed\features\jazz\jazz.00047.npy
disco,C:\Users\user\Downloads\gnn_bert_music_context\data\processed\graphs\disco\disco.00076.pkl,C:\Users\user\Downloads\gnn_bert_music_context\data\processed\features\disco\disco.00076.npy
classical,C:\Users\user\Downloads\gnn_bert_music_context\data\processed\graphs\classical\classical.00062.pkl,C:\Users\user\Downloads\gnn_bert_music_context\data\processed\features\classical\classical.00062.npy
classical,C:\Users\user\Downloads\gnn_bert_music_context\data\processed\graphs\classical\classical.00009.pkl,C:\Users\user\Downloads\gnn_bert_music_context\data\processed\features\classical\classical.00009.npy
pop,C:\Users\user\Downloads\gnn_bert_music_context\data\processed\graphs\pop\pop.00086.pkl,C:\Users\user\Downloads\gnn_bert_music_context\data\processed\features\pop\pop.00086.npy
classical,C:\Users\user\Downloads\gnn_bert_music_context\data\processed\graphs\classical\classical.00087.pkl,C:\Users\user\Downloads\gnn_bert_music_context\data\processed\features\classical\classical.00087.npy
disco,C:\Users\user\Downloads\gnn_bert_music_context\data\processed\graphs\disco\disco.00059.pkl,C:\Users\user\Downloads\gnn_bert_music_context\data\processed\features\disco\disco.00059.npy
country,C:\Users\user\Downloads\gnn_bert_music_context\data\processed\graphs\country\country.00038.pkl,C:\Users\user\Downloads\gnn_bert_music_context\data\processed\features\country\country.00038.npy
country,C:\Users\user\Downloads\gnn_bert_music_context\data\processed\graphs\country\country.00073.pkl,C:\Users\user\Downloads\gnn_bert_music_context\data\processed\features\country\country.00073.npy
rock,C:\Users\user\Downloads\gnn_bert_music_context\data\processed\graphs\rock\rock.00044.pkl,C:\Users\user\Downloads\gnn_bert_music_context\data\processed\features\rock\rock.00044.npy
country,C:\Users\user\Downloads\gnn_bert_music_context\data\processed\graphs\country\country.00044.pkl,C:\Users\user\Downloads\gnn_bert_music_context\data\processed\features\country\country.00044.npy
reggae,C:\Users\user\Downloads\gnn_bert_music_context\data\processed\graphs\reggae\reggae.00008.pkl,C:\Users\user\Downloads\gnn_bert_music_context\data\processed\features\reggae\reggae.00008.npy
country,C:\Users\user\Downloads\gnn_bert_music_context\data\processed\graphs\country\country.00062.pkl,C:\Users\user\Downloads\gnn_bert_music_context\data\processed\features\country\country.00062.npy
metal,C:\Users\user\Downloads\gnn_bert_music_context\data\processed\graphs\metal\metal.00056.pkl,C:\Users\user\Downloads\gnn_bert_music_context\data\processed\features\metal\metal.00056.npy
reggae,C:\Users\user\Downloads\gnn_bert_music_context\data\processed\graphs\reggae\reggae.00020.pkl,C:\Users\user\Downloads\gnn_bert_music_context\data\processed\features\reggae\reggae.00020.npy
reggae,C:\Users\user\Downloads\gnn_bert_music_context\data\processed\graphs\reggae\reggae.00035.pkl,C:\Users\user\Downloads\gnn_bert_music_context\data\processed\features\reggae\reggae.00035.npy
classical,C:\Users\user\Downloads\gnn_bert_music_context\data\processed\graphs\classical\classical.00088.pkl,C:\Users\user\Downloads\gnn_bert_music_context\data\processed\features\classical\classical.00088.npy
metal,C:\Users\user\Downloads\gnn_bert_music_context\data\processed\graphs\metal\metal.00010.pkl,C:\Users\user\Downloads\gnn_bert_music_context\data\processed\features\metal\metal.00010.npy
pop,C:\Users\user\Downloads\gnn_bert_music_context\data\processed\graphs\pop\pop.00038.pkl,C:\Users\user\Downloads\gnn_bert_music_context\data\processed\features\pop\pop.00038.npy
rock,C:\Users\user\Downloads\gnn_bert_music_context\data\processed\graphs\rock\rock.00034.pkl,C:\Users\user\Downloads\gnn_bert_music_context\data\processed\features\rock\rock.00034.npy
reggae,C:\Users\user\Downloads\gnn_bert_music_context\data\processed\graphs\reggae\reggae.00077.pkl,C:\Users\user\Downloads\gnn_bert_music_context\data\processed\features\reggae\reggae.00077.npy
rock,C:\Users\user\Downloads\gnn_bert_music_context\data\processed\graphs\rock\rock.00089.pkl,C:\Users\user\Downloads\gnn_bert_music_context\data\processed\features\rock\rock.00089.npy
pop,C:\Users\user\Downloads\gnn_bert_music_context\data\processed\graphs\pop\pop.00072.pkl,C:\Users\user\Downloads\gnn_bert_music_context\data\processed\features\pop\pop.00072.npy
jazz,C:\Users\user\Downloads\gnn_bert_music_context\data\processed\graphs\jazz\jazz.00037.pkl,C:\Users\user\Downloads\gnn_bert_music_context\data\processed\features\jazz\jazz.00037.npy
jazz,C:\Users\user\Downloads\gnn_bert_music_context\data\processed\graphs\jazz\jazz.00063.pkl,C:\Users\user\Downloads\gnn_bert_music_context\data\processed\features\jazz\jazz.00063.npy
disco,C:\Users\user\Downloads\gnn_bert_music_context\data\processed\graphs\disco\disco.00011.pkl,C:\Users\user\Downloads\gnn_bert_music_context\data\processed\features\disco\disco.00011.npy
country,C:\Users\user\Downloads\gnn_bert_music_context\data\processed\graphs\country\country.00090.pkl,C:\Users\user\Downloads\gnn_bert_music_context\data\processed\features\country\country.00090.npy
disco,C:\Users\user\Downloads\gnn_bert_music_context\data\processed\graphs\disco\disco.00025.pkl,C:\Users\user\Downloads\gnn_bert_music_context\data\processed\features\disco\disco.00025.npy
blues,C:\Users\user\Downloads\gnn_bert_music_context\data\processed\graphs\blues\blues.00056.pkl,C:\Users\user\Downloads\gnn_bert_music_context\data\processed\features\blues\blues.00056.npy
reggae,C:\Users\user\Downloads\gnn_bert_music_context\data\processed\graphs\reggae\reggae.00064.pkl,C:\Users\user\Downloads\gnn_bert_music_context\data\processed\features\reggae\reggae.00064.npy
reggae,C:\Users\user\Downloads\gnn_bert_music_context\data\processed\graphs\reggae\reggae.00099.pkl,C:\Users\user\Downloads\gnn_bert_music_context\data\processed\features\reggae\reggae.00099.npy
classical,C:\Users\user\Downloads\gnn_bert_music_context\data\processed\graphs\classical\classical.00050.pkl,C:\Users\user\Downloads\gnn_bert_music_context\data\processed\features\classical\classical.00050.npy
blues,C:\Users\user\Downloads\gnn_bert_music_context\data\processed\graphs\blues\blues.00055.pkl,C:\Users\user\Downloads\gnn_bert_music_context\data\processed\features\blues\blues.00055.npy
blues,C:\Users\user\Downloads\gnn_bert_music_context\data\processed\graphs\blues\blues.00033.pkl,C:\Users\user\Downloads\gnn_bert_music_context\data\processed\features\blues\blues.00033.npy
blues,C:\Users\user\Downloads\gnn_bert_music_context\data\processed\graphs\blues\blues.00081.pkl,C:\Users\user\Downloads\gnn_bert_music_context\data\processed\features\blues\blues.00081.npy
reggae,C:\Users\user\Downloads\gnn_bert_music_context\data\processed\graphs\reggae\reggae.00046.pkl,C:\Users\user\Downloads\gnn_bert_music_context\data\processed\features\reggae\reggae.00046.npy
rock,C:\Users\user\Downloads\gnn_bert_music_context\data\processed\graphs\rock\rock.00072.pkl,C:\Users\user\Downloads\gnn_bert_music_context\data\processed\features\rock\rock.00072.npy
rock,C:\Users\user\Downloads\gnn_bert_music_context\data\processed\graphs\rock\rock.00012.pkl,C:\Users\user\Downloads\gnn_bert_music_context\data\processed\features\rock\rock.00012.npy
classical,C:\Users\user\Downloads\gnn_bert_music_context\data\processed\graphs\classical\classical.00028.pkl,C:\Users\user\Downloads\gnn_bert_music_context\data\processed\features\classical\classical.00028.npy
rock,C:\Users\user\Downloads\gnn_bert_music_context\data\processed\graphs\rock\rock.00091.pkl,C:\Users\user\Downloads\gnn_bert_music_context\data\processed\features\rock\rock.00091.npy
classical,C:\Users\user\Downloads\gnn_bert_music_context\data\processed\graphs\classical\classical.00023.pkl,C:\Users\user\Downloads\gnn_bert_music_context\data\processed\features\classical\classical.00023.npy
reggae,C:\Users\user\Downloads\gnn_bert_music_context\data\processed\graphs\reggae\reggae.00016.pkl,C:\Users\user\Downloads\gnn_bert_music_context\data\processed\features\reggae\reggae.00016.npy
jazz,C:\Users\user\Downloads\gnn_bert_music_context\data\processed\graphs\jazz\jazz.00043.pkl,C:\Users\user\Downloads\gnn_bert_music_context\data\processed\features\jazz\jazz.00043.npy
blues,C:\Users\user\Downloads\gnn_bert_music_context\data\processed\graphs\blues\blues.00099.pkl,C:\Users\user\Downloads\gnn_bert_music_context\data\processed\features\blues\blues.00099.npy
metal,C:\Users\user\Downloads\gnn_bert_music_context\data\processed\graphs\metal\metal.00045.pkl,C:\Users\user\Downloads\gnn_bert_music_context\data\processed\features\metal\metal.00045.npy
country,C:\Users\user\Downloads\gnn_bert_music_context\data\processed\graphs\country\country.00035.pkl,C:\Users\user\Downloads\gnn_bert_music_context\data\processed\features\country\country.00035.npy
disco,C:\Users\user\Downloads\gnn_bert_music_context\data\processed\graphs\disco\disco.00064.pkl,C:\Users\user\Downloads\gnn_bert_music_context\data\processed\features\disco\disco.00064.npy
country,C:\Users\user\Downloads\gnn_bert_music_context\data\processed\graphs\country\country.00088.pkl,C:\Users\user\Downloads\gnn_bert_music_context\data\processed\features\country\country.00088.npy
hiphop,C:\Users\user\Downloads\gnn_bert_music_context\data\processed\graphs\hiphop\hiphop.00077.pkl,C:\Users\user\Downloads\gnn_bert_music_context\data\processed\features\hiphop\hiphop.00077.npy
disco,C:\Users\user\Downloads\gnn_bert_music_context\data\processed\graphs\disco\disco.00028.pkl,C:\Users\user\Downloads\gnn_bert_music_context\data\processed\features\disco\disco.00028.npy
country,C:\Users\user\Downloads\gnn_bert_music_context\data\processed\graphs\country\country.00019.pkl,C:\Users\user\Downloads\gnn_bert_music_context\data\processed\features\country\country.00019.npy
metal,C:\Users\user\Downloads\gnn_bert_music_context\data\processed\graphs\metal\metal.00011.pkl,C:\Users\user\Downloads\gnn_bert_music_context\data\processed\features\metal\metal.00011.npy
rock,C:\Users\user\Downloads\gnn_bert_music_context\data\processed\graphs\rock\rock.00004.pkl,C:\Users\user\Downloads\gnn_bert_music_context\data\processed\features\rock\rock.00004.npy
country,C:\Users\user\Downloads\gnn_bert_music_context\data\processed\graphs\country\country.00065.pkl,C:\Users\user\Downloads\gnn_bert_music_context\data\processed\features\country\country.00065.npy
classical,C:\Users\user\Downloads\gnn_bert_music_context\data\processed\graphs\classical\classical.00039.pkl,C:\Users\user\Downloads\gnn_bert_music_context\data\processed\features\classical\classical.00039.npy
classical,C:\Users\user\Downloads\gnn_bert_music_context\data\processed\graphs\classical\classical.00019.pkl,C:\Users\user\Downloads\gnn_bert_music_context\data\processed\features\classical\classical.00019.npy
blues,C:\Users\user\Downloads\gnn_bert_music_context\data\processed\graphs\blues\blues.00024.pkl,C:\Users\user\Downloads\gnn_bert_music_context\data\processed\features\blues\blues.00024.npy
classical,C:\Users\user\Downloads\gnn_bert_music_context\data\processed\graphs\classical\classical.00013.pkl,C:\Users\user\Downloads\gnn_bert_music_context\data\processed\features\classical\classical.00013.npy
disco,C:\Users\user\Downloads\gnn_bert_music_context\data\processed\graphs\disco\disco.00061.pkl,C:\Users\user\Downloads\gnn_bert_music_context\data\processed\features\disco\disco.00061.npy
hiphop,C:\Users\user\Downloads\gnn_bert_music_context\data\processed\graphs\hiphop\hiphop.00079.pkl,C:\Users\user\Downloads\gnn_bert_music_context\data\processed\features\hiphop\hiphop.00079.npy
metal,C:\Users\user\Downloads\gnn_bert_music_context\data\processed\graphs\metal\metal.00077.pkl,C:\Users\user\Downloads\gnn_bert_music_context\data\processed\features\metal\metal.00077.npy
pop,C:\Users\user\Downloads\gnn_bert_music_context\data\processed\graphs\pop\pop.00023.pkl,C:\Users\user\Downloads\gnn_bert_music_context\data\processed\features\pop\pop.00023.npy
blues,C:\Users\user\Downloads\gnn_bert_music_context\data\processed\graphs\blues\blues.00098.pkl,C:\Users\user\Downloads\gnn_bert_music_context\data\processed\features\blues\blues.00098.npy
country,C:\Users\user\Downloads\gnn_bert_music_context\data\processed\graphs\country\country.00000.pkl,C:\Users\user\Downloads\gnn_bert_music_context\data\processed\features\country\country.00000.npy
disco,C:\Users\user\Downloads\gnn_bert_music_context\data\processed\graphs\disco\disco.00065.pkl,C:\Users\user\Downloads\gnn_bert_music_context\data\processed\features\disco\disco.00065.npy
rock,C:\Users\user\Downloads\gnn_bert_music_context\data\processed\graphs\rock\rock.00077.pkl,C:\Users\user\Downloads\gnn_bert_music_context\data\processed\features\rock\rock.00077.npy
metal,C:\Users\user\Downloads\gnn_bert_music_context\data\processed\graphs\metal\metal.00065.pkl,C:\Users\user\Downloads\gnn_bert_music_context\data\processed\features\metal\metal.00065.npy
reggae,C:\Users\user\Downloads\gnn_bert_music_context\data\processed\graphs\reggae\reggae.00011.pkl,C:\Users\user\Downloads\gnn_bert_music_context\data\processed\features\reggae\reggae.00011.npy
classical,C:\Users\user\Downloads\gnn_bert_music_context\data\processed\graphs\classical\classical.00063.pkl,C:\Users\user\Downloads\gnn_bert_music_context\data\processed\features\classical\classical.00063.npy
jazz,C:\Users\user\Downloads\gnn_bert_music_context\data\processed\graphs\jazz\jazz.00079.pkl,C:\Users\user\Downloads\gnn_bert_music_context\data\processed\features\jazz\jazz.00079.npy
reggae,C:\Users\user\Downloads\gnn_bert_music_context\data\processed\graphs\reggae\reggae.00070.pkl,C:\Users\user\Downloads\gnn_bert_music_context\data\processed\features\reggae\reggae.00070.npy
metal,C:\Users\user\Downloads\gnn_bert_music_context\data\processed\graphs\metal\metal.00022.pkl,C:\Users\user\Downloads\gnn_bert_music_context\data\processed\features\metal\metal.00022.npy
metal,C:\Users\user\Downloads\gnn_bert_music_context\data\processed\graphs\metal\metal.00027.pkl,C:\Users\user\Downloads\gnn_bert_music_context\data\processed\features\metal\metal.00027.npy
classical,C:\Users\user\Downloads\gnn_bert_music_context\data\processed\graphs\classical\classical.00015.pkl,C:\Users\user\Downloads\gnn_bert_music_context\data\processed\features\classical\classical.00015.npy
reggae,C:\Users\user\Downloads\gnn_bert_music_context\data\processed\graphs\reggae\reggae.00085.pkl,C:\Users\user\Downloads\gnn_bert_music_context\data\processed\features\reggae\reggae.00085.npy
metal,C:\Users\user\Downloads\gnn_bert_music_context\data\processed\graphs\metal\metal.00031.pkl,C:\Users\user\Downloads\gnn_bert_music_context\data\processed\features\metal\metal.00031.npy
hiphop,C:\Users\user\Downloads\gnn_bert_music_context\data\processed\graphs\hiphop\hiphop.00096.pkl,C:\Users\user\Downloads\gnn_bert_music_context\data\processed\features\hiphop\hiphop.00096.npy
classical,C:\Users\user\Downloads\gnn_bert_music_context\data\processed\graphs\classical\classical.00042.pkl,C:\Users\user\Downloads\gnn_bert_music_context\data\processed\features\classical\classical.00042.npy
classical,C:\Users\user\Downloads\gnn_bert_music_context\data\processed\graphs\classical\classical.00081.pkl,C:\Users\user\Downloads\gnn_bert_music_context\data\processed\features\classical\classical.00081.npy
classical,C:\Users\user\Downloads\gnn_bert_music_context\data\processed\graphs\classical\classical.00051.pkl,C:\Users\user\Downloads\gnn_bert_music_context\data\processed\features\classical\classical.00051.npy
hiphop,C:\Users\user\Downloads\gnn_bert_music_context\data\processed\graphs\hiphop\hiphop.00055.pkl,C:\Users\user\Downloads\gnn_bert_music_context\data\processed\features\hiphop\hiphop.00055.npy
blues,C:\Users\user\Downloads\gnn_bert_music_context\data\processed\graphs\blues\blues.00030.pkl,C:\Users\user\Downloads\gnn_bert_music_context\data\processed\features\blues\blues.00030.npy
reggae,C:\Users\user\Downloads\gnn_bert_music_context\data\processed\graphs\reggae\reggae.00073.pkl,C:\Users\user\Downloads\gnn_bert_music_context\data\processed\features\reggae\reggae.00073.npy
reggae,C:\Users\user\Downloads\gnn_bert_music_context\data\processed\graphs\reggae\reggae.00089.pkl,C:\Users\user\Downloads\gnn_bert_music_context\data\processed\features\reggae\reggae.00089.npy
rock,C:\Users\user\Downloads\gnn_bert_music_context\data\processed\graphs\rock\rock.00035.pkl,C:\Users\user\Downloads\gnn_bert_music_context\data\processed\features\rock\rock.00035.npy
rock,C:\Users\user\Downloads\gnn_bert_music_context\data\processed\graphs\rock\rock.00057.pkl,C:\Users\user\Downloads\gnn_bert_music_context\data\processed\features\rock\rock.00057.npy
jazz,C:\Users\user\Downloads\gnn_bert_music_context\data\processed\graphs\jazz\jazz.00004.pkl,C:\Users\user\Downloads\gnn_bert_music_context\data\processed\features\jazz\jazz.00004.npy
metal,C:\Users\user\Downloads\gnn_bert_music_context\data\processed\graphs\metal\metal.00001.pkl,C:\Users\user\Downloads\gnn_bert_music_context\data\processed\features\metal\metal.00001.npy
classical,C:\Users\user\Downloads\gnn_bert_music_context\data\processed\graphs\classical\classical.00076.pkl,C:\Users\user\Downloads\gnn_bert_music_context\data\processed\features\classical\classical.00076.npy
disco,C:\Users\user\Downloads\gnn_bert_music_context\data\processed\graphs\disco\disco.00095.pkl,C:\Users\user\Downloads\gnn_bert_music_context\data\processed\features\disco\disco.00095.npy
rock,C:\Users\user\Downloads\gnn_bert_music_context\data\processed\graphs\rock\rock.00065.pkl,C:\Users\user\Downloads\gnn_bert_music_context\data\processed\features\rock\rock.00065.npy
classical,C:\Users\user\Downloads\gnn_bert_music_context\data\processed\graphs\classical\classical.00048.pkl,C:\Users\user\Downloads\gnn_bert_music_context\data\processed\features\classical\classical.00048.npy
classical,C:\Users\user\Downloads\gnn_bert_music_context\data\processed\graphs\classical\classical.00037.pkl,C:\Users\user\Downloads\gnn_bert_music_context\data\processed\features\classical\classical.00037.npy
reggae,C:\Users\user\Downloads\gnn_bert_music_context\data\processed\graphs\reggae\reggae.00001.pkl,C:\Users\user\Downloads\gnn_bert_music_context\data\processed\features\reggae\reggae.00001.npy
reggae,C:\Users\user\Downloads\gnn_bert_music_context\data\processed\graphs\reggae\reggae.00034.pkl,C:\Users\user\Downloads\gnn_bert_music_context\data\processed\features\reggae\reggae.00034.npy
reggae,C:\Users\user\Downloads\gnn_bert_music_context\data\processed\graphs\reggae\reggae.00047.pkl,C:\Users\user\Downloads\gnn_bert_music_context\data\processed\features\reggae\reggae.00047.npy
rock,C:\Users\user\Downloads\gnn_bert_music_context\data\processed\graphs\rock\rock.00036.pkl,C:\Users\user\Downloads\gnn_bert_music_context\data\processed\features\rock\rock.00036.npy
rock,C:\Users\user\Downloads\gnn_bert_music_context\data\processed\graphs\rock\rock.00008.pkl,C:\Users\user\Downloads\gnn_bert_music_context\data\processed\features\rock\rock.00008.npy
country,C:\Users\user\Downloads\gnn_bert_music_context\data\processed\graphs\country\country.00083.pkl,C:\Users\user\Downloads\gnn_bert_music_context\data\processed\features\country\country.00083.npy
blues,C:\Users\user\Downloads\gnn_bert_music_context\data\processed\graphs\blues\blues.00091.pkl,C:\Users\user\Downloads\gnn_bert_music_context\data\processed\features\blues\blues.00091.npy
hiphop,C:\Users\user\Downloads\gnn_bert_music_context\data\processed\graphs\hiphop\hiphop.00013.pkl,C:\Users\user\Downloads\gnn_bert_music_context\data\processed\features\hiphop\hiphop.00013.npy
jazz,C:\Users\user\Downloads\gnn_bert_music_context\data\processed\graphs\jazz\jazz.00041.pkl,C:\Users\user\Downloads\gnn_bert_music_context\data\processed\features\jazz\jazz.00041.npy
reggae,C:\Users\user\Downloads\gnn_bert_music_context\data\processed\graphs\reggae\reggae.00017.pkl,C:\Users\user\Downloads\gnn_bert_music_context\data\processed\features\reggae\reggae.00017.npy
blues,C:\Users\user\Downloads\gnn_bert_music_context\data\processed\graphs\blues\blues.00045.pkl,C:\Users\user\Downloads\gnn_bert_music_context\data\processed\features\blues\blues.00045.npy
hiphop,C:\Users\user\Downloads\gnn_bert_music_context\data\processed\graphs\hiphop\hiphop.00019.pkl,C:\Users\user\Downloads\gnn_bert_music_context\data\processed\features\hiphop\hiphop.00019.npy
rock,C:\Users\user\Downloads\gnn_bert_music_context\data\processed\graphs\rock\rock.00010.pkl,C:\Users\user\Downloads\gnn_bert_music_context\data\processed\features\rock\rock.00010.npy
country,C:\Users\user\Downloads\gnn_bert_music_context\data\processed\graphs\country\country.00061.pkl,C:\Users\user\Downloads\gnn_bert_music_context\data\processed\features\country\country.00061.npy
reggae,C:\Users\user\Downloads\gnn_bert_music_context\data\processed\graphs\reggae\reggae.00068.pkl,C:\Users\user\Downloads\gnn_bert_music_context\data\processed\features\reggae\reggae.00068.npy
pop,C:\Users\user\Downloads\gnn_bert_music_context\data\processed\graphs\pop\pop.00011.pkl,C:\Users\user\Downloads\gnn_bert_music_context\data\processed\features\pop\pop.00011.npy
classical,C:\Users\user\Downloads\gnn_bert_music_context\data\processed\graphs\classical\classical.00069.pkl,C:\Users\user\Downloads\gnn_bert_music_context\data\processed\features\classical\classical.00069.npy
hiphop,C:\Users\user\Downloads\gnn_bert_music_context\data\processed\graphs\hiphop\hiphop.00004.pkl,C:\Users\user\Downloads\gnn_bert_music_context\data\processed\features\hiphop\hiphop.00004.npy
country,C:\Users\user\Downloads\gnn_bert_music_context\data\processed\graphs\country\country.00046.pkl,C:\Users\user\Downloads\gnn_bert_music_context\data\processed\features\country\country.00046.npy
jazz,C:\Users\user\Downloads\gnn_bert_music_context\data\processed\graphs\jazz\jazz.00013.pkl,C:\Users\user\Downloads\gnn_bert_music_context\data\processed\features\jazz\jazz.00013.npy
blues,C:\Users\user\Downloads\gnn_bert_music_context\data\processed\graphs\blues\blues.00025.pkl,C:\Users\user\Downloads\gnn_bert_music_context\data\processed\features\blues\blues.00025.npy
disco,C:\Users\user\Downloads\gnn_bert_music_context\data\processed\graphs\disco\disco.00084.pkl,C:\Users\user\Downloads\gnn_bert_music_context\data\processed\features\disco\disco.00084.npy
country,C:\Users\user\Downloads\gnn_bert_music_context\data\processed\graphs\country\country.00024.pkl,C:\Users\user\Downloads\gnn_bert_music_context\data\processed\features\country\country.00024.npy
classical,C:\Users\user\Downloads\gnn_bert_music_context\data\processed\graphs\classical\classical.00075.pkl,C:\Users\user\Downloads\gnn_bert_music_context\data\processed\features\classical\classical.00075.npy
classical,C:\Users\user\Downloads\gnn_bert_music_context\data\processed\graphs\classical\classical.00055.pkl,C:\Users\user\Downloads\gnn_bert_music_context\data\processed\features\classical\classical.00055.npy
metal,C:\Users\user\Downloads\gnn_bert_music_context\data\processed\graphs\metal\metal.00021.pkl,C:\Users\user\Downloads\gnn_bert_music_context\data\processed\features\metal\metal.00021.npy
country,C:\Users\user\Downloads\gnn_bert_music_context\data\processed\graphs\country\country.00095.pkl,C:\Users\user\Downloads\gnn_bert_music_context\data\processed\features\country\country.00095.npy
country,C:\Users\user\Downloads\gnn_bert_music_context\data\processed\graphs\country\country.00050.pkl,C:\Users\user\Downloads\gnn_bert_music_context\data\processed\features\country\country.00050.npy
reggae,C:\Users\user\Downloads\gnn_bert_music_context\data\processed\graphs\reggae\reggae.00023.pkl,C:\Users\user\Downloads\gnn_bert_music_context\data\processed\features\reggae\reggae.00023.npy
pop,C:\Users\user\Downloads\gnn_bert_music_context\data\processed\graphs\pop\pop.00018.pkl,C:\Users\user\Downloads\gnn_bert_music_context\data\processed\features\pop\pop.00018.npy
blues,C:\Users\user\Downloads\gnn_bert_music_context\data\processed\graphs\blues\blues.00077.pkl,C:\Users\user\Downloads\gnn_bert_music_context\data\processed\features\blues\blues.00077.npy
blues,C:\Users\user\Downloads\gnn_bert_music_context\data\processed\graphs\blues\blues.00065.pkl,C:\Users\user\Downloads\gnn_bert_music_context\data\processed\features\blues\blues.00065.npy
jazz,C:\Users\user\Downloads\gnn_bert_music_context\data\processed\graphs\jazz\jazz.00070.pkl,C:\Users\user\Downloads\gnn_bert_music_context\data\processed\features\jazz\jazz.00070.npy
classical,C:\Users\user\Downloads\gnn_bert_music_context\data\processed\graphs\classical\classical.00012.pkl,C:\Users\user\Downloads\gnn_bert_music_context\data\processed\features\classical\classical.00012.npy
disco,C:\Users\user\Downloads\gnn_bert_music_context\data\processed\graphs\disco\disco.00078.pkl,C:\Users\user\Downloads\gnn_bert_music_context\data\processed\features\disco\disco.00078.npy
jazz,C:\Users\user\Downloads\gnn_bert_music_context\data\processed\graphs\jazz\jazz.00011.pkl,C:\Users\user\Downloads\gnn_bert_music_context\data\processed\features\jazz\jazz.00011.npy
jazz,C:\Users\user\Downloads\gnn_bert_music_context\data\processed\graphs\jazz\jazz.00032.pkl,C:\Users\user\Downloads\gnn_bert_music_context\data\processed\features\jazz\jazz.00032.npy
disco,C:\Users\user\Downloads\gnn_bert_music_context\data\processed\graphs\disco\disco.00024.pkl,C:\Users\user\Downloads\gnn_bert_music_context\data\processed\features\disco\disco.00024.npy
reggae,C:\Users\user\Downloads\gnn_bert_music_context\data\processed\graphs\reggae\reggae.00028.pkl,C:\Users\user\Downloads\gnn_bert_music_context\data\processed\features\reggae\reggae.00028.npy
blues,C:\Users\user\Downloads\gnn_bert_music_context\data\processed\graphs\blues\blues.00088.pkl,C:\Users\user\Downloads\gnn_bert_music_context\data\processed\features\blues\blues.00088.npy
disco,C:\Users\user\Downloads\gnn_bert_music_context\data\processed\graphs\disco\disco.00043.pkl,C:\Users\user\Downloads\gnn_bert_music_context\data\processed\features\disco\disco.00043.npy
jazz,C:\Users\user\Downloads\gnn_bert_music_context\data\processed\graphs\jazz\jazz.00010.pkl,C:\Users\user\Downloads\gnn_bert_music_context\data\processed\features\jazz\jazz.00010.npy
country,C:\Users\user\Downloads\gnn_bert_music_context\data\processed\graphs\country\country.00006.pkl,C:\Users\user\Downloads\gnn_bert_music_context\data\processed\features\country\country.00006.npy
reggae,C:\Users\user\Downloads\gnn_bert_music_context\data\processed\graphs\reggae\reggae.00033.pkl,C:\Users\user\Downloads\gnn_bert_music_context\data\processed\features\reggae\reggae.00033.npy
hiphop,C:\Users\user\Downloads\gnn_bert_music_context\data\processed\graphs\hiphop\hiphop.00006.pkl,C:\Users\user\Downloads\gnn_bert_music_context\data\processed\features\hiphop\hiphop.00006.npy
pop,C:\Users\user\Downloads\gnn_bert_music_context\data\processed\graphs\pop\pop.00039.pkl,C:\Users\user\Downloads\gnn_bert_music_context\data\processed\features\pop\pop.00039.npy
hiphop,C:\Users\user\Downloads\gnn_bert_music_context\data\processed\graphs\hiphop\hiphop.00031.pkl,C:\Users\user\Downloads\gnn_bert_music_context\data\processed\features\hiphop\hiphop.00031.npy
reggae,C:\Users\user\Downloads\gnn_bert_music_context\data\processed\graphs\reggae\reggae.00030.pkl,C:\Users\user\Downloads\gnn_bert_music_context\data\processed\features\reggae\reggae.00030.npy
jazz,C:\Users\user\Downloads\gnn_bert_music_context\data\processed\graphs\jazz\jazz.00055.pkl,C:\Users\user\Downloads\gnn_bert_music_context\data\processed\features\jazz\jazz.00055.npy
hiphop,C:\Users\user\Downloads\gnn_bert_music_context\data\processed\graphs\hiphop\hiphop.00040.pkl,C:\Users\user\Downloads\gnn_bert_music_context\data\processed\features\hiphop\hiphop.00040.npy
pop,C:\Users\user\Downloads\gnn_bert_music_context\data\processed\graphs\pop\pop.00050.pkl,C:\Users\user\Downloads\gnn_bert_music_context\data\processed\features\pop\pop.00050.npy
classical,C:\Users\user\Downloads\gnn_bert_music_context\data\processed\graphs\classical\classical.00074.pkl,C:\Users\user\Downloads\gnn_bert_music_context\data\processed\features\classical\classical.00074.npy
hiphop,C:\Users\user\Downloads\gnn_bert_music_context\data\processed\graphs\hiphop\hiphop.00089.pkl,C:\Users\user\Downloads\gnn_bert_music_context\data\processed\features\hiphop\hiphop.00089.npy
classical,C:\Users\user\Downloads\gnn_bert_music_context\data\processed\graphs\classical\classical.00017.pkl,C:\Users\user\Downloads\gnn_bert_music_context\data\processed\features\classical\classical.00017.npy
blues,C:\Users\user\Downloads\gnn_bert_music_context\data\processed\graphs\blues\blues.00064.pkl,C:\Users\user\Downloads\gnn_bert_music_context\data\processed\features\blues\blues.00064.npy
jazz,C:\Users\user\Downloads\gnn_bert_music_context\data\processed\graphs\jazz\jazz.00059.pkl,C:\Users\user\Downloads\gnn_bert_music_context\data\processed\features\jazz\jazz.00059.npy
classical,C:\Users\user\Downloads\gnn_bert_music_context\data\processed\graphs\classical\classical.00008.pkl,C:\Users\user\Downloads\gnn_bert_music_context\data\processed\features\classical\classical.00008.npy
blues,C:\Users\user\Downloads\gnn_bert_music_context\data\processed\graphs\blues\blues.00008.pkl,C:\Users\user\Downloads\gnn_bert_music_context\data\processed\features\blues\blues.00008.npy
disco,C:\Users\user\Downloads\gnn_bert_music_context\data\processed\graphs\disco\disco.00058.pkl,C:\Users\user\Downloads\gnn_bert_music_context\data\processed\features\disco\disco.00058.npy
country,C:\Users\user\Downloads\gnn_bert_music_context\data\processed\graphs\country\country.00042.pkl,C:\Users\user\Downloads\gnn_bert_music_context\data\processed\features\country\country.00042.npy
country,C:\Users\user\Downloads\gnn_bert_music_context\data\processed\graphs\country\country.00026.pkl,C:\Users\user\Downloads\gnn_bert_music_context\data\processed\features\country\country.00026.npy
metal,C:\Users\user\Downloads\gnn_bert_music_context\data\processed\graphs\metal\metal.00016.pkl,C:\Users\user\Downloads\gnn_bert_music_context\data\processed\features\metal\metal.00016.npy
country,C:\Users\user\Downloads\gnn_bert_music_context\data\processed\graphs\country\country.00060.pkl,C:\Users\user\Downloads\gnn_bert_music_context\data\processed\features\country\country.00060.npy
blues,C:\Users\user\Downloads\gnn_bert_music_context\data\processed\graphs\blues\blues.00022.pkl,C:\Users\user\Downloads\gnn_bert_music_context\data\processed\features\blues\blues.00022.npy
reggae,C:\Users\user\Downloads\gnn_bert_music_context\data\processed\graphs\reggae\reggae.00027.pkl,C:\Users\user\Downloads\gnn_bert_music_context\data\processed\features\reggae\reggae.00027.npy
rock,C:\Users\user\Downloads\gnn_bert_music_context\data\processed\graphs\rock\rock.00075.pkl,C:\Users\user\Downloads\gnn_bert_music_context\data\processed\features\rock\rock.00075.npy
reggae,C:\Users\user\Downloads\gnn_bert_music_context\data\processed\graphs\reggae\reggae.00092.pkl,C:\Users\user\Downloads\gnn_bert_music_context\data\processed\features\reggae\reggae.00092.npy
metal,C:\Users\user\Downloads\gnn_bert_music_context\data\processed\graphs\metal\metal.00013.pkl,C:\Users\user\Downloads\gnn_bert_music_context\data\processed\features\metal\metal.00013.npy
hiphop,C:\Users\user\Downloads\gnn_bert_music_context\data\processed\graphs\hiphop\hiphop.00058.pkl,C:\Users\user\Downloads\gnn_bert_music_context\data\processed\features\hiphop\hiphop.00058.npy
jazz,C:\Users\user\Downloads\gnn_bert_music_context\data\processed\graphs\jazz\jazz.00042.pkl,C:\Users\user\Downloads\gnn_bert_music_context\data\processed\features\jazz\jazz.00042.npy
jazz,C:\Users\user\Downloads\gnn_bert_music_context\data\processed\graphs\jazz\jazz.00012.pkl,C:\Users\user\Downloads\gnn_bert_music_context\data\processed\features\jazz\jazz.00012.npy
reggae,C:\Users\user\Downloads\gnn_bert_music_context\data\processed\graphs\reggae\reggae.00044.pkl,C:\Users\user\Downloads\gnn_bert_music_context\data\processed\features\reggae\reggae.00044.npy
hiphop,C:\Users\user\Downloads\gnn_bert_music_context\data\processed\graphs\hiphop\hiphop.00028.pkl,C:\Users\user\Downloads\gnn_bert_music_context\data\processed\features\hiphop\hiphop.00028.npy
blues,C:\Users\user\Downloads\gnn_bert_music_context\data\processed\graphs\blues\blues.00014.pkl,C:\Users\user\Downloads\gnn_bert_music_context\data\processed\features\blues\blues.00014.npy
pop,C:\Users\user\Downloads\gnn_bert_music_context\data\processed\graphs\pop\pop.00082.pkl,C:\Users\user\Downloads\gnn_bert_music_context\data\processed\features\pop\pop.00082.npy
metal,C:\Users\user\Downloads\gnn_bert_music_context\data\processed\graphs\metal\metal.00035.pkl,C:\Users\user\Downloads\gnn_bert_music_context\data\processed\features\metal\metal.00035.npy
disco,C:\Users\user\Downloads\gnn_bert_music_context\data\processed\graphs\disco\disco.00033.pkl,C:\Users\user\Downloads\gnn_bert_music_context\data\processed\features\disco\disco.00033.npy
rock,C:\Users\user\Downloads\gnn_bert_music_context\data\processed\graphs\rock\rock.00018.pkl,C:\Users\user\Downloads\gnn_bert_music_context\data\processed\features\rock\rock.00018.npy
reggae,C:\Users\user\Downloads\gnn_bert_music_context\data\processed\graphs\reggae\reggae.00087.pkl,C:\Users\user\Downloads\gnn_bert_music_context\data\processed\features\reggae\reggae.00087.npy
classical,C:\Users\user\Downloads\gnn_bert_music_context\data\processed\graphs\classical\classical.00053.pkl,C:\Users\user\Downloads\gnn_bert_music_context\data\processed\features\classical\classical.00053.npy
disco,C:\Users\user\Downloads\gnn_bert_music_context\data\processed\graphs\disco\disco.00023.pkl,C:\Users\user\Downloads\gnn_bert_music_context\data\processed\features\disco\disco.00023.npy
jazz,C:\Users\user\Downloads\gnn_bert_music_context\data\processed\graphs\jazz\jazz.00092.pkl,C:\Users\user\Downloads\gnn_bert_music_context\data\processed\features\jazz\jazz.00092.npy
country,C:\Users\user\Downloads\gnn_bert_music_context\data\processed\graphs\country\country.00040.pkl,C:\Users\user\Downloads\gnn_bert_music_context\data\processed\features\country\country.00040.npy
classical,C:\Users\user\Downloads\gnn_bert_music_context\data\processed\graphs\classical\classical.00001.pkl,C:\Users\user\Downloads\gnn_bert_music_context\data\processed\features\classical\classical.00001.npy
disco,C:\Users\user\Downloads\gnn_bert_music_context\data\processed\graphs\disco\disco.00062.pkl,C:\Users\user\Downloads\gnn_bert_music_context\data\processed\features\disco\disco.00062.npy
jazz,C:\Users\user\Downloads\gnn_bert_music_context\data\processed\graphs\jazz\jazz.00087.pkl,C:\Users\user\Downloads\gnn_bert_music_context\data\processed\features\jazz\jazz.00087.npy
reggae,C:\Users\user\Downloads\gnn_bert_music_context\data\processed\graphs\reggae\reggae.00052.pkl,C:\Users\user\Downloads\gnn_bert_music_context\data\processed\features\reggae\reggae.00052.npy
hiphop,C:\Users\user\Downloads\gnn_bert_music_context\data\processed\graphs\hiphop\hiphop.00032.pkl,C:\Users\user\Downloads\gnn_bert_music_context\data\processed\features\hiphop\hiphop.00032.npy
pop,C:\Users\user\Downloads\gnn_bert_music_context\data\processed\graphs\pop\pop.00035.pkl,C:\Users\user\Downloads\gnn_bert_music_context\data\processed\features\pop\pop.00035.npy
blues,C:\Users\user\Downloads\gnn_bert_music_context\data\processed\graphs\blues\blues.00076.pkl,C:\Users\user\Downloads\gnn_bert_music_context\data\processed\features\blues\blues.00076.npy
country,C:\Users\user\Downloads\gnn_bert_music_context\data\processed\graphs\country\country.00013.pkl,C:\Users\user\Downloads\gnn_bert_music_context\data\processed\features\country\country.00013.npy
rock,C:\Users\user\Downloads\gnn_bert_music_context\data\processed\graphs\rock\rock.00041.pkl,C:\Users\user\Downloads\gnn_bert_music_context\data\processed\features\rock\rock.00041.npy
pop,C:\Users\user\Downloads\gnn_bert_music_context\data\processed\graphs\pop\pop.00030.pkl,C:\Users\user\Downloads\gnn_bert_music_context\data\processed\features\pop\pop.00030.npy
reggae,C:\Users\user\Downloads\gnn_bert_music_context\data\processed\graphs\reggae\reggae.00021.pkl,C:\Users\user\Downloads\gnn_bert_music_context\data\processed\features\reggae\reggae.00021.npy
jazz,C:\Users\user\Downloads\gnn_bert_music_context\data\processed\graphs\jazz\jazz.00069.pkl,C:\Users\user\Downloads\gnn_bert_music_context\data\processed\features\jazz\jazz.00069.npy
pop,C:\Users\user\Downloads\gnn_bert_music_context\data\processed\graphs\pop\pop.00049.pkl,C:\Users\user\Downloads\gnn_bert_music_context\data\processed\features\pop\pop.00049.npy
jazz,C:\Users\user\Downloads\gnn_bert_music_context\data\processed\graphs\jazz\jazz.00067.pkl,C:\Users\user\Downloads\gnn_bert_music_context\data\processed\features\jazz\jazz.00067.npy
disco,C:\Users\user\Downloads\gnn_bert_music_context\data\processed\graphs\disco\disco.00072.pkl,C:\Users\user\Downloads\gnn_bert_music_context\data\processed\features\disco\disco.00072.npy
rock,C:\Users\user\Downloads\gnn_bert_music_context\data\processed\graphs\rock\rock.00086.pkl,C:\Users\user\Downloads\gnn_bert_music_context\data\processed\features\rock\rock.00086.npy
jazz,C:\Users\user\Downloads\gnn_bert_music_context\data\processed\graphs\jazz\jazz.00066.pkl,C:\Users\user\Downloads\gnn_bert_music_context\data\processed\features\jazz\jazz.00066.npy
blues,C:\Users\user\Downloads\gnn_bert_music_context\data\processed\graphs\blues\blues.00015.pkl,C:\Users\user\Downloads\gnn_bert_music_context\data\processed\features\blues\blues.00015.npy
blues,C:\Users\user\Downloads\gnn_bert_music_context\data\processed\graphs\blues\blues.00027.pkl,C:\Users\user\Downloads\gnn_bert_music_context\data\processed\features\blues\blues.00027.npy
hiphop,C:\Users\user\Downloads\gnn_bert_music_context\data\processed\graphs\hiphop\hiphop.00072.pkl,C:\Users\user\Downloads\gnn_bert_music_context\data\processed\features\hiphop\hiphop.00072.npy
pop,C:\Users\user\Downloads\gnn_bert_music_context\data\processed\graphs\pop\pop.00014.pkl,C:\Users\user\Downloads\gnn_bert_music_context\data\processed\features\pop\pop.00014.npy
classical,C:\Users\user\Downloads\gnn_bert_music_context\data\processed\graphs\classical\classical.00060.pkl,C:\Users\user\Downloads\gnn_bert_music_context\data\processed\features\classical\classical.00060.npy
classical,C:\Users\user\Downloads\gnn_bert_music_context\data\processed\graphs\classical\classical.00029.pkl,C:\Users\user\Downloads\gnn_bert_music_context\data\processed\features\classical\classical.00029.npy
classical,C:\Users\user\Downloads\gnn_bert_music_context\data\processed\graphs\classical\classical.00005.pkl,C:\Users\user\Downloads\gnn_bert_music_context\data\processed\features\classical\classical.00005.npy
rock,C:\Users\user\Downloads\gnn_bert_music_context\data\processed\graphs\rock\rock.00028.pkl,C:\Users\user\Downloads\gnn_bert_music_context\data\processed\features\rock\rock.00028.npy
hiphop,C:\Users\user\Downloads\gnn_bert_music_context\data\processed\graphs\hiphop\hiphop.00081.pkl,C:\Users\user\Downloads\gnn_bert_music_context\data\processed\features\hiphop\hiphop.00081.npy
jazz,C:\Users\user\Downloads\gnn_bert_music_context\data\processed\graphs\jazz\jazz.00096.pkl,C:\Users\user\Downloads\gnn_bert_music_context\data\processed\features\jazz\jazz.00096.npy
reggae,C:\Users\user\Downloads\gnn_bert_music_context\data\processed\graphs\reggae\reggae.00051.pkl,C:\Users\user\Downloads\gnn_bert_music_context\data\processed\features\reggae\reggae.00051.npy
reggae,C:\Users\user\Downloads\gnn_bert_music_context\data\processed\graphs\reggae\reggae.00048.pkl,C:\Users\user\Downloads\gnn_bert_music_context\data\processed\features\reggae\reggae.00048.npy
rock,C:\Users\user\Downloads\gnn_bert_music_context\data\processed\graphs\rock\rock.00009.pkl,C:\Users\user\Downloads\gnn_bert_music_context\data\processed\features\rock\rock.00009.npy
country,C:\Users\user\Downloads\gnn_bert_music_context\data\processed\graphs\country\country.00098.pkl,C:\Users\user\Downloads\gnn_bert_music_context\data\processed\features\country\country.00098.npy
rock,C:\Users\user\Downloads\gnn_bert_music_context\data\processed\graphs\rock\rock.00046.pkl,C:\Users\user\Downloads\gnn_bert_music_context\data\processed\features\rock\rock.00046.npy
classical,C:\Users\user\Downloads\gnn_bert_music_context\data\processed\graphs\classical\classical.00058.pkl,C:\Users\user\Downloads\gnn_bert_music_context\data\processed\features\classical\classical.00058.npy
country,C:\Users\user\Downloads\gnn_bert_music_context\data\processed\graphs\country\country.00029.pkl,C:\Users\user\Downloads\gnn_bert_music_context\data\processed\features\country\country.00029.npy
hiphop,C:\Users\user\Downloads\gnn_bert_music_context\data\processed\graphs\hiphop\hiphop.00060.pkl,C:\Users\user\Downloads\gnn_bert_music_context\data\processed\features\hiphop\hiphop.00060.npy
hiphop,C:\Users\user\Downloads\gnn_bert_music_context\data\processed\graphs\hiphop\hiphop.00030.pkl,C:\Users\user\Downloads\gnn_bert_music_context\data\processed\features\hiphop\hiphop.00030.npy
disco,C:\Users\user\Downloads\gnn_bert_music_context\data\processed\graphs\disco\disco.00094.pkl,C:\Users\user\Downloads\gnn_bert_music_context\data\processed\features\disco\disco.00094.npy
hiphop,C:\Users\user\Downloads\gnn_bert_music_context\data\processed\graphs\hiphop\hiphop.00017.pkl,C:\Users\user\Downloads\gnn_bert_music_context\data\processed\features\hiphop\hiphop.00017.npy
rock,C:\Users\user\Downloads\gnn_bert_music_context\data\processed\graphs\rock\rock.00071.pkl,C:\Users\user\Downloads\gnn_bert_music_context\data\processed\features\rock\rock.00071.npy
reggae,C:\Users\user\Downloads\gnn_bert_music_context\data\processed\graphs\reggae\reggae.00069.pkl,C:\Users\user\Downloads\gnn_bert_music_context\data\processed\features\reggae\reggae.00069.npy
classical,C:\Users\user\Downloads\gnn_bert_music_context\data\processed\graphs\classical\classical.00052.pkl,C:\Users\user\Downloads\gnn_bert_music_context\data\processed\features\classical\classical.00052.npy
rock,C:\Users\user\Downloads\gnn_bert_music_context\data\processed\graphs\rock\rock.00033.pkl,C:\Users\user\Downloads\gnn_bert_music_context\data\processed\features\rock\rock.00033.npy
rock,C:\Users\user\Downloads\gnn_bert_music_context\data\processed\graphs\rock\rock.00016.pkl,C:\Users\user\Downloads\gnn_bert_music_context\data\processed\features\rock\rock.00016.npy
blues,C:\Users\user\Downloads\gnn_bert_music_context\data\processed\graphs\blues\blues.00078.pkl,C:\Users\user\Downloads\gnn_bert_music_context\data\processed\features\blues\blues.00078.npy
reggae,C:\Users\user\Downloads\gnn_bert_music_context\data\processed\graphs\reggae\reggae.00083.pkl,C:\Users\user\Downloads\gnn_bert_music_context\data\processed\features\reggae\reggae.00083.npy
blues,C:\Users\user\Downloads\gnn_bert_music_context\data\processed\graphs\blues\blues.00054.pkl,C:\Users\user\Downloads\gnn_bert_music_context\data\processed\features\blues\blues.00054.npy
disco,C:\Users\user\Downloads\gnn_bert_music_context\data\processed\graphs\disco\disco.00008.pkl,C:\Users\user\Downloads\gnn_bert_music_context\data\processed\features\disco\disco.00008.npy
disco,C:\Users\user\Downloads\gnn_bert_music_context\data\processed\graphs\disco\disco.00022.pkl,C:\Users\user\Downloads\gnn_bert_music_context\data\processed\features\disco\disco.00022.npy
pop,C:\Users\user\Downloads\gnn_bert_music_context\data\processed\graphs\pop\pop.00061.pkl,C:\Users\user\Downloads\gnn_bert_music_context\data\processed\features\pop\pop.00061.npy
classical,C:\Users\user\Downloads\gnn_bert_music_context\data\processed\graphs\classical\classical.00097.pkl,C:\Users\user\Downloads\gnn_bert_music_context\data\processed\features\classical\classical.00097.npy
rock,C:\Users\user\Downloads\gnn_bert_music_context\data\processed\graphs\rock\rock.00062.pkl,C:\Users\user\Downloads\gnn_bert_music_context\data\processed\features\rock\rock.00062.npy
classical,C:\Users\user\Downloads\gnn_bert_music_context\data\processed\graphs\classical\classical.00085.pkl,C:\Users\user\Downloads\gnn_bert_music_context\data\processed\features\classical\classical.00085.npy
reggae,C:\Users\user\Downloads\gnn_bert_music_context\data\processed\graphs\reggae\reggae.00058.pkl,C:\Users\user\Downloads\gnn_bert_music_context\data\processed\features\reggae\reggae.00058.npy
hiphop,C:\Users\user\Downloads\gnn_bert_music_context\data\processed\graphs\hiphop\hiphop.00074.pkl,C:\Users\user\Downloads\gnn_bert_music_context\data\processed\features\hiphop\hiphop.00074.npy
blues,C:\Users\user\Downloads\gnn_bert_music_context\data\processed\graphs\blues\blues.00007.pkl,C:\Users\user\Downloads\gnn_bert_music_context\data\processed\features\blues\blues.00007.npy
rock,C:\Users\user\Downloads\gnn_bert_music_context\data\processed\graphs\rock\rock.00084.pkl,C:\Users\user\Downloads\gnn_bert_music_context\data\processed\features\rock\rock.00084.npy
disco,C:\Users\user\Downloads\gnn_bert_music_context\data\processed\graphs\disco\disco.00055.pkl,C:\Users\user\Downloads\gnn_bert_music_context\data\processed\features\disco\disco.00055.npy
reggae,C:\Users\user\Downloads\gnn_bert_music_context\data\processed\graphs\reggae\reggae.00019.pkl,C:\Users\user\Downloads\gnn_bert_music_context\data\processed\features\reggae\reggae.00019.npy
rock,C:\Users\user\Downloads\gnn_bert_music_context\data\processed\graphs\rock\rock.00066.pkl,C:\Users\user\Downloads\gnn_bert_music_context\data\processed\features\rock\rock.00066.npy
rock,C:\Users\user\Downloads\gnn_bert_music_context\data\processed\graphs\rock\rock.00059.pkl,C:\Users\user\Downloads\gnn_bert_music_context\data\processed\features\rock\rock.00059.npy
reggae,C:\Users\user\Downloads\gnn_bert_music_context\data\processed\graphs\reggae\reggae.00088.pkl,C:\Users\user\Downloads\gnn_bert_music_context\data\processed\features\reggae\reggae.00088.npy
country,C:\Users\user\Downloads\gnn_bert_music_context\data\processed\graphs\country\country.00034.pkl,C:\Users\user\Downloads\gnn_bert_music_context\data\processed\features\country\country.00034.npy
country,C:\Users\user\Downloads\gnn_bert_music_context\data\processed\graphs\country\country.00039.pkl,C:\Users\user\Downloads\gnn_bert_music_context\data\processed\features\country\country.00039.npy
classical,C:\Users\user\Downloads\gnn_bert_music_context\data\processed\graphs\classical\classical.00098.pkl,C:\Users\user\Downloads\gnn_bert_music_context\data\processed\features\classical\classical.00098.npy
classical,C:\Users\user\Downloads\gnn_bert_music_context\data\processed\graphs\classical\classical.00080.pkl,C:\Users\user\Downloads\gnn_bert_music_context\data\processed\features\classical\classical.00080.npy
pop,C:\Users\user\Downloads\gnn_bert_music_context\data\processed\graphs\pop\pop.00022.pkl,C:\Users\user\Downloads\gnn_bert_music_context\data\processed\features\pop\pop.00022.npy
metal,C:\Users\user\Downloads\gnn_bert_music_context\data\processed\graphs\metal\metal.00007.pkl,C:\Users\user\Downloads\gnn_bert_music_context\data\processed\features\metal\metal.00007.npy
metal,C:\Users\user\Downloads\gnn_bert_music_context\data\processed\graphs\metal\metal.00092.pkl,C:\Users\user\Downloads\gnn_bert_music_context\data\processed\features\metal\metal.00092.npy
pop,C:\Users\user\Downloads\gnn_bert_music_context\data\processed\graphs\pop\pop.00060.pkl,C:\Users\user\Downloads\gnn_bert_music_context\data\processed\features\pop\pop.00060.npy
country,C:\Users\user\Downloads\gnn_bert_music_context\data\processed\graphs\country\country.00085.pkl,C:\Users\user\Downloads\gnn_bert_music_context\data\processed\features\country\country.00085.npy
disco,C:\Users\user\Downloads\gnn_bert_music_context\data\processed\graphs\disco\disco.00088.pkl,C:\Users\user\Downloads\gnn_bert_music_context\data\processed\features\disco\disco.00088.npy
rock,C:\Users\user\Downloads\gnn_bert_music_context\data\processed\graphs\rock\rock.00022.pkl,C:\Users\user\Downloads\gnn_bert_music_context\data\processed\features\rock\rock.00022.npy
jazz,C:\Users\user\Downloads\gnn_bert_music_context\data\processed\graphs\jazz\jazz.00044.pkl,C:\Users\user\Downloads\gnn_bert_music_context\data\processed\features\jazz\jazz.00044.npy
classical,C:\Users\user\Downloads\gnn_bert_music_context\data\processed\graphs\classical\classical.00056.pkl,C:\Users\user\Downloads\gnn_bert_music_context\data\processed\features\classical\classical.00056.npy
jazz,C:\Users\user\Downloads\gnn_bert_music_context\data\processed\graphs\jazz\jazz.00094.pkl,C:\Users\user\Downloads\gnn_bert_music_context\data\processed\features\jazz\jazz.00094.npy
metal,C:\Users\user\Downloads\gnn_bert_music_context\data\processed\graphs\metal\metal.00043.pkl,C:\Users\user\Downloads\gnn_bert_music_context\data\processed\features\metal\metal.00043.npy
classical,C:\Users\user\Downloads\gnn_bert_music_context\data\processed\graphs\classical\classical.00026.pkl,C:\Users\user\Downloads\gnn_bert_music_context\data\processed\features\classical\classical.00026.npy
jazz,C:\Users\user\Downloads\gnn_bert_music_context\data\processed\graphs\jazz\jazz.00097.pkl,C:\Users\user\Downloads\gnn_bert_music_context\data\processed\features\jazz\jazz.00097.npy
country,C:\Users\user\Downloads\gnn_bert_music_context\data\processed\graphs\country\country.00076.pkl,C:\Users\user\Downloads\gnn_bert_music_context\data\processed\features\country\country.00076.npy
jazz,C:\Users\user\Downloads\gnn_bert_music_context\data\processed\graphs\jazz\jazz.00036.pkl,C:\Users\user\Downloads\gnn_bert_music_context\data\processed\features\jazz\jazz.00036.npy
disco,C:\Users\user\Downloads\gnn_bert_music_context\data\processed\graphs\disco\disco.00080.pkl,C:\Users\user\Downloads\gnn_bert_music_context\data\processed\features\disco\disco.00080.npy
reggae,C:\Users\user\Downloads\gnn_bert_music_context\data\processed\graphs\reggae\reggae.00053.pkl,C:\Users\user\Downloads\gnn_bert_music_context\data\processed\features\reggae\reggae.00053.npy
pop,C:\Users\user\Downloads\gnn_bert_music_context\data\processed\graphs\pop\pop.00027.pkl,C:\Users\user\Downloads\gnn_bert_music_context\data\processed\features\pop\pop.00027.npy
blues,C:\Users\user\Downloads\gnn_bert_music_context\data\processed\graphs\blues\blues.00018.pkl,C:\Users\user\Downloads\gnn_bert_music_context\data\processed\features\blues\blues.00018.npy
metal,C:\Users\user\Downloads\gnn_bert_music_context\data\processed\graphs\metal\metal.00079.pkl,C:\Users\user\Downloads\gnn_bert_music_context\data\processed\features\metal\metal.00079.npy
jazz,C:\Users\user\Downloads\gnn_bert_music_context\data\processed\graphs\jazz\jazz.00098.pkl,C:\Users\user\Downloads\gnn_bert_music_context\data\processed\features\jazz\jazz.00098.npy
metal,C:\Users\user\Downloads\gnn_bert_music_context\data\processed\graphs\metal\metal.00032.pkl,C:\Users\user\Downloads\gnn_bert_music_context\data\processed\features\metal\metal.00032.npy
country,C:\Users\user\Downloads\gnn_bert_music_context\data\processed\graphs\country\country.00033.pkl,C:\Users\user\Downloads\gnn_bert_music_context\data\processed\features\country\country.00033.npy
hiphop,C:\Users\user\Downloads\gnn_bert_music_context\data\processed\graphs\hiphop\hiphop.00066.pkl,C:\Users\user\Downloads\gnn_bert_music_context\data\processed\features\hiphop\hiphop.00066.npy
pop,C:\Users\user\Downloads\gnn_bert_music_context\data\processed\graphs\pop\pop.00046.pkl,C:\Users\user\Downloads\gnn_bert_music_context\data\processed\features\pop\pop.00046.npy
reggae,C:\Users\user\Downloads\gnn_bert_music_context\data\processed\graphs\reggae\reggae.00082.pkl,C:\Users\user\Downloads\gnn_bert_music_context\data\processed\features\reggae\reggae.00082.npy
country,C:\Users\user\Downloads\gnn_bert_music_context\data\processed\graphs\country\country.00077.pkl,C:\Users\user\Downloads\gnn_bert_music_context\data\processed\features\country\country.00077.npy
blues,C:\Users\user\Downloads\gnn_bert_music_context\data\processed\graphs\blues\blues.00005.pkl,C:\Users\user\Downloads\gnn_bert_music_context\data\processed\features\blues\blues.00005.npy
classical,C:\Users\user\Downloads\gnn_bert_music_context\data\processed\graphs\classical\classical.00091.pkl,C:\Users\user\Downloads\gnn_bert_music_context\data\processed\features\classical\classical.00091.npy
rock,C:\Users\user\Downloads\gnn_bert_music_context\data\processed\graphs\rock\rock.00043.pkl,C:\Users\user\Downloads\gnn_bert_music_context\data\processed\features\rock\rock.00043.npy
metal,C:\Users\user\Downloads\gnn_bert_music_context\data\processed\graphs\metal\metal.00039.pkl,C:\Users\user\Downloads\gnn_bert_music_context\data\processed\features\metal\metal.00039.npy
country,C:\Users\user\Downloads\gnn_bert_music_context\data\processed\graphs\country\country.00082.pkl,C:\Users\user\Downloads\gnn_bert_music_context\data\processed\features\country\country.00082.npy
classical,C:\Users\user\Downloads\gnn_bert_music_context\data\processed\graphs\classical\classical.00035.pkl,C:\Users\user\Downloads\gnn_bert_music_context\data\processed\features\classical\classical.00035.npy
reggae,C:\Users\user\Downloads\gnn_bert_music_context\data\processed\graphs\reggae\reggae.00067.pkl,C:\Users\user\Downloads\gnn_bert_music_context\data\processed\features\reggae\reggae.00067.npy
classical,C:\Users\user\Downloads\gnn_bert_music_context\data\processed\graphs\classical\classical.00031.pkl,C:\Users\user\Downloads\gnn_bert_music_context\data\processed\features\classical\classical.00031.npy
pop,C:\Users\user\Downloads\gnn_bert_music_context\data\processed\graphs\pop\pop.00067.pkl,C:\Users\user\Downloads\gnn_bert_music_context\data\processed\features\pop\pop.00067.npy
blues,C:\Users\user\Downloads\gnn_bert_music_context\data\processed\graphs\blues\blues.00067.pkl,C:\Users\user\Downloads\gnn_bert_music_context\data\processed\features\blues\blues.00067.npy
jazz,C:\Users\user\Downloads\gnn_bert_music_context\data\processed\graphs\jazz\jazz.00039.pkl,C:\Users\user\Downloads\gnn_bert_music_context\data\processed\features\jazz\jazz.00039.npy
pop,C:\Users\user\Downloads\gnn_bert_music_context\data\processed\graphs\pop\pop.00002.pkl,C:\Users\user\Downloads\gnn_bert_music_context\data\processed\features\pop\pop.00002.npy
reggae,C:\Users\user\Downloads\gnn_bert_music_context\data\processed\graphs\reggae\reggae.00062.pkl,C:\Users\user\Downloads\gnn_bert_music_context\data\processed\features\reggae\reggae.00062.npy
metal,C:\Users\user\Downloads\gnn_bert_music_context\data\processed\graphs\metal\metal.00081.pkl,C:\Users\user\Downloads\gnn_bert_music_context\data\processed\features\metal\metal.00081.npy
pop,C:\Users\user\Downloads\gnn_bert_music_context\data\processed\graphs\pop\pop.00053.pkl,C:\Users\user\Downloads\gnn_bert_music_context\data\processed\features\pop\pop.00053.npy
disco,C:\Users\user\Downloads\gnn_bert_music_context\data\processed\graphs\disco\disco.00067.pkl,C:\Users\user\Downloads\gnn_bert_music_context\data\processed\features\disco\disco.00067.npy
disco,C:\Users\user\Downloads\gnn_bert_music_context\data\processed\graphs\disco\disco.00049.pkl,C:\Users\user\Downloads\gnn_bert_music_context\data\processed\features\disco\disco.00049.npy
jazz,C:\Users\user\Downloads\gnn_bert_music_context\data\processed\graphs\jazz\jazz.00014.pkl,C:\Users\user\Downloads\gnn_bert_music_context\data\processed\features\jazz\jazz.00014.npy
classical,C:\Users\user\Downloads\gnn_bert_music_context\data\processed\graphs\classical\classical.00020.pkl,C:\Users\user\Downloads\gnn_bert_music_context\data\processed\features\classical\classical.00020.npy
blues,C:\Users\user\Downloads\gnn_bert_music_context\data\processed\graphs\blues\blues.00039.pkl,C:\Users\user\Downloads\gnn_bert_music_context\data\processed\features\blues\blues.00039.npy
rock,C:\Users\user\Downloads\gnn_bert_music_context\data\processed\graphs\rock\rock.00090.pkl,C:\Users\user\Downloads\gnn_bert_music_context\data\processed\features\rock\rock.00090.npy
pop,C:\Users\user\Downloads\gnn_bert_music_context\data\processed\graphs\pop\pop.00013.pkl,C:\Users\user\Downloads\gnn_bert_music_context\data\processed\features\pop\pop.00013.npy
classical,C:\Users\user\Downloads\gnn_bert_music_context\data\processed\graphs\classical\classical.00057.pkl,C:\Users\user\Downloads\gnn_bert_music_context\data\processed\features\classical\classical.00057.npy
pop,C:\Users\user\Downloads\gnn_bert_music_context\data\processed\graphs\pop\pop.00059.pkl,C:\Users\user\Downloads\gnn_bert_music_context\data\processed\features\pop\pop.00059.npy
jazz,C:\Users\user\Downloads\gnn_bert_music_context\data\processed\graphs\jazz\jazz.00003.pkl,C:\Users\user\Downloads\gnn_bert_music_context\data\processed\features\jazz\jazz.00003.npy
blues,C:\Users\user\Downloads\gnn_bert_music_context\data\processed\graphs\blues\blues.00058.pkl,C:\Users\user\Downloads\gnn_bert_music_context\data\processed\features\blues\blues.00058.npy
hiphop,C:\Users\user\Downloads\gnn_bert_music_context\data\processed\graphs\hiphop\hiphop.00083.pkl,C:\Users\user\Downloads\gnn_bert_music_context\data\processed\features\hiphop\hiphop.00083.npy
blues,C:\Users\user\Downloads\gnn_bert_music_context\data\processed\graphs\blues\blues.00070.pkl,C:\Users\user\Downloads\gnn_bert_music_context\data\processed\features\blues\blues.00070.npy
country,C:\Users\user\Downloads\gnn_bert_music_context\data\processed\graphs\country\country.00028.pkl,C:\Users\user\Downloads\gnn_bert_music_context\data\processed\features\country\country.00028.npy
rock,C:\Users\user\Downloads\gnn_bert_music_context\data\processed\graphs\rock\rock.00067.pkl,C:\Users\user\Downloads\gnn_bert_music_context\data\processed\features\rock\rock.00067.npy
disco,C:\Users\user\Downloads\gnn_bert_music_context\data\processed\graphs\disco\disco.00001.pkl,C:\Users\user\Downloads\gnn_bert_music_context\data\processed\features\disco\disco.00001.npy
disco,C:\Users\user\Downloads\gnn_bert_music_context\data\processed\graphs\disco\disco.00015.pkl,C:\Users\user\Downloads\gnn_bert_music_context\data\processed\features\disco\disco.00015.npy
country,C:\Users\user\Downloads\gnn_bert_music_context\data\processed\graphs\country\country.00032.pkl,C:\Users\user\Downloads\gnn_bert_music_context\data\processed\features\country\country.00032.npy
