genre,graph_path,feature_path,ytid,caption,tags,split
jazz,C:\Users\user\Downloads\gnn_bert_music_context\data\processed\graphs\jazz\jazz.00040.pkl,C:\Users\user\Downloads\gnn_bert_music_context\data\processed\features\jazz\jazz.00040.npy,wXmIm6Bq3Tc,The music features a mix between jazz and soul music. The instrumental is easygoing and fun. A male singer with a seductive and appealing voice sings a fun melody. A saxophone plays a melody in the background that adds texture to the instrumental. The music is a live recording of a performance.,"['jazz fusion', 'r&b/soul', 'easygoing', 'appealing male vocals', 'seductive saxophone', 'mid tempo', 'fun', 'jazzy drum kit', 'live music']",train
country,C:\Users\user\Downloads\gnn_bert_music_context\data\processed\graphs\country\country.00008.pkl,C:\Users\user\Downloads\gnn_bert_music_context\data\processed\features\country\country.00008.npy,8ntKBILZ06k,"This song is a child yodelling .The tempo is medium with an enthusiastic guitar accompaniment. The yodelling is melodic, calm, engaging, and pleasant. The song  has minimal instrumentation with vocal emphasis.","['child singer', 'fast tempo', 'yodelling', 'vocalisation', 'falsetto', 'vocal emphasis', 'country side singing', 'enthusiastic acoustic guitar accompaniment', 'vocalisation', 'no lyrics', 'austria', 'switzerland music', 'energetic', 'enthusiastic', 'pleasant', 'sweet', 'melodic']",train
rock,C:\Users\user\Downloads\gnn_bert_music_context\data\processed\graphs\rock\rock.00070.pkl,C:\Users\user\Downloads\gnn_bert_music_context\data\processed\features\rock\rock.00070.npy,0dPx94RPy2M,This is a jingle piece played in the background of an advertisement video. There are sounds coming from a drill. The piece in the background is an instrumental rock music piece. There is a keyboard and an electric guitar playing the melody while an acoustic sounding drum beat provides the rhythm. The sounds are bland and generic. The piece could be of some use as an advertisement jingle or it could be playing in the background of an instructive/tutorial video.,"['advertisement', 'jingle', 'drill sounds', 'rock music', 'instrumental', 'electric guitar', 'keyboard', 'acoustic sounding drums', 'generic', 'simple tune']",train
jazz,C:\Users\user\Downloads\gnn_bert_music_context\data\processed\graphs\jazz\jazz.00021.pkl,C:\Users\user\Downloads\gnn_bert_music_context\data\processed\features\jazz\jazz.00021.npy,KjMRf4egAyA,A female singer sings this soulful melody. The song is slow tempo with a guitar playing a subtle bass line and no other instrumentation. The song is romantic and emotional. The song is soul music with jazz and black gospel influences. The audio quality is poor as it is recorded casually at home.,"['female singer', 'soulful singing', 'guitar bass line', 'slow tempo', 'home video', 'ambient room noises', 'poor audio quality', 'jazz music', 'no percussion instruments', 'subtle bass line', 'emotional', 'romantic', 'love song', 'vocal vibrato', 'soul music', 'black gospel influences', 'guitar accompaniment', 'passionate', 'madly in love', 'together forever']",train
jazz,C:\Users\user\Downloads\gnn_bert_music_context\data\processed\graphs\jazz\jazz.00065.pkl,C:\Users\user\Downloads\gnn_bert_music_context\data\processed\features\jazz\jazz.00065.npy,HtSznF9_784,"A female singer sings this jazz scat improvisation. The song is medium fast tempo with jazz drumming, Latin percussion, steady bass line and a piano accompaniment. The song is energetic and highly improvisational.  The song is a live jazz performance with ambient room noises and other disturbances.","['female singer', 'jazz scatting', 'medium fast tempo', 'cymbals crashing', 'latin percussion rhythm', 'piano accompaniment', 'steady bass line', 'screaming vocals', 'love performance', 'ambient room noise', 'vocal jazz', 'scat improvisation', 'poor audio quality', 'jazz drumming', 'improvisation', 'female choir', 'latin jazz music']",train
hiphop,C:\Users\user\Downloads\gnn_bert_music_context\data\processed\graphs\hiphop\hiphop.00064.pkl,C:\Users\user\Downloads\gnn_bert_music_context\data\processed\features\hiphop\hiphop.00064.npy,GOujNXEtDmg,"The low quality recording features a hip hop song that consists of flat male vocals, alongside background male ad libs, rapping over boomy bass, punchy kick, slap snare, shimmering hi hats, tinny percussive elements and weird, funny and repetitive percussion. It sounds groovy and boomy, but also muddy and poorly mixed.","['low quality', 'hip hop', 'reverberant vocal chant', 'boomy bass', 'punchy kick', 'slap snare', 'flat male vocal', 'shimmering hi hats', 'tinny percussive elements', 'weird funny repetitive percussion', 'groovy', 'background male ad libs', 'poor mix', 'boomy', 'muddy']",train
country,C:\Users\user\Downloads\gnn_bert_music_context\data\processed\graphs\country\country.00058.pkl,C:\Users\user\Downloads\gnn_bert_music_context\data\processed\features\country\country.00058.npy,A8CJ4YSsUgs,"This is a country pop music piece. There is a female vocalist singing melodically as the lead. The melody comprises various elements such as the electric guitar, the bass guitar, the harmonica and the banjo. There is a rock acoustic drum beat in the rhythmic background. The atmosphere is easygoing. This piece could be the opening theme of a teenage sit-com.","['country pop', 'female vocal', 'melodic singing', 'harmonica', 'electric guitar', 'bass guitar', 'acoustic drums', 'banjo', 'simple tune', 'easygoing']",train
pop,C:\Users\user\Downloads\gnn_bert_music_context\data\processed\graphs\pop\pop.00093.pkl,C:\Users\user\Downloads\gnn_bert_music_context\data\processed\features\pop\pop.00093.npy,6PWiDlWmPs0,"A male vocalist sings this romantic song. The tempo is medium fast with keyboard harmony, infectious drumming, steady bass lines and electronic guitar. The song is simple, mellow, tender, sentimental, emotional and mellow. This is a Romantic Soft Rock.","['male vocalist', 'medium fast tempo', 'infectious drumming', 'sentimental', 'mellow', 'tender', 'love song', 'first love', 'pop', 'ost', 'you’ve got mail', 'ending song', 'keyboard harmony', 'steady bass lines', 'violin harmony soft', 'mellow', 'romantic', 'soft rock', 'electric guitar']",train
reggae,C:\Users\user\Downloads\gnn_bert_music_context\data\processed\graphs\reggae\reggae.00084.pkl,C:\Users\user\Downloads\gnn_bert_music_context\data\processed\features\reggae\reggae.00084.npy,xt6V3Ic72nE,"This is the live performance of a reggae piece. There is a male vocal hollering while a younger sounding male vocal is singing in a Jamaican accent. An electric guitar is strumming chords in staccato while a bass guitar is playing a groovy bass line. In the rhythmic background, there is an acoustic drum playing a reggae beat. The atmosphere is chill. This piece could be played at beach parties and in the soundtracks of summer vacation-themed movies or TV shows.","['reggae', 'dub', 'live performance', 'male vocal', 'teen male vocal', 'electric guitar', 'bass guitar', 'acoustic guitar', 'groovy', 'laid back', 'fun', 'chill']",train
rock,C:\Users\user\Downloads\gnn_bert_music_context\data\processed\graphs\rock\rock.00015.pkl,C:\Users\user\Downloads\gnn_bert_music_context\data\processed\features\rock\rock.00015.npy,5rsQHo-6DI4,"Mellow rock with a slow drum beat, acoustic strumming guitar, male and female vocalists singing in octaves.","['acoustic guitar strumming', 'slow rock', 'male and female singing in octaves', 'mellow']",train
country,C:\Users\user\Downloads\gnn_bert_music_context\data\processed\graphs\country\country.00078.pkl,C:\Users\user\Downloads\gnn_bert_music_context\data\processed\features\country\country.00078.npy,e57SBRbMXbI,"This piece of audio contains a modern pop song with drums, effects panned to left and right, a female voice singing with delay before changing into a totally different song that sounds more like a fast paced country song with a synthesizer- melody; acoustic drums and a banjo playing a fast melody along. This recording is also full of voice samples, a tiger or lion roaring, a telephone ringing. According to all these sounds and fast paced changes, it can be assumed that this recording is best played at a comedic television show for kids.","['pop/country', 'changing songs', 'electronic drums', 'banjo', 'female voice', 'comedic sound effects', 'background-noises', 'uptempo']",train
pop,C:\Users\user\Downloads\gnn_bert_music_context\data\processed\graphs\pop\pop.00029.pkl,C:\Users\user\Downloads\gnn_bert_music_context\data\processed\features\pop\pop.00029.npy,1OIfQHKnAcw,A male singer sings this emotional melody. The song is medium tempo with a piano accompaniment and a strong bass drum kick . The song is emotional and romantic. The song is a home music video .,"['male singer', 'piano accompaniment', 'soloist', 'modern love', 'loneliness', 'breakup song', 'mameluke in love', 'music covers', 'youtube music videos', 'youtube music artist', 'modern pop hits', 'courtship song', 'desperate for you', 'madly in love', 'original song', 'acoustic pop', 'emotional', 'love song', 'sentimental', 'strong bass line', 'keyboard accompaniment']",train
rock,C:\Users\user\Downloads\gnn_bert_music_context\data\processed\graphs\rock\rock.00042.pkl,C:\Users\user\Downloads\gnn_bert_music_context\data\processed\features\rock\rock.00042.npy,1BVSYfNCcv0,This is a Malaysian alternative rock music piece. There is a male vocalist singing melodically at the forefront. The main melody is played by the acoustic guitar with the backing of a mellow electric guitar and a simple bass line on the bass guitar. The rhythmic background consists of a basic rock acoustic drum beat. There is a sentimental and easygoing atmosphere to this piece. It could be used in the soundtrack of a drama/romance movie or TV series that takes place in Malaysia.,"['malaysian', 'alternative rock', 'indie', 'male vocal', 'melodic singing', 'acoustic guitar', 'electric guitar', 'bass guitar', 'acoustic drums', 'sentimental', 'easygoing', 'mellow']",train
metal,C:\Users\user\Downloads\gnn_bert_music_context\data\processed\graphs\metal\metal.00015.pkl,C:\Users\user\Downloads\gnn_bert_music_context\data\processed\features\metal\metal.00015.npy,60y9j_Dc-Xs,"This music is instrumental. The tempo is medium with a sharp melody of the xylophone. It is melodic, reverberating,    minimalist with a festive ring to it.","['instrumental', 'medium tempo', 'sharp sounds', 'xylophonist', 'metalophone', 'festive', 'xylophone', 'resounding', 'reverberating', 'percussive instrument', 'bells', 'metallic sounds']",train
pop,C:\Users\user\Downloads\gnn_bert_music_context\data\processed\graphs\pop\pop.00051.pkl,C:\Users\user\Downloads\gnn_bert_music_context\data\processed\features\pop\pop.00051.npy,Ipow026xzVw,"A male singer sings this cool and animated melody with backup singers in vocal harmony. The song is medium tempo with  steady drumming rhythm, groovy bass line, organ accompaniment and horns playing. The song is entertaining  and cheerful. The audio quality is bad.","['male singer', 'backup singer', 'vocal harmony', 'cheerful', 'positive', 'animated vocals', 'video sound track', 'guitar rhythm', 'horns playing', 'organ accompaniment', 'steady bass line', 'groovy rhythm', 'energetic', 'entertaining', 'bad audio quality', 'pop song', 'medium tempo', 'keyboard accompaniment']",train
rock,C:\Users\user\Downloads\gnn_bert_music_context\data\processed\graphs\rock\rock.00011.pkl,C:\Users\user\Downloads\gnn_bert_music_context\data\processed\features\rock\rock.00011.npy,GFJNgqcX7u0,This is an instrumental electric guitar jam meant to showcase an echo delay pedal. The guitar using the pedal is merely strumming the chords while there is another electric guitar in the background playing the melody. There is also a bass guitar playing a simple bass line. In the rhythmic background there is a chill rock beat played by the acoustic drums. There is a calm and chill atmosphere in this piece. It could be used as the loading screen music in a video game.,"['instrumental', 'electric guitar', 'bass guitar', 'acoustic drums', 'effect pedal', 'echo', 'delay', 'gear', 'repeated theme', 'clean sound', 'chill', 'calm', 'easygoing']",train
pop,C:\Users\user\Downloads\gnn_bert_music_context\data\processed\graphs\pop\pop.00012.pkl,C:\Users\user\Downloads\gnn_bert_music_context\data\processed\features\pop\pop.00012.npy,oNggxSyyyq8,This audio contains a lot of different percussive instruments spread to both sides of the speakers. In the background you can hear a laughing sample in a high pitch. A male voice is singing in a higher pitch than a female voice takes over singing. A doorbell is ringing. An acoustic guitar is strumming chords. This song may be playing at an open air festival where everybody can dance along.,"['pop', 'percussions', 'acoustic guitar', 'laughing sample', 'doorbell ringing', 'male and female voices singing', 'e-bass', 'uptempo', 'uplifting energy']",train
pop,C:\Users\user\Downloads\gnn_bert_music_context\data\processed\graphs\pop\pop.00045.pkl,C:\Users\user\Downloads\gnn_bert_music_context\data\processed\features\pop\pop.00045.npy,zTtZH-Q61Ik,"A female vocalist sings this beautiful pop melody. The tempo is medium fast with rhythmic acoustic guitar, keyboard harmony, electric guitar melody, straight drumming;steady bass and tambourine beats. The song is mellow, sweet, passionate,emotional, youthful, romantic, simple and tender. This song is a hit Indonesian Pop.","['female vocalist', 'medium fast tempo', 'pop', 'straight drumming', 'classic pop', 'passionate', 'emotional', 'romantic', 'first love', 'indonesian pop', 'melodious', 'rhythmic acoustic guitar', 'electric guitar', 'groovy bass line', 'keyboard harmony', 'tambourine beats', 'synthesiser', 'vivid', 'vivacious', 'youthful', 'love song', 'emotional', 'sentimental']",train
blues,C:\Users\user\Downloads\gnn_bert_music_context\data\processed\graphs\blues\blues.00011.pkl,C:\Users\user\Downloads\gnn_bert_music_context\data\processed\features\blues\blues.00011.npy,19Pp9QEw17U,This is the recording of a slide guitar lesson. There is a male instructor playing blues on the steel guitar while speaking and breathing over his performance at the same time.,"['slide guitar lesson', 'blues', 'male voice', 'speaking', 'breathing']",train
classical,C:\Users\user\Downloads\gnn_bert_music_context\data\processed\graphs\classical\classical.00090.pkl,C:\Users\user\Downloads\gnn_bert_music_context\data\processed\features\classical\classical.00090.npy,Z_HT-d8W1_M,"This song is a Sitar instrumental. The tempo is slow with a beautiful violin orchestra accompaniment and keyboard harmony. This is an indo western piece with the musician playing a mellifluous lead on a sitar accompanied with a harmonic violin composition. The medley is ethereal, beautiful, peaceful, serene , calming, soothing, pleasing and ethereal.","['instrumental', 'slow tempo', 'indian classical', 'sitar', 'ethereal soothing', 'peaceful', 'indo western medley', 'calming', 'beautiful orchestra', 'violin harmony', 'indo western music', 'piano', 'calm', 'serene', 'pleasant', 'relaxed', 'mellifluous']",train
blues,C:\Users\user\Downloads\gnn_bert_music_context\data\processed\graphs\blues\blues.00035.pkl,C:\Users\user\Downloads\gnn_bert_music_context\data\processed\features\blues\blues.00035.npy,BEZdszHKGTQ,"This is a tutorial of a song that could be described as blues-rock. The performer plays the harmonica while strumming chords on an acoustic guitar. The feel of the instrumental is reflective, mellow and bluesy.","['harmonica', 'guitar', 'live recording', 'tutorial video', 'acoustic guitar strumming', 'bluesy harmonica playing', 'bluesy guitar chords', 'male speaking']",train
reggae,C:\Users\user\Downloads\gnn_bert_music_context\data\processed\graphs\reggae\reggae.00056.pkl,C:\Users\user\Downloads\gnn_bert_music_context\data\processed\features\reggae\reggae.00056.npy,xt6V3Ic72nE,"This is the live performance of a reggae piece. There is a male vocal hollering while a younger sounding male vocal is singing in a Jamaican accent. An electric guitar is strumming chords in staccato while a bass guitar is playing a groovy bass line. In the rhythmic background, there is an acoustic drum playing a reggae beat. The atmosphere is chill. This piece could be played at beach parties and in the soundtracks of summer vacation-themed movies or TV shows.","['reggae', 'dub', 'live performance', 'male vocal', 'teen male vocal', 'electric guitar', 'bass guitar', 'acoustic guitar', 'groovy', 'laid back', 'fun', 'chill']",train
metal,C:\Users\user\Downloads\gnn_bert_music_context\data\processed\graphs\metal\metal.00028.pkl,C:\Users\user\Downloads\gnn_bert_music_context\data\processed\features\metal\metal.00028.npy,Xn0wIqnt_44,"This music is an electronic instrumental. The tempo is fast with heavily synthesised arrangements and intense drumming with a male voice speaking over the music. The music is intense, vigorous,animated, futuristic  and vital. It sounds like video game music and the male voice seems to be reviewing Video Games.","['instrumental music', 'vigorous', 'animated', 'spirited', 'enthusiastic', 'intense drumming', 'last tempo heavy metal', 'hard rock', 'electronic music', 'video game music', 'male voice speaking', 'intense', 'electronic music', 'techno music', 'futuristic', 'review', 'informative']",train
hiphop,C:\Users\user\Downloads\gnn_bert_music_context\data\processed\graphs\hiphop\hiphop.00093.pkl,C:\Users\user\Downloads\gnn_bert_music_context\data\processed\features\hiphop\hiphop.00093.npy,FsCQmTluSDw,The drums sound complex and fast paced  going into the direction of drum&bass. Full of hihat and snare hits. Barely noticeable a synthetic bass is playing along with the drums giving this song a ragga feeling. A very simple synthesizer pad is playing a high pitched melody. The male voice sounds lower and energetic. This recording is of poor audio quality. This song may be playing at a dancing event or while working out.,"['ragga/drum&bass', 'amateur recording', 'electronic drums', 'synthesizer lead', 'male rapping/singing voice', 'bass']",train
rock,C:\Users\user\Downloads\gnn_bert_music_context\data\processed\graphs\rock\rock.00094.pkl,C:\Users\user\Downloads\gnn_bert_music_context\data\processed\features\rock\rock.00094.npy,Wr5sFgqxLzQ,"This alternative rock song features a male voice singing the main melody. This is accompanied by percussion playing a simple beat. A shaker is played on every count. At the beginning, a scratch slide is played on the distortion guitar. The bass plays notes in groups of three on the first and second counts of each bar. A keyboard plays repetitive fills in between lines. The voice is emotive and the feel of this song is psychedelic. The audio quality is low. This song can be played in a night driving scene in a movie.","['amateur recording', 'alternative rock', 'low quality audio', 'distortion guitar', 'bass', 'percussion', 'tambourine', 'slow tempo', 'psychedelic feel', 'guitar scratching', 'emotive voice', 'male voice', 'shaker', 'keyboard fills']",train
blues,C:\Users\user\Downloads\gnn_bert_music_context\data\processed\graphs\blues\blues.00084.pkl,C:\Users\user\Downloads\gnn_bert_music_context\data\processed\features\blues\blues.00084.npy,_wyELLqwF3w,"This is an instrumental piece with a harmonica as the main lead melodic instrument. High pitched, wobbly sounds are played on the harmonica and contrasted by a deep and full acoustic guitar on which arpeggios are played. There's a sustained pad synth in the background which adds to the overall calming and soothing tone of the song.","['harmonica', 'blues', 'acoustic guitar arpeggio', 'calm', 'pad synth', 'soothing']",train
hiphop,C:\Users\user\Downloads\gnn_bert_music_context\data\processed\graphs\hiphop\hiphop.00091.pkl,C:\Users\user\Downloads\gnn_bert_music_context\data\processed\features\hiphop\hiphop.00091.npy,LaaC_q3QDUE,The recording contains two parts. One being a song with digital drums  with a sub bass on the kick and a finger snapping sound used as a snare. A steeldrum sample is playing a repeating melody while a male voice is rapping in a higher pitch along to backing vocals creating a cheerful atmosphere. Then the song stops and you can hear mobile phones ringing. Two male voices are talking to each other. Then the recording stops with a beeping sound. This recording may be playing in a movie scene.,"['rap', 'mobile phones ringing', 'male voices talking', 'backgroundnoises', 'male voice rapping', 'higher register', 'medium tempo']",train
disco,C:\Users\user\Downloads\gnn_bert_music_context\data\processed\graphs\disco\disco.00041.pkl,C:\Users\user\Downloads\gnn_bert_music_context\data\processed\features\disco\disco.00041.npy,0Ubu4BqSWmU,"A male vocalist sings this mellow rap. The tempo is medium with a groovy bass line, keyboard harmony , slick drumming and vocal backup. The song is youthful, story telling, passionate, impactful, compelling and engaging. This song is contemporary Hip-Hop/Rap.","['male singer', 'slow tempo', 'funky bass lines', 'intense drumming', 'synthesiser arrangements', 'vocal backup', 'hip-hop', 'rap', 'pop rap', 'hip-hop hits', 'disco rap', 'rhythmic speech', 'story telling', 'passionate', 'emotional', 'persuasive', 'compelling', 'engaging', 'persuasive', 'youthful']",train
rock,C:\Users\user\Downloads\gnn_bert_music_context\data\processed\graphs\rock\rock.00037.pkl,C:\Users\user\Downloads\gnn_bert_music_context\data\processed\features\rock\rock.00037.npy,wMi_0eEIpcM,"This is a live recording from a rock music concert. There is an electric guitar playing the rhythm section upfront with a loud drum background. A harmonica solo is being played over the guitar and the drums. The song carries a playful and energetic atmosphere. This music could be played at a bar, especially a rock bar.","['rock', 'electric guitar', 'drums', 'harmonica', 'live performance', 'loud', 'playful']",train
hiphop,C:\Users\user\Downloads\gnn_bert_music_context\data\processed\graphs\hiphop\hiphop.00086.pkl,C:\Users\user\Downloads\gnn_bert_music_context\data\processed\features\hiphop\hiphop.00086.npy,B1va1NqaA4o,This rap song features a male voice rapping in a foreign language. This is accompanied by programmed percussion playing a simple beat. The bass plays the root note of the chord in sets of 3 strokes. The same note is played through the song in sets of three. A repetitive plucked synth sound is played in loop. Quirky sounds are heard in the background. This song has a defiant mood. This song can be played in a gangster movie.,"['rap song', 'foreign language', 'male voice', 'quirky sounds', 'programmed percussion', 'moderate tempo', 'simple bass', 'repetitive plucked synth lick']",train
reggae,C:\Users\user\Downloads\gnn_bert_music_context\data\processed\graphs\reggae\reggae.00071.pkl,C:\Users\user\Downloads\gnn_bert_music_context\data\processed\features\reggae\reggae.00071.npy,jPOWgfA0zAo,"The low quality recording features a passionate male vocal, alongside passionate female vocal in the left channel of the stereo image, singing over shimmering hi hats, which are also in the left channel, widely spread funky electric guitar chords, synth keys melody in the right channel, groovy bass, wooden percussions and mellow rimshots. It sounds happy, joyful, easygoing and chill.","['reggae', 'passionate male vocal', 'passionate female vocals', 'funky electric guitar melodies', 'synth keys melody', 'wooden percussions', 'groovy bass', 'mellow rimshots', 'shimmering hi hats', 'happy', 'joyful', 'easygoing', 'chill']",train
metal,C:\Users\user\Downloads\gnn_bert_music_context\data\processed\graphs\metal\metal.00026.pkl,C:\Users\user\Downloads\gnn_bert_music_context\data\processed\features\metal\metal.00026.npy,RIe1omxr7nc,This music is instrumental. There is no instrumentation. The clip starts with white noise and static and ends with the sound of a bell ringing. There are some ambient sounds in the background like bird chirping and flicking.,"['instrumental', 'no tempo', 'white noise', 'metallic sound', 'static', 'bird chirping', 'resounding', 'vibration', 'long note', 'bell sound', 'ambient sounds', 'brass']",train
blues,C:\Users\user\Downloads\gnn_bert_music_context\data\processed\graphs\blues\blues.00096.pkl,C:\Users\user\Downloads\gnn_bert_music_context\data\processed\features\blues\blues.00096.npy,EBpa2CADNJA,This is a live recording of a blues piece being played by a guitarist. The audio recording is vintage and the quality could be improved. The guitarist plays an intricate finger picked piece with slides embedded between the plucked notes.,"['live recording', 'tutorial', 'blues guitar', 'guitar slide', 'blues', 'mellow blues']",train
blues,C:\Users\user\Downloads\gnn_bert_music_context\data\processed\graphs\blues\blues.00068.pkl,C:\Users\user\Downloads\gnn_bert_music_context\data\processed\features\blues\blues.00068.npy,9QwaP-cvdeU,"This song is a Jazz instrumental . The tempo is slow with a lively saxophone harmony, groovy bass line, syncopated piano and slick drumming along with the sound of breeze, some clicking and super mario theme. The song in the background is classic Jazz.","['jazz music', 'instrumental', 'enthusiastic saxophone', 'super mario theme', 'jazz', 'blues', 'wind instrument', 'ambient', 'syncopated piano', 'improvisations', 'super mario tune', 'sound of wave board', 'breeze', 'background chatter', 'groovy bass guitar', 'slick drumming']",train
metal,C:\Users\user\Downloads\gnn_bert_music_context\data\processed\graphs\metal\metal.00074.pkl,C:\Users\user\Downloads\gnn_bert_music_context\data\processed\features\metal\metal.00074.npy,GrbrWNohr6Y,"A female vocalist sings this mellow song. The tempo is slow with a subtle electric guitar accompaniment. The audio quality is inferior making it difficult to hear the song well. There is another track superimposed over the song which has sound so footsteps, metal being dragged, crickets, cricket chirping, breeze and some rustling. This is an audio of a song being played outdoors.","['female vocalist', 'slow tempo', 'static', 'growling sound', 'crickets', 'ambient outdoor sounds', 'rustling', 'mellow', 'soft', 'two tracks', 'outdoors', 'subtle electric guitar', 'metal being dragged', 'white noise', 'cricket chirping']",train
classical,C:\Users\user\Downloads\gnn_bert_music_context\data\processed\graphs\classical\classical.00044.pkl,C:\Users\user\Downloads\gnn_bert_music_context\data\processed\features\classical\classical.00044.npy,y5HkvusmkqM,"The low quality recording features a classical song that consists of a mellow french horn melody playing over wide strings. It is a bit noisy and it sounds passionate, easygoing and like something you would hear as a background music for old movies.","['low quality', 'classical', 'noisy', 'wide strings melody', 'mellow french horn melody', 'easygoing', 'passionate', 'movies']",train
blues,C:\Users\user\Downloads\gnn_bert_music_context\data\processed\graphs\blues\blues.00093.pkl,C:\Users\user\Downloads\gnn_bert_music_context\data\processed\features\blues\blues.00093.npy,m8-aK8egg84,"Solo harmonica playing blues licks, followed by a male voiceover.","['solo harmonica', 'blues licks', 'male voiceover']",train
disco,C:\Users\user\Downloads\gnn_bert_music_context\data\processed\graphs\disco\disco.00073.pkl,C:\Users\user\Downloads\gnn_bert_music_context\data\processed\features\disco\disco.00073.npy,ZEuY5HnECuo,This disco song features a male voice singing the main melody. Another voice sings in harmony with the main voice. This is accompanied by programmed percussion playing a simple melody. There is a distinctive hi-hat ring at alternate strokes giving this a unique sound. The bass plays a groovy bassline using the root notes of the chords. A synth plays chords in the background. This song is at a moderate tempo. This song can be played in a club.,"['disco song', 'groovy bassline', 'male voice', 'backing voice', 'vocal harmony', 'programmed percussion', 'synth chords', 'moderate tempo', 'dance song']",train
rock,C:\Users\user\Downloads\gnn_bert_music_context\data\processed\graphs\rock\rock.00098.pkl,C:\Users\user\Downloads\gnn_bert_music_context\data\processed\features\rock\rock.00098.npy,7PtHb9jQCtg,This is an amateur recording of a rock music concert. There is an electric guitar playing the main tune while another electric guitar is starting to play a solo. A bass guitar can be heard in the background playing the root notes of the tune. There is a loud acoustic drum beat in the rhythmic background. The recording is a bit outdated so the quality is pretty low.,"['amateur recording', 'live performance', 'rock music', 'electric guitar', 'bass guitar', 'acoustic drums', 'fans shouting', 'screams']",train
hiphop,C:\Users\user\Downloads\gnn_bert_music_context\data\processed\graphs\hiphop\hiphop.00094.pkl,C:\Users\user\Downloads\gnn_bert_music_context\data\processed\features\hiphop\hiphop.00094.npy,5s0yPPrQWxs,This is a British hip-hop music piece. There is a male vocal rapping in the lead. The beat in the background has its main melody being played by the acoustic guitar. A faint bass sound can be heard in the background. The rhythm is provided by an electronic drum beat. The atmosphere is hip and the sound is urban. This piece could be used in the soundtrack of a teenage drama movie that takes place in Great Britain.,"['british hip-hop music', 'male vocal', 'rapping', 'acoustic guitar', 'bass', 'electronic drums', 'hip', 'urban']",train
jazz,C:\Users\user\Downloads\gnn_bert_music_context\data\processed\graphs\jazz\jazz.00095.pkl,C:\Users\user\Downloads\gnn_bert_music_context\data\processed\features\jazz\jazz.00095.npy,UoxHwOl2gN0,This song contains an acoustic drum-set holding the groove and changing his beat after a fill-in to a four on the floor with a kick on every beat. Mixed voices are singing a soulful sounding melody then an e-piano takes over playing a melody before a trumpet and a saxophone come in playing a loud melody. In the background you can hear percussion such as a cowbell being panned to the right side of the speakers. The crowd is cheering and clapping along. This song may be playing at a live concert.,"['soul/jazz', 'e-piano', 'acoustic drums', 'mixed voices singing', 'cowbell', 'trumpet', 'saxophone', 'e-bass', 'clapping', 'uptempo', 'cheerful vibe']",train
pop,C:\Users\user\Downloads\gnn_bert_music_context\data\processed\graphs\pop\pop.00031.pkl,C:\Users\user\Downloads\gnn_bert_music_context\data\processed\features\pop\pop.00031.npy,60OIHit4Q-M,This is an Indian pop music piece. The female vocalist is singing in a heart-touching manner. The electric guitar is playing a gentle melody. The bass guitar is supporting the melodic background. The electronic drums and the electronic percussion provide a mid tempo rhythmic background. The overall atmosphere of the piece is sentimental. It could be used in the soundtrack of a Bollywood drama.,"['indian pop music', 'female vocal', 'sentimental', 'electric guitar', 'bass guitar', 'electronic drums', 'electronic percussion', 'repeated theme', 'simple']",train
rock,C:\Users\user\Downloads\gnn_bert_music_context\data\processed\graphs\rock\rock.00060.pkl,C:\Users\user\Downloads\gnn_bert_music_context\data\processed\features\rock\rock.00060.npy,P3ZPbGjHFXE,"The low quality recording features a live performance of a rock song that consists of passionate male vocal singing over electric guitar solo melody, energetic cymbals, muffled snare and kick hits and groovy bass guitar. There are also some crowd noises, singing along. It sounds energetic, emotional and addictive, thanks to that cadence.","['low quality', 'crowd noises', 'noisy', 'rock', 'live performance', 'electric guitar solo melody', 'energetic cymbals', 'muffled snare hits', 'muffled kick hits', 'passionate male vocal', 'groovy bass guitar', 'energetic', 'emotional', 'addictive']",train
classical,C:\Users\user\Downloads\gnn_bert_music_context\data\processed\graphs\classical\classical.00066.pkl,C:\Users\user\Downloads\gnn_bert_music_context\data\processed\features\classical\classical.00066.npy,rFE_bKOr1W0,The low quality recording features a cover of a classical song played on buzzy harpsichord melody. The recording is a bit noisy.,"['buzzy harpsichord melody', 'low quality', 'noisy', 'classical', 'cover']",train
hiphop,C:\Users\user\Downloads\gnn_bert_music_context\data\processed\graphs\hiphop\hiphop.00034.pkl,C:\Users\user\Downloads\gnn_bert_music_context\data\processed\features\hiphop\hiphop.00034.npy,RXGDlFry3Vo,"The low quality recording features a hip hop track that consists of flat male vocal rapping over smooth bass, high pitched female vocal, mellow piano melody, shimmering tambourine layered with punchy snare, followed by soft kick and crash cymbal hits. It sounds groovy and emotional, even though the recording is muffled and kind of dull, due to the bad mixing.","['hip hop', 'low quality', 'smooth bass', 'high pitched female vocal', 'mellow piano melody', 'flat male vocal', 'shimmering tambourine', 'soft crash cymbal', 'punchy snare', 'soft kick hits', 'groovy', 'emotional', 'muffled', 'dull']",train
jazz,C:\Users\user\Downloads\gnn_bert_music_context\data\processed\graphs\jazz\jazz.00026.pkl,C:\Users\user\Downloads\gnn_bert_music_context\data\processed\features\jazz\jazz.00026.npy,sSavMIH-e-w,"The Jazz song features a saxophone solo melody playing over shimmering hi hats, groovy bass and shimmering bells melody. It sounds passionate, soft, mellow and soulful.","['jazz', 'groovy bass', 'shimmering bells melody', 'saxophone solo melody', 'shimmering hi hats', 'mellow', 'soft', 'passionate', 'soulful']",train
jazz,C:\Users\user\Downloads\gnn_bert_music_context\data\processed\graphs\jazz\jazz.00016.pkl,C:\Users\user\Downloads\gnn_bert_music_context\data\processed\features\jazz\jazz.00016.npy,JRfU_hF1wdM,"The low quality recording features a jazzy song that consists of shimmering hi hats, repetitive cowbell, snappy rimshots and smooth bass in the right channel, short brass stabs and groovy piano chords in the left channel of the stereo image and electric guitar solo melody in the middle. The stereo image of the song is a bit unbalanced, due to the spreadness of low frequency sounds throughout the stereo image. It sounds easygoing and percussive.","['low quality', 'jazzy', 'unbalanced stereo', 'shimmering hi hats', 'repetitive cowbell', 'short brass stabs', 'electric guitar solo melody', 'groovy piano chords', 'smooth bass', 'easygoing', 'percussive', 'snappy rimshots']",train
reggae,C:\Users\user\Downloads\gnn_bert_music_context\data\processed\graphs\reggae\reggae.00072.pkl,C:\Users\user\Downloads\gnn_bert_music_context\data\processed\features\reggae\reggae.00072.npy,6o6DsSnbpxE,This song contains a male voice singing sounding sad. Drum and percussion are playing a reggae rhythm along with two e-guitars playing. One a melody panned to the right side of the speakers and another short rhythmic strokes as a rhythmic element. The bass is playing its own melody. This song may be playing at a live concert.,"['reggae', 'sad atmosphere', 'e-bass', 'drums', 'e-guitars', 'male voice singing', 'backing vocals']",train
classical,C:\Users\user\Downloads\gnn_bert_music_context\data\processed\graphs\classical\classical.00092.pkl,C:\Users\user\Downloads\gnn_bert_music_context\data\processed\features\classical\classical.00092.npy,jjYXRmE19lQ,"This music is instrumental. The tempo is fast with an enthralling harpsichord melody. The music is an energetic, high-powered, vibrant, vivacious and melodious western classical.","['instrumental', 'fast tempo', 'harpsichord', 'renaissance music', 'western classical', 'concert', 'enthralling', 'ethereal', 'harpsichord solo', 'dual keyboard', 'sharp sounds', 'melodious']",train
disco,C:\Users\user\Downloads\gnn_bert_music_context\data\processed\graphs\disco\disco.00091.pkl,C:\Users\user\Downloads\gnn_bert_music_context\data\processed\features\disco\disco.00091.npy,liuCTk2nPG8,This is a famous disco piece. There are female vocals singing the lyrics joyfully. The main tune is played in major scale by a keyboard while it is supported by a syncopated synth bass in the background. The rhythm is kept by a repetitive electronic drum beat accompanied by percussion. The atmosphere is groovy and danceable. It is perfect for an 80s themed party setlist. It could also be playing in the background of an 80s themed bar.,"['pop', 'disco', 'female vocals', 'electronic drums', 'percussion', 'keyboard', 'synth bass', 'dance', 'groovy', 'repeated theme']",train
reggae,C:\Users\user\Downloads\gnn_bert_music_context\data\processed\graphs\reggae\reggae.00018.pkl,C:\Users\user\Downloads\gnn_bert_music_context\data\processed\features\reggae\reggae.00018.npy,wXWpkfGfZD8,This is an electronic DJ set in the style of Jamaican reggae music. There is a DJ performing over a track that has a groovy beat being played by the electric guitar and the electronic drums. There is a tropical atmosphere. Samples could be lifted from this recording to be used in the beat-making.,"['electronic', 'reggae', 'dub', 'dj', 'turntable', 'electric guitar', 'electronic drums', 'tropical', 'danceable', 'upbeat']",train
reggae,C:\Users\user\Downloads\gnn_bert_music_context\data\processed\graphs\reggae\reggae.00012.pkl,C:\Users\user\Downloads\gnn_bert_music_context\data\processed\features\reggae\reggae.00012.npy,Cn3xoxvbkF0,"This is the live performance of a reggae piece. There is a female vocalist in the lead singing melodically. The keyboard can be heard playing the main melody. The bass guitar is playing a simple but groovy bass line. In the rhythmic background, there is a slow tempo acoustic drum beat. The atmosphere is emotional. This is an amateur recording and a bit dated, so the audio quality is quite poor.","['reggae', 'live performance', 'amateur recording', 'female vocal', 'melodic singing', 'keyboard', 'bass guitar', 'acoustic drums', 'emotional', 'slow tempo']",train
pop,C:\Users\user\Downloads\gnn_bert_music_context\data\processed\graphs\pop\pop.00004.pkl,C:\Users\user\Downloads\gnn_bert_music_context\data\processed\features\pop\pop.00004.npy,_x4a974Pl-A,"The low quality recording features a pop song that consists of a passionate male vocal singing over punchy kick and snare hits, shimmering shakers, synth pad, groovy bass and brass melody. It sounds passionate, emotional, energetic and upbeat.","['low quality', 'pop', 'punchy kick', 'punchy snare', 'groovy bass', 'synth pad', 'shimmering shakers', 'passionate male vocal', 'brass melody', 'passionate', 'emotional', 'energetic', 'upbeat']",train
country,C:\Users\user\Downloads\gnn_bert_music_context\data\processed\graphs\country\country.00025.pkl,C:\Users\user\Downloads\gnn_bert_music_context\data\processed\features\country\country.00025.npy,4AejyFDHP_k,An acoustic guitar almost fully panned to the left side of the speakers is strumming a single chord as a rhythmic element while an upright-bass is playing a walking bassline. The other acoustic guitar is adding a little melody at the end of the phrase of the singers. The female duo is singing a melody together. One a little deeper and the other a little higher creating a harmony. This song may be playing in the countryside of a Latin country.,"['latin/country/folk', 'acoustic guitars', 'upright-bass', 'female duo singing', 'medium to uptempo']",train
blues,C:\Users\user\Downloads\gnn_bert_music_context\data\processed\graphs\blues\blues.00069.pkl,C:\Users\user\Downloads\gnn_bert_music_context\data\processed\features\blues\blues.00069.npy,Ypuv3htJlpg,This is an amateur recording of a harmonica solo being performed over a blues/rock-n-roll music piece. The piece is instrumental. The harmonica plays a melodic solo in the style of blues. The backing track consists of the electric guitar and the bass guitar playing a simple tune while the medium tempo acoustic drums are playing a basic blues rock beat. The atmosphere is easygoing. This piece could be playing from the radio during a road trip in a movie.,"['amateur recording', 'blues', 'rock-n-roll', 'instrumental', 'harmonica solo', 'backing track', 'electric guitar', 'bass guitar', 'acoustic drums', 'easygoing']",train
country,C:\Users\user\Downloads\gnn_bert_music_context\data\processed\graphs\country\country.00011.pkl,C:\Users\user\Downloads\gnn_bert_music_context\data\processed\features\country\country.00011.npy,RQ0-sjpAPKU,This country song features a female voice singing the main melody. This is accompanied by percussion playing a simple beat in common time. A pedal steel guitar plays sliding licks in the background. The bass plays the root and fifth of the chords. The mood of this song is romantic. This song can be played in a romantic movie.,"['country song', 'female voice', 'pedal steel guitar', 'bass guitar', 'simple percussion', 'moderate tempo', 'romantic mood']",train
hiphop,C:\Users\user\Downloads\gnn_bert_music_context\data\processed\graphs\hiphop\hiphop.00071.pkl,C:\Users\user\Downloads\gnn_bert_music_context\data\processed\features\hiphop\hiphop.00071.npy,sbOBTkrivXM,This hip-hop song features a male voice singing the main melody. There are other quirky voices singing in the background. This is accompanied by programmed percussion playing deep kick and snare hits. Hand claps are played on alternate counts of the bar. This song can be played in a club.,"['hip-hop song', 'male voice', 'quirky sounds', 'hand claps', 'programmed percussion', 'synth sounds', 'moderate tempo']",train
disco,C:\Users\user\Downloads\gnn_bert_music_context\data\processed\graphs\disco\disco.00089.pkl,C:\Users\user\Downloads\gnn_bert_music_context\data\processed\features\disco\disco.00089.npy,dAAwzwexvUQ,"A female singer sings this vocal monologue. The song is medium tempo with a groovy moog bass line, electro mix keyboard harmony tones, steady drumming rhythm and very quirky electronic tones. The song is groovy and retro dance music.","['female singer', 'retro pop music', 'moog bass', 'medium tempo', 'energetic', 'experimental', 'quirky', 'romantic', 'youthful', 'passionate', 'people dancing', 'dance club', 'dance rhythm', 'discotheque', 'music production', 'electronic music', 'steady drumming rhythm', 'dj', 'radio buzzing tones', 'various frequency tones', 'groovy mood bass line', 'dance rhythm', 'emotional', 'vocal monologue', 'electronic harmony tones']",train
jazz,C:\Users\user\Downloads\gnn_bert_music_context\data\processed\graphs\jazz\jazz.00015.pkl,C:\Users\user\Downloads\gnn_bert_music_context\data\processed\features\jazz\jazz.00015.npy,p2jnUySmuvA,This is a Hawaiian folk music rendition of a jazz music piece. There is a male vocalist singing melodically in the lead. The simple tune is being played by a mellow sounding ukulele. There is a peaceful and relaxing atmosphere. This piece could be playing in the background of a coffee shop. It could also be included in the soundtrack of a feelgood movie/TV series. Another good use would be in the background of wholesome social media content.,"['hawaiian folk', 'world music', 'male vocal', 'melodic singing', 'ukulele', 'gentle', 'peaceful', 'calming', 'relaxing', 'easygoing']",train
country,C:\Users\user\Downloads\gnn_bert_music_context\data\processed\graphs\country\country.00047.pkl,C:\Users\user\Downloads\gnn_bert_music_context\data\processed\features\country\country.00047.npy,DA3fNvbZoBM,"This is a quintessentially folk-rock song, with at least a three-part country-folk harmony. There is an acoustic guitar arpeggio throughout the clip, and a powerful stab on the bass strings every second bar. The song feels sombre, in a way.","['folk rock', 'acoustic guitar', 'folk harmonies', 'country-folk', 'powerful guitar stabs', 'repeated vocal motif']",train
hiphop,C:\Users\user\Downloads\gnn_bert_music_context\data\processed\graphs\hiphop\hiphop.00003.pkl,C:\Users\user\Downloads\gnn_bert_music_context\data\processed\features\hiphop\hiphop.00003.npy,3bg0iy-ypcw,"The Hip Hip songs live performance consists of repetitive male vocal singing over repetitive piano melody, smooth bass, shimmering hi hats and soft kick and snare hits. It sounds jazzy and warm.","['hip hop', 'live performance', 'warm', 'repetitive piano melody', 'smooth bass', 'repetitive male vocal', 'shimmering hi hats', 'soft snare', 'soft kick', 'jazzy']",train
blues,C:\Users\user\Downloads\gnn_bert_music_context\data\processed\graphs\blues\blues.00044.pkl,C:\Users\user\Downloads\gnn_bert_music_context\data\processed\features\blues\blues.00044.npy,2GWkKVHxGRM,"This music is a live instrumental.The music is medium tempo with a dominant piano accompaniment, keyboard harmony, bright drumming, funky bass line, congas rhythm and tambourine beats. The music is a live performance as there are ambient background sounds of people talking and laughing.","['instrumental', 'medium tempo', 'emphatic piano harmony', 'electric guitar', 'steady drumming', 'congas beat', 'funky bass line', 'reggae', 'blues', 'live performance', 'lively', 'engaging', 'people talking', 'background laughter', 'gig', 'live performance', 'concert', 'tambourine', 'cymbals', 'keyboard harmony']",train
hiphop,C:\Users\user\Downloads\gnn_bert_music_context\data\processed\graphs\hiphop\hiphop.00024.pkl,C:\Users\user\Downloads\gnn_bert_music_context\data\processed\features\hiphop\hiphop.00024.npy,vQHKa69Mkzo,"This clip is an instrumental. The tempo is fast with no harmony. There is a sinister synthesised  music playing in the background to the sounds of a male voice screaming in pain, an airplane flying, crashing, exploding, blasts, tumbling and scraping and the sound of a bird or cricket . The sinister music incessantly plays in the background. The vibe of this audio is sinister, spooky, eerie, haunting, dangerous and destructive.","['instrumental', 'fast tempo', 'vocalisation', 'fearful', 'destructive', 'exploding', 'tumbling', 'scraping', 'incessant eerie background music', 'spooky', 'dangerous', 'evil', 'dark', 'intense', 'crickets', 'birds', 'crashing', 'male voice screaming', 'synthesiser arrangement', 'sinister music', 'danger', 'airplane sound', 'crashing', 'falling', 'birds chirping', 'blasts', 'spook music', 'eerie']",train
country,C:\Users\user\Downloads\gnn_bert_music_context\data\processed\graphs\country\country.00036.pkl,C:\Users\user\Downloads\gnn_bert_music_context\data\processed\features\country\country.00036.npy,Hc_UM8l_sTg,This song features a pedal steel guitar playing the main melody. This starts off with a slide to a high register followed by plucking low register strings. This is accompanied by percussion playing a simple beat in common time. An acoustic guitar strums chords in the background. The bass guitar plays the root notes of the chords. This song is at a slow tempo. There are no voices in this song. This is an instrumental song with a Country feel. This song can be played in a coffee shop.,"['guitar song', 'pedal steel guitar', 'simple percussion', 'acoustic guitar', 'slow tempo', 'country song', 'instrumental', 'no voices', 'relaxing music']",train
metal,C:\Users\user\Downloads\gnn_bert_music_context\data\processed\graphs\metal\metal.00087.pkl,C:\Users\user\Downloads\gnn_bert_music_context\data\processed\features\metal\metal.00087.npy,NxdQtpceXaI,"A male vocalist sings this energetic Rock song. The tempo is medium fast with an animated electric guitar harmony and lead, groovy bass lines,infectious drumming and keyboard harmony. The song is electric,pulsating, youthful, energetic, enthusiastic, passionate and powerful with emphatic vocals. This song is Heavy Metal.","['male vocalist', 'medium fast tempo', 'live performance', 'gig', 'concert', 'retro', 'retro rock', 'keyboard harmony', 'infectious drumming', 'animated electric guitar harmony', 'groovy bass lines', 'punchy drumming', 'electric guitar lead', 'retro', 'rock', 'heavy metal', 'hard rock', 'metal', 'sonic power', 'amplified instruments', 'excited vocals', 'youthful', 'spirited', 'enthusiastic', 'energetic']",train
country,C:\Users\user\Downloads\gnn_bert_music_context\data\processed\graphs\country\country.00030.pkl,C:\Users\user\Downloads\gnn_bert_music_context\data\processed\features\country\country.00030.npy,4AejyFDHP_k,An acoustic guitar almost fully panned to the left side of the speakers is strumming a single chord as a rhythmic element while an upright-bass is playing a walking bassline. The other acoustic guitar is adding a little melody at the end of the phrase of the singers. The female duo is singing a melody together. One a little deeper and the other a little higher creating a harmony. This song may be playing in the countryside of a Latin country.,"['latin/country/folk', 'acoustic guitars', 'upright-bass', 'female duo singing', 'medium to uptempo']",train
reggae,C:\Users\user\Downloads\gnn_bert_music_context\data\processed\graphs\reggae\reggae.00025.pkl,C:\Users\user\Downloads\gnn_bert_music_context\data\processed\features\reggae\reggae.00025.npy,L5Uu_0xEZg4,"The song is a traditional south asian dance song with clear reggae influences. It is upbeat, vibrant and features bouncy reggae percussion. There are brass instruments playing cheerful motifs, and the lead singer has reverb and ample autotune applied to his vocal. There's a background vocalist adding shouted ad-libs to the song.","['south asian dance music', 'reggae style rhythm', 'brass instruments', 'trumpets', 'autotuned vocal', 'background shouting', 'background ad-libs', 'vibrant']",train
jazz,C:\Users\user\Downloads\gnn_bert_music_context\data\processed\graphs\jazz\jazz.00038.pkl,C:\Users\user\Downloads\gnn_bert_music_context\data\processed\features\jazz\jazz.00038.npy,8GKbDSu9Xd0,The jazz music features a clarinet playing a melody that's ending a song. A big band that incorporates a jazz acoustic guitar accompanies the clarinet. The tempo is slow and the style is ballad. The medium quality audio recording leads me to believe this is an older recording.,"['clarinet', 'strings', 'acoustic guitar', 'big band', 'jazz genre', 'slow tempo', 'ballad', 'ending', 'medium quality audio recording']",train
jazz,C:\Users\user\Downloads\gnn_bert_music_context\data\processed\graphs\jazz\jazz.00082.pkl,C:\Users\user\Downloads\gnn_bert_music_context\data\processed\features\jazz\jazz.00082.npy,UoxHwOl2gN0,This song contains an acoustic drum-set holding the groove and changing his beat after a fill-in to a four on the floor with a kick on every beat. Mixed voices are singing a soulful sounding melody then an e-piano takes over playing a melody before a trumpet and a saxophone come in playing a loud melody. In the background you can hear percussion such as a cowbell being panned to the right side of the speakers. The crowd is cheering and clapping along. This song may be playing at a live concert.,"['soul/jazz', 'e-piano', 'acoustic drums', 'mixed voices singing', 'cowbell', 'trumpet', 'saxophone', 'e-bass', 'clapping', 'uptempo', 'cheerful vibe']",train
classical,C:\Users\user\Downloads\gnn_bert_music_context\data\processed\graphs\classical\classical.00018.pkl,C:\Users\user\Downloads\gnn_bert_music_context\data\processed\features\classical\classical.00018.npy,HQb2jhmw1BE,"The Classical song features a dynamic arrangement of energetic orchestra drums, woodwinds, arpeggiated strings melody and shimmering brass melody. It sounds cinematic and epic - like a background movie soundtrack.","['classical', 'dynamic', 'orchestra', 'energetic orchestra drums', 'woodwinds', 'arpeggiated strings melody', 'shimmering brass melody', 'cinematic', 'epic']",train
disco,C:\Users\user\Downloads\gnn_bert_music_context\data\processed\graphs\disco\disco.00048.pkl,C:\Users\user\Downloads\gnn_bert_music_context\data\processed\features\disco\disco.00048.npy,liuCTk2nPG8,This is a famous disco piece. There are female vocals singing the lyrics joyfully. The main tune is played in major scale by a keyboard while it is supported by a syncopated synth bass in the background. The rhythm is kept by a repetitive electronic drum beat accompanied by percussion. The atmosphere is groovy and danceable. It is perfect for an 80s themed party setlist. It could also be playing in the background of an 80s themed bar.,"['pop', 'disco', 'female vocals', 'electronic drums', 'percussion', 'keyboard', 'synth bass', 'dance', 'groovy', 'repeated theme']",train
classical,C:\Users\user\Downloads\gnn_bert_music_context\data\processed\graphs\classical\classical.00030.pkl,C:\Users\user\Downloads\gnn_bert_music_context\data\processed\features\classical\classical.00030.npy,cYRsnYEPIiM,"This is a marching band piece performed by an orchestra. There are trumpets playing the main theme while tuba and cello are playing the bass notes. There is also a constant string part holding the root notes of the melody. The snare drums are playing an accentuated, militaristic drum line. There is an epic atmosphere that gives a call-to-action feeling. This piece could be used in the soundtracks of action movies and war movies in particular. It could also be used in the soundtracks of video games from the action and first-person-shootout genres.","['marching band', 'orchestra', 'trumpets', 'tuba', 'snare drums', 'strings', 'violin', 'cello', 'action', 'epic', 'movie music']",train
jazz,C:\Users\user\Downloads\gnn_bert_music_context\data\processed\graphs\jazz\jazz.00061.pkl,C:\Users\user\Downloads\gnn_bert_music_context\data\processed\features\jazz\jazz.00061.npy,S2u5IE0n1ws,"An instrumental western swing group featuring a violin or fiddle solo. The upright bass lays down a steady walking bassline while two jazz guitars accompanied by strumming chords. Accordion is also present, but drums are not.","['fiddle', 'guitar strumming', 'western swing', 'accordion', 'violin solo', 'upright bass', 'jazz guitar', 'violin solo', 'jazz', 'walking bassline', 'no drums', 'instrumental']",train
pop,C:\Users\user\Downloads\gnn_bert_music_context\data\processed\graphs\pop\pop.00009.pkl,C:\Users\user\Downloads\gnn_bert_music_context\data\processed\features\pop\pop.00009.npy,CXCbBSUuugs,"Pop EDM with a four on the floor kick pattern, a high male vocal with vocal harmonies, synthesizer melodies and dramatic risers for the transitions. This is a club track that sounds professionally recorded and mixed for high fidelity.","['four on the floor kick', 'edm', 'pop', 'synth riser', 'high male vocal', 'professional production', 'high fidelity', 'synth melody', 'vocal harmonies', 'club track']",train
country,C:\Users\user\Downloads\gnn_bert_music_context\data\processed\graphs\country\country.00005.pkl,C:\Users\user\Downloads\gnn_bert_music_context\data\processed\features\country\country.00005.npy,aGMdcxeF6Ak,"A girl band sings this lively song. The tempo is medium with vibrant music. The audio quality is inferior so the music and vocals are incoherent. This is a live performance with ambient sounds of fans cheering, clapping and singing along. This song is a hit Country Rock.","['female vocalists', 'medium tempo', 'live performance', 'country rock', 'folk', 'world music', 'acoustic', 'country song', 'youthful', 'enthusiastic', 'energetic', 'entertaining', 'folk', 'concert', 'incoherent sound', 'amateur recording', 'live audience', 'girl band', 'dixie chicks  concert', 'ambient sounds', 'fans cheering', 'clapping', 'hysteria']",train
pop,C:\Users\user\Downloads\gnn_bert_music_context\data\processed\graphs\pop\pop.00097.pkl,C:\Users\user\Downloads\gnn_bert_music_context\data\processed\features\pop\pop.00097.npy,YB_PzRgHOeo,This is a pop music piece with an early 2000s feel. There is one male and one female vocalist singing melodically. The melody is being played by the electric guitar and the keyboard guitar with the bass guitar in the background. The rhythm is provided by the acoustic drums with occasional clap sounds. The atmosphere is easygoing and danceable. This piece could be used in the soundtrack of a sit-com movie or a TV show.,"['pop', 'rock', 'male vocal', 'female vocal', 'melodic singing', 'electric guitar', 'keyboard', 'bass guitar', 'acoustic drums', 'chill', 'easygoing', 'danceable']",train
pop,C:\Users\user\Downloads\gnn_bert_music_context\data\processed\graphs\pop\pop.00079.pkl,C:\Users\user\Downloads\gnn_bert_music_context\data\processed\features\pop\pop.00079.npy,I1fcUe9MoMw,"This is an acoustic cover of a pop music piece. There is a boy singing melodically. The chords are being played on the ukulele. The atmosphere of the original piece is emotional, but the characteristics of the ukulele create a chill atmosphere. The piece is in medium tempo. This rendition of the piece could be used in the soundtrack of a high school drama movie/TV series. It could also be playing in the background of a coffee shop.","['cover', 'acoustic', 'pop music', 'ukulele', 'child male vocal', 'melodic singing', 'emotional', 'melancholic', 'chill', 'medium tempo']",train
reggae,C:\Users\user\Downloads\gnn_bert_music_context\data\processed\graphs\reggae\reggae.00075.pkl,C:\Users\user\Downloads\gnn_bert_music_context\data\processed\features\reggae\reggae.00075.npy,OwUzGq0ceT8,"The song is an instrumental. The tempo is medium with theremin playing passionately, steady drumming rhythm ,groovy bass line and keyboard accompaniment . The tunes are Christmas carols with poor audio quality.","['theremin', 'christmas carols', 'medium tempo', 'carols', 'christmas time', 'santa claus', 'poor audio quality', 'reggae music influence', 'steady drumming rhythm', 'strong bass line', 'emotional', 'passionate', 'exciting', 'cheerful', 'melancholic', 'keyboard accompaniment', 'theremin player', 'instrumental music', 'steady drumming rhythm', 'strong bas slime', 'live audience', 'live performance', 'guitar rhythm']",train
metal,C:\Users\user\Downloads\gnn_bert_music_context\data\processed\graphs\metal\metal.00017.pkl,C:\Users\user\Downloads\gnn_bert_music_context\data\processed\features\metal\metal.00017.npy,wxKtBDKasgM,"The song is a black metal band which features a heavily distorted, sustained guitar chord. The male voice is croaky, raspy, deep and fuzzy. There is a soft choral vocal in the background.","['metal', 'rock', 'black metal', 'distorted guitar chords', 'haunting', 'mysterious', 'croaky male voice', 'raspy male voice', 'christian choral backing vocals']",train
country,C:\Users\user\Downloads\gnn_bert_music_context\data\processed\graphs\country\country.00020.pkl,C:\Users\user\Downloads\gnn_bert_music_context\data\processed\features\country\country.00020.npy,3vEsFxolnFs,This clip is an instrumental with a female voice speaking. The tempo is medium with a banjo riff. This is a Banjo lesson on chord progression for country dance music. It is clear and crisp.,"['instrumental', 'medium tempo', 'female voice speaking', 'banjo lesson', 'banjo tutorial', 'country music', 'country string instruments', 'plucked string instrument', 'dance music', 'learning banjo']",train
reggae,C:\Users\user\Downloads\gnn_bert_music_context\data\processed\graphs\reggae\reggae.00096.pkl,C:\Users\user\Downloads\gnn_bert_music_context\data\processed\features\reggae\reggae.00096.npy,GaNjXwElAUE,"An acoustic drum is playing a straight groove while an e-bass is playing a bassline that reminds of reggae. This feeling gets enhanced by a e-guitar strumming a short rhythmic chord on the offbeat giving the song its typical reggae vibe. On top of that, someone is playing a melody on a steeldrums. This song may be playing at beachbar.","['reggae', 'steeldrum', 'e-bass', 'e-guitar', 'acoustic drums', 'slow to medium tempo', 'good vibes']",train
hiphop,C:\Users\user\Downloads\gnn_bert_music_context\data\processed\graphs\hiphop\hiphop.00048.pkl,C:\Users\user\Downloads\gnn_bert_music_context\data\processed\features\hiphop\hiphop.00048.npy,jUJNETNCxh0,"This song is a percussion instrumental. The tempo is fast with intense and rapid drum rhythm along with sound rhythmic clashing of cymbals with sound of clapping in the background and a man grunting. The music is animated,vigorous ,energetic, and enthusiastic.","['instrumental', 'fast tempo', 'percussion instrumental', 'sound of drums', 'animated', 'energetic', 'enthusiastic', 'vigorous', 'percussion instruments', 'intense drumming', 'vigorous', 'clapping', 'cymbals clashing', 'man grunting']",train
metal,C:\Users\user\Downloads\gnn_bert_music_context\data\processed\graphs\metal\metal.00051.pkl,C:\Users\user\Downloads\gnn_bert_music_context\data\processed\features\metal\metal.00051.npy,J9ZlahUawkg,"A male vocalist sings this enthusiastic Rock. The tempo is fast and upbeat with a vigorous electric guitar lead and harmony, hard hitting drums and amplified keyboard. The music is an energetic, boisterous, youthful, enthusiastic, engaging, pulsating and electrifying Hard Rock.","['male singer', 'fast tempo', 'rock', 'hard rock', 'sonic power', 'cymbals', 'youthful', 'pulsating', 'electrifying', 'enthusiastic', 'amplified instruments', 'vigorous drumming', 'intense electric guitar lead', 'keyboard harmony', 'upbeat', 'energetic', 'loud', 'boisterous', 'enthusiastic', 'metal', 'heavy metal', 'pop rock', 'dance groove']",train
hiphop,C:\Users\user\Downloads\gnn_bert_music_context\data\processed\graphs\hiphop\hiphop.00027.pkl,C:\Users\user\Downloads\gnn_bert_music_context\data\processed\features\hiphop\hiphop.00027.npy,B4lGhVjoMTk,The soundtrack has a bell ringing producing several overtones and a man speaking the benefits of the therapy. The music produced is healing in nature and helps in the overall well-being. The sound quality is pretty average. The tempo is slow.,"['gongs', 'meditation', 'natural therapy', 'slow tempo', 'deep healing', 'concentration', 'no other instrumentation', 'instrumental solo', 'instrumental', 'sound therapy', 'bell ringing tones', 'self healing', 'healing chakras', 'man narrating', 'slow tempo', 'vibrations', 'overtones', 'meditation', 'devotional']",train
disco,C:\Users\user\Downloads\gnn_bert_music_context\data\processed\graphs\disco\disco.00071.pkl,C:\Users\user\Downloads\gnn_bert_music_context\data\processed\features\disco\disco.00071.npy,mpikDeSk-mM,"A female singer sings this cool dance melody. The song is medium-fast tempo with a cool dance groove, percussive bass line, steady dance rhythm, keyboard accompaniment and various percussion hits. The song is groovy and proper electronic dance music hit,","['electronic dance music', 'dj', 'female singer', 'beach party hits', 'retro pop hits', 'diva', 'groovy bas slime', 'strong drumming rhythm', 'various percussion hits', 'exciting', 'cheerful', 'romantic', 'groovy', 'love song', 'party all night', 'party hits', 'dance hits', 'retro dance music', 'miami larry', 'happening paces', 'dance floor', 'keyboard accompaniment', 'disco hits']",train
jazz,C:\Users\user\Downloads\gnn_bert_music_context\data\processed\graphs\jazz\jazz.00030.pkl,C:\Users\user\Downloads\gnn_bert_music_context\data\processed\features\jazz\jazz.00030.npy,UoxHwOl2gN0,This song contains an acoustic drum-set holding the groove and changing his beat after a fill-in to a four on the floor with a kick on every beat. Mixed voices are singing a soulful sounding melody then an e-piano takes over playing a melody before a trumpet and a saxophone come in playing a loud melody. In the background you can hear percussion such as a cowbell being panned to the right side of the speakers. The crowd is cheering and clapping along. This song may be playing at a live concert.,"['soul/jazz', 'e-piano', 'acoustic drums', 'mixed voices singing', 'cowbell', 'trumpet', 'saxophone', 'e-bass', 'clapping', 'uptempo', 'cheerful vibe']",train
country,C:\Users\user\Downloads\gnn_bert_music_context\data\processed\graphs\country\country.00014.pkl,C:\Users\user\Downloads\gnn_bert_music_context\data\processed\features\country\country.00014.npy,P5IxlG4-CY8,Someone is playing maracas very skillfully while an acoustic guitar is supported with strumming chords that  are constantly changing. This sounds like an amateur recording. This song may be playing at a local music store where people jam.,"['latin/country', 'maracas', 'acoustic guitar', 'fast tempo', 'amateur recording']",train
metal,C:\Users\user\Downloads\gnn_bert_music_context\data\processed\graphs\metal\metal.00086.pkl,C:\Users\user\Downloads\gnn_bert_music_context\data\processed\features\metal\metal.00086.npy,rPAB0ymJGco,This is a loud heavy metal piece that is played as a soundtrack for a video game with sound effects of fire and a dinosaur roaring in the beginning. There is a distorted electric guitar playing a simple tune while loud acoustic drums provide a heavy metal beat as the rhythmic background. The theme has a very violent feel to it.,"['heavy metal', 'sound effects', 'roar', 'dinosaur', 'distorted electric guitar', 'acoustic drums', 'loud', 'extreme', 'violent']",train
hiphop,C:\Users\user\Downloads\gnn_bert_music_context\data\processed\graphs\hiphop\hiphop.00045.pkl,C:\Users\user\Downloads\gnn_bert_music_context\data\processed\features\hiphop\hiphop.00045.npy,yZRTQX8pcMY,"This music is a percussive instrumental. The tempo is fast with a beatboxing rhythm. The beat is a vigorous, rapid, youthful, energetic, enthusiastic imitation of the drum machine. The audio quality is inferior so the music is muffled.","['instrumental', 'fast tempo', 'percussion', 'beat boating', 'rapid', 'vocal drumming', 'rap', 'hip-hop', 'vocal percussion', 'rhythmic beats', 'home recording', 'amateur recording', 'inferior audio quality', 'digital drum imitation', 'vigorous', 'energetic', 'youthful']",train
pop,C:\Users\user\Downloads\gnn_bert_music_context\data\processed\graphs\pop\pop.00055.pkl,C:\Users\user\Downloads\gnn_bert_music_context\data\processed\features\pop\pop.00055.npy,t9aSL2MwEDM,This song contains a female singer singing with a lower voice. An acoustic drum is playing a simple groove with a catchy bassline. An e-guitar is playing the notes along with the bass. A keyboard is emulating an e-guitar sound by playing a little lick. This song may be playing at a live concert.,"['pop', 'amateur recording', 'e-bass', 'e-guitar', 'acoustic drums', 'synth', 'female voice singing', 'mid range', 'mideum to uptempo']",train
jazz,C:\Users\user\Downloads\gnn_bert_music_context\data\processed\graphs\jazz\jazz.00007.pkl,C:\Users\user\Downloads\gnn_bert_music_context\data\processed\features\jazz\jazz.00007.npy,EnJ8zV3vaJA,This audio contains a saxophone player playing along to a high beeping tone that seems not to be part of the music. In the background you can hear people laughing. THis song may be playing live at a jazz performance.,"['comedic', 'saxophone', 'beeping tone', 'crowd laughing', 'slower tempo', 'amateur recording']",train
metal,C:\Users\user\Downloads\gnn_bert_music_context\data\processed\graphs\metal\metal.00067.pkl,C:\Users\user\Downloads\gnn_bert_music_context\data\processed\features\metal\metal.00067.npy,vOU-qA25xNM,"The low quality recording features a ceramic bowl tone getting progressively louder, while there are some metallic ball impacts in the background. The recording is a bit noisy.","['low quality', 'noisy', 'ceramic bowl tone', 'metallic ball impact', 'loud', 'calming']",train
hiphop,C:\Users\user\Downloads\gnn_bert_music_context\data\processed\graphs\hiphop\hiphop.00097.pkl,C:\Users\user\Downloads\gnn_bert_music_context\data\processed\features\hiphop\hiphop.00097.npy,PxxyplPsqBY,"This song is an electronic instrumental. The tempo is fast with heavily synthesised sounds, digital drum arrangements and electronic beats. The music is youthful, groovy, pulsating, electrifying, buoyant, thumping, psychedelic, trance like and trippy. This music is Techno Pop/EDM.","['instrumental', 'fast tempo', 'synthesised sounds', 'electronic arrangements', 'digital beats', 'punchy', 'buoyant', 'youthful', 'energetic', 'pulsating', 'vibrations', 'electrifying', 'trance', 'trap', 'trippy', 'hynoptic', 'psychedelic', 'techno pop', 'electronica', 'electro pop', 'edm', 'dance music', 'club music', 'synthesiser articulation', 'dj', 'fourth world music', 'futuristic', 'dj mixer', 'groovy']",train
jazz,C:\Users\user\Downloads\gnn_bert_music_context\data\processed\graphs\jazz\jazz.00017.pkl,C:\Users\user\Downloads\gnn_bert_music_context\data\processed\features\jazz\jazz.00017.npy,4PNPgaLKFlc,The track is a Kids Music song. A female voice with appealing vocals sings an easygoing melody. A piano with a bright sound plays a jazzy melody. A jazz drum kit plays a smooth beat. In the background there are trumpets playing a melody that matches the positive and fun atmosphere of the track.,"['kids music', 'positive', 'fun', 'bright piano', 'subtle trumpets', 'appealing female vocals', 'easygoing', 'mid-tempo', 'jazzy drums']",train
metal,C:\Users\user\Downloads\gnn_bert_music_context\data\processed\graphs\metal\metal.00005.pkl,C:\Users\user\Downloads\gnn_bert_music_context\data\processed\features\metal\metal.00005.npy,IT5hcf0KhYE,"The low quality recording features a live performance of a metal song and it consists of screaming male vocal singing over energetic, muffled instrumental. The recording is crushed, loud, distorted and mono - everything that the metal live performance should be.","['low quality', 'metal', 'live performance', 'screaming male vocal', 'energetic muffled instrumental', 'mono', 'loud', 'crushed', 'distorted']",train
rock,C:\Users\user\Downloads\gnn_bert_music_context\data\processed\graphs\rock\rock.00048.pkl,C:\Users\user\Downloads\gnn_bert_music_context\data\processed\features\rock\rock.00048.npy,1Is1xfDjZrw,A deeper male voice is talking for a moment before changing to another male voice talking about something. In the background you can hear a professional recording containing an e-bass playing single long notes along with an organ and an acoustic piano playing chords in the midrange. An acoustic drum is holding a simple beat in the background. This song may be playing in a gospel church band.,"['rockballad', 'male voices talking', 'background music', 'acoustic drums', 'e-bass', 'acoustic piano', 'organ', 'slower tempo']",train
jazz,C:\Users\user\Downloads\gnn_bert_music_context\data\processed\graphs\jazz\jazz.00031.pkl,C:\Users\user\Downloads\gnn_bert_music_context\data\processed\features\jazz\jazz.00031.npy,Nqb7nw58q08,"The song is an instrumental. The song is medium tempo with a groovy drumming rhythm,  percussive bass line and cool electric guitar riff played repeatedly. The song is exciting and energetic. The song has smooth jazz or funk jazz roots.","['electric guitar lead', 'live performance', 'live band', 'guitar band', 'exciting', 'instrumental music', 'adrenaline rush', 'energetic', 'electric guitar riff', 'live audience', 'entertaining', 'funk jazz', 'groovy drumming rhythm', 'percussive bass line', 'cymbals crashing', 'improvisational music', 'jazz funk', 'smooth jazz', 'groovy music', 'medium fast tempo']",train
reggae,C:\Users\user\Downloads\gnn_bert_music_context\data\processed\graphs\reggae\reggae.00002.pkl,C:\Users\user\Downloads\gnn_bert_music_context\data\processed\features\reggae\reggae.00002.npy,gWRfk8nCcPs,"This reggae song features a male voice. He sings the first line and laughs at the end of the first sentence. He continues to sing the melody. The voice is accompanied by programmed percussion playing a simple beat. The bass plays the root notes of the chords. A keyboard plays chords in the background with a reggae feel. Another keyboard plays a fill in between lines. At the end, backing singers sing in harmony. This song has a holiday mood. This song can be played in a holiday movie.","['reggae song', 'male voice', 'holiday mood', 'programmed percussion', 'keyboard', 'shaker', 'moderate tempo']",train
disco,C:\Users\user\Downloads\gnn_bert_music_context\data\processed\graphs\disco\disco.00013.pkl,C:\Users\user\Downloads\gnn_bert_music_context\data\processed\features\disco\disco.00013.npy,O66lIRbF4Gw,"This is an electronic music piece with 80s disco characteristics. There is a slightly fast tempo electronic drums in the rhythmic background. The keyboard is holding the notes of the melody while a synth bass follows it with a repeated rhythmic pattern. Although it is a bit old-fashioned, it is a danceable piece. This music could work well with retro-themed parties at nightclubs. It could also fit nicely with action-filled social media content or the soundtrack of a car racing game.","['electronic', 'disco', 'electronic drums', 'keyboards', 'bass', '80s', 'danceable', 'groovy', 'high energy', 'retro', 'old-fashioned']",train
disco,C:\Users\user\Downloads\gnn_bert_music_context\data\processed\graphs\disco\disco.00010.pkl,C:\Users\user\Downloads\gnn_bert_music_context\data\processed\features\disco\disco.00010.npy,5LX2Unga1p4,"A digital drum with a strong snare that sounds like a slap is playing along with an e-bass that is being slapped, playing a funky bassline. A e-guitar is strumming two funky chords along. A female voice is rapping with a lot of confidence in the attitude and then another female voice is singing accompanied by female backing voices. The file is of poorer audio-quality. This song may be playing in a disco.","['soul/r&b/rap/pop', 'e-guitar', 'digital drums', 'slapped e-bass', 'female voice singing', 'backing vocals', 'medium tempo', 'upbeat', 'amateur recording']",train
metal,C:\Users\user\Downloads\gnn_bert_music_context\data\processed\graphs\metal\metal.00046.pkl,C:\Users\user\Downloads\gnn_bert_music_context\data\processed\features\metal\metal.00046.npy,G_iJif-fC6E,"This music is an ominous instrumental. The tempo is slow with a spooky electronic keyboard harmony and menacing bass on the cello. The music is eerie, sinister, frightening, and baleful.","['instrumental', 'slow tempo', 'synthesiser arrangements', 'metal clanging', 'heavy bass', 'intense', 'scary', 'electronic harmony', 'cello bass', 'string instrument', 'cello', 'eerie', 'scary', 'paranormal', 'sinister', 'ominous', 'baleful', 'spooky', 'mesmerising']",train
disco,C:\Users\user\Downloads\gnn_bert_music_context\data\processed\graphs\disco\disco.00066.pkl,C:\Users\user\Downloads\gnn_bert_music_context\data\processed\features\disco\disco.00066.npy,yzjbAxCnt7U,"The Disco song features a passionate male vocal, alongside harmonizing background vocals, singing over sustained strings melody, piano melody, brass melody, punchy kick and snare hits, shimmering hi hats and some claps. It sounds funky, addictive and passionate - like something you would hear in clubs during the 70s.","['disco', 'harmonizing background vocals', 'passionate male vocal', 'sustained strings melody', 'piano melody', 'brass melody', 'punchy kick', 'punchy snare', 'shimmering hi hats', 'claps', 'funky', 'addictive', 'passionate']",train
metal,C:\Users\user\Downloads\gnn_bert_music_context\data\processed\graphs\metal\metal.00062.pkl,C:\Users\user\Downloads\gnn_bert_music_context\data\processed\features\metal\metal.00062.npy,z9hRQiJMnIw,This heavy metal song features a high pitched male voice. This is accompanied by percussion playing an aggressive metal beat. The kick drum plays double kicks matching the picking pattern of the guitars. The distortion guitars play twin parts. One guitar plays the low parts while the other plays the same riff at a higher octave. The bass guitar follows the distortion guitars and plays the notes from the same riffs but ending earlier than the guitars. This song has a romantic theme. This song can be played in a superhero movie.,"['heavy metal song', 'high pitched male voice', 'distortion guitars', 'twin guitars', 'aggressive guitars', 'aggressive percussion', 'bass guitar', 'romantic theme']",train
country,C:\Users\user\Downloads\gnn_bert_music_context\data\processed\graphs\country\country.00048.pkl,C:\Users\user\Downloads\gnn_bert_music_context\data\processed\features\country\country.00048.npy,SwdhfGXkMCo,This piece involves multiple french horns. The piece sounds regal  and like something you would hear if the king of a country was moving  in his chariot through his kingdom along with a grand parade. The staccato bassline helps add to the sense of marching forward.,"['french horn', 'sextet', 'parade', 'marching', 'regal', 'grand parade', 'staccato bass notes']",train
pop,C:\Users\user\Downloads\gnn_bert_music_context\data\processed\graphs\pop\pop.00081.pkl,C:\Users\user\Downloads\gnn_bert_music_context\data\processed\features\pop\pop.00081.npy,IMnh-TIyFuE,"The song is an instrumental. The tempo is medium with a strong bass line, steady drumming rhythm, triangle percussion, keyboard accompaniment and a male vocalist making guttural noises. The song is a modern techno pop dance tune.","['techno dance music', 'gasping vocals sounds', 'trance music', 'dance hits', 'triangle percussions', 'instrumental music', 'dj', 'live session', 'thumping bas slime', 'keyboard accompaniment', 'youthful', 'energetic', 'exciting', 'party all night', 'dance groove', 'madly in love sexy', 'romantic', 'passionate', 'steady drumming rhythm']",train
classical,C:\Users\user\Downloads\gnn_bert_music_context\data\processed\graphs\classical\classical.00079.pkl,C:\Users\user\Downloads\gnn_bert_music_context\data\processed\features\classical\classical.00079.npy,dbBlYyaFKTQ,"The low quality recording features a classical song that consists of a brass solo melody played over sustained brass melody and short flute lick. It sounds emotional, joyful and the recording is noisy.","['low quality', 'noisy', 'classical', 'flute lick', 'brass solo melody', 'sustained brass melody', 'emotional', 'joyful']",train
pop,C:\Users\user\Downloads\gnn_bert_music_context\data\processed\graphs\pop\pop.00040.pkl,C:\Users\user\Downloads\gnn_bert_music_context\data\processed\features\pop\pop.00040.npy,nSBDyxxscks,This recording contains gargling noises to which a lot of female voices sing along. In the background you can hear a full pop song that serves as background music. The recording is full of fast popping noises. This seems to be an amateur recording.,"['pop/backgroundmusic', 'gargling', 'female voices singing', 'recording noises', 'amateur recording']",train
classical,C:\Users\user\Downloads\gnn_bert_music_context\data\processed\graphs\classical\classical.00078.pkl,C:\Users\user\Downloads\gnn_bert_music_context\data\processed\features\classical\classical.00078.npy,OiNlYrlJE4g,"This music is instrumental. The tempo is slow with a euphonious harp melody with no accompaniment. The music is soft, mellow, ethereal, melancholic, nostalgic, pensive, soft and ambient. This music is a Western Classical.","['instrumental', 'slow tempo', 'stringed instrument', 'angel', 'western classical', 'harp solo', 'harp melody', 'ethereal', 'soft', 'mellow', 'euphonious', 'celestial', 'enthralling', 'minimalist', 'plucking', 'ambient']",train
jazz,C:\Users\user\Downloads\gnn_bert_music_context\data\processed\graphs\jazz\jazz.00072.pkl,C:\Users\user\Downloads\gnn_bert_music_context\data\processed\features\jazz\jazz.00072.npy,xL7Krm6FSWE,A male singer sings this vocals with a vocoder. The song is medium tempo with a groovy techno drumming rhythm and keyboard accompaniment. The song is passionate but an amateurish production. The audio quality is very poor.,"['vocoder', 'male singers love performance', 'poor audio quality', 'jam session', 'amateur jazz musician', 'medium tempo', 'amateur musician', 'jazz musician', 'keyboard accompaniment', 'groovy music', 'techno drumming rhythm', 'poor audio quality', 'people talking', 'unimpressive', 'excited', 'energetic', 'passionate', 'ambient room noises']",train
disco,C:\Users\user\Downloads\gnn_bert_music_context\data\processed\graphs\disco\disco.00017.pkl,C:\Users\user\Downloads\gnn_bert_music_context\data\processed\features\disco\disco.00017.npy,liuCTk2nPG8,This is a famous disco piece. There are female vocals singing the lyrics joyfully. The main tune is played in major scale by a keyboard while it is supported by a syncopated synth bass in the background. The rhythm is kept by a repetitive electronic drum beat accompanied by percussion. The atmosphere is groovy and danceable. It is perfect for an 80s themed party setlist. It could also be playing in the background of an 80s themed bar.,"['pop', 'disco', 'female vocals', 'electronic drums', 'percussion', 'keyboard', 'synth bass', 'dance', 'groovy', 'repeated theme']",train
hiphop,C:\Users\user\Downloads\gnn_bert_music_context\data\processed\graphs\hiphop\hiphop.00002.pkl,C:\Users\user\Downloads\gnn_bert_music_context\data\processed\features\hiphop\hiphop.00002.npy,A8b-0yWXBCE,"This music is an electronic instrumental. The tempo is medium fast with synthesiser arrangements, DJ mixer, turn table and digital drums. The music is futuristic , emphatic, intense, loud , enthusiastic; heavily synthesised and groovy. It has a psychedelic, trace-like vibe.","['instrumental', 'electronic music', 'drum machine', 'boomy', 'punchy', 'buoyant', 'sound manipulation', 'phonograph record', 'vinyl disc', 'heavy synthesisation', 'female backup', 'vocalisation', 'futuristic', 'progressive', 'insistent', 'compelling', 'dj mixer', 'synthesiser articulation', 'dance music', 'edm', 'club music', 'energetic', 'intense', 'heavy', 'punchy', 'groovy', 'atmospheric', 'youthful', 'spirited', 'psychedelic']",train
disco,C:\Users\user\Downloads\gnn_bert_music_context\data\processed\graphs\disco\disco.00032.pkl,C:\Users\user\Downloads\gnn_bert_music_context\data\processed\features\disco\disco.00032.npy,NWL-P08eM-U,"A male vocalist sings this peppy rap. The tempo is medium fast with an enthusiastic and catchy guitar rhythm, drum stick clicks, congas, steady drumming and keyboard accompaniment. The song is simple, punchy; buoyant, youthful, animated, vibrant and has a catchy dance groove. This song is contemporary Hip-Hop/Rap.","['male singer', 'medium tempo', 'spirited', 'vibrant', 'buoyant', 'foreign language', 'punchy guitar rhythm', 'drum stick clicks', 'disco rap', 'punchy', 'guitar accompaniment', 'steady drumming', 'congas', 'keyboard harmony', 'energetic', 'rap', 'hip-hop', 'pop rap', 'youthful', 'spirited', 'animated', 'dance groove', 'vibrant', 'punchy guitar rhythms drum stick clicks', 'rhythmic patter']",train
country,C:\Users\user\Downloads\gnn_bert_music_context\data\processed\graphs\country\country.00097.pkl,C:\Users\user\Downloads\gnn_bert_music_context\data\processed\features\country\country.00097.npy,A8CJ4YSsUgs,"This is a country pop music piece. There is a female vocalist singing melodically as the lead. The melody comprises various elements such as the electric guitar, the bass guitar, the harmonica and the banjo. There is a rock acoustic drum beat in the rhythmic background. The atmosphere is easygoing. This piece could be the opening theme of a teenage sit-com.","['country pop', 'female vocal', 'melodic singing', 'harmonica', 'electric guitar', 'bass guitar', 'acoustic drums', 'banjo', 'simple tune', 'easygoing']",train
rock,C:\Users\user\Downloads\gnn_bert_music_context\data\processed\graphs\rock\rock.00073.pkl,C:\Users\user\Downloads\gnn_bert_music_context\data\processed\features\rock\rock.00073.npy,HWe3TSUcvHc,"This is an amateur recording of a hard rock piece. An electric guitar solo is being played over a backing track that has a rhythm guitar, a bass guitar, a keyboard and acoustic drums playing in it. The sound resembles an 80s feel. It is a raw recording, so the mix is a bit muddy.","['hard rock', 'electric guitar', 'guitar solo', 'bass guitar', 'keyboard', 'acoustic drums', 'groovy', '80s feel', 'crunchy', 'medium tempo']",train
classical,C:\Users\user\Downloads\gnn_bert_music_context\data\processed\graphs\classical\classical.00073.pkl,C:\Users\user\Downloads\gnn_bert_music_context\data\processed\features\classical\classical.00073.npy,keHCWa6XfGY,"This is an Indian classical music piece. The female vocals are singing in a syncopated manner at the same time with the rhythmic background of the tabla, the cajon and the acoustic drums. The melodic background is provided by a sitar. The piece is used as an accompaniment for the kathak dance. It could be used for the same task in dancing courses.","['indian', 'indian classical', 'sitar', 'tabla', 'percussion', 'female vocals', 'drums', 'cajon', 'kathak dance']",train
metal,C:\Users\user\Downloads\gnn_bert_music_context\data\processed\graphs\metal\metal.00034.pkl,C:\Users\user\Downloads\gnn_bert_music_context\data\processed\features\metal\metal.00034.npy,go_7i6WvfeE,The song is an instrumental. The song is medium tempo with a pensive bass solo followed by string distortion guitar rhythm and a strong drum entry crash. The death metal song is tense and builds anticipation. The audio quality is average.,"['guitar solo', 'distortion guitar rhythm', 'average audio quality', 'medium tempo', 'pensive bass solo', 'vibrato', 'strong drumming rhythm', 'classic rock', 'death metal music', 'grunge guitar tones', 'instrumental music', 'tense environment', 'suspense', 'emotional', 'retro rock hits', 'song introduction']",train
pop,C:\Users\user\Downloads\gnn_bert_music_context\data\processed\graphs\pop\pop.00071.pkl,C:\Users\user\Downloads\gnn_bert_music_context\data\processed\features\pop\pop.00071.npy,qutPvh6TFd8,"This song features two harps playing a melody. In the beginning, both harps play the harp complimenting each other. After one bar, one of the harps plays the higher repetitive phrase and the other harp plays the lower register notes. This song has a happy mood. There are no other instruments in this song. There are no voices in this song. This song can be played in an inspirational video.","['harp song', 'no voices', 'no other instruments', 'instrumental', 'pop melody', 'happy song', 'moderate tempo', 'inspirational music']",train
hiphop,C:\Users\user\Downloads\gnn_bert_music_context\data\processed\graphs\hiphop\hiphop.00042.pkl,C:\Users\user\Downloads\gnn_bert_music_context\data\processed\features\hiphop\hiphop.00042.npy,KB79k456DhI,This is a pop-rap/dance-rap piece. There is a male vocal rapping joined by the occasional samples of other rappers. The electronic drums and the electronic percussion are providing the rhythmic background. There is a strong 808-style syncopated bass. The atmosphere has a groovy feeling to it. This song could be used in nightclubs and sports venues.,"['pop-rap', 'dance-rap', 'male vocals', 'rapping', 'strong bass', 'electronic drums', 'electronic percussion', 'bravado', 'groovy']",train
rock,C:\Users\user\Downloads\gnn_bert_music_context\data\processed\graphs\rock\rock.00006.pkl,C:\Users\user\Downloads\gnn_bert_music_context\data\processed\features\rock\rock.00006.npy,vEN9szBPBkw,This rock and roll song features a male voice singing the main melody. This is accompanied by percussion playing a simple beat in common time. An overdriven guitar plays chords with licks in between lines. The bass plays the root notes of the chords. The mood of this song is happy. This song can be played in a movie scene when the protagonist is walking into a hotel prior to a fight scene.,"['rock and roll', 'male voice', 'overdriven guitar', 'percussion', 'bass', 'moderate tempo', 'happy mood']",train
disco,C:\Users\user\Downloads\gnn_bert_music_context\data\processed\graphs\disco\disco.00002.pkl,C:\Users\user\Downloads\gnn_bert_music_context\data\processed\features\disco\disco.00002.npy,jx27p7k2lSw,"An e-piano is playing a melody and chords with a lot of tremolo while thin, airy synth pads are playing long evolving sounds. A male voice is singing in a higher register with effects on his voice. It sounds like a voice sample. This song may be playing in a club.","['r&b/disco', 'synthesizer pads', 'e-piano', 'male voice singing', 'atmospheric', 'slow tempo']",train
blues,C:\Users\user\Downloads\gnn_bert_music_context\data\processed\graphs\blues\blues.00072.pkl,C:\Users\user\Downloads\gnn_bert_music_context\data\processed\features\blues\blues.00072.npy,vtVfl5Ff5lw,The track is an upbeat blues song that features falsetto and raspy male vocals. A drum kit plays an energetic and happy beat. A bass guitar follows the rhythm and adds a bouncy vibe to the song. The overall sound of the instruments is bright and happy. A guitar follows the bass and the drum kit.,"['blues', 'upbeat', 'falsetto male vocals', 'raspy male vocals', 'fast tempo', 'blues drum kit', 'positive', 'happy', 'bright male vocals', 'bouncy bass']",train
rock,C:\Users\user\Downloads\gnn_bert_music_context\data\processed\graphs\rock\rock.00096.pkl,C:\Users\user\Downloads\gnn_bert_music_context\data\processed\features\rock\rock.00096.npy,hKSg3zFB2dE,"The Rock song features a passionate male vocal, layered with harmonizing background male vocals, singing over electric rhythm guitar chords spread widely in the stereo image, thin snare, energetic crash, groovy bass, shimmering hi hats and punchy kick hits. The drums are very reverberant, which is probably the reason why they sound softer. It sounds addictive, thanks to those harmonizing vocals, and energetic overall.","['rock', 'passionate male vocal', 'harmonizing background male vocal', 'electric rhythm guitar chords', 'groovy bass', 'thin snare', 'energetic crash', 'shimmering hi hats', 'punchy kick hits', 'reverberant', 'addictive', 'energetic']",train
hiphop,C:\Users\user\Downloads\gnn_bert_music_context\data\processed\graphs\hiphop\hiphop.00021.pkl,C:\Users\user\Downloads\gnn_bert_music_context\data\processed\features\hiphop\hiphop.00021.npy,We-bFXFjWaM,"The low quality recording features a percussive shoe tapping over hip hop beat playing in the background. The beat consists of shimmering shakers, hard 808 bass and punchy snare. At one point the shoe tapper gets a little bit sloppy. It sounds a bit muffled, boomy and reverberant.","['low quality', 'hip hop', 'shimmering shakers', 'hard 808 bass', 'punchy snare', 'percussive shoe tapping', 'reverberant', 'muffled', 'boomy']",train
reggae,C:\Users\user\Downloads\gnn_bert_music_context\data\processed\graphs\reggae\reggae.00041.pkl,C:\Users\user\Downloads\gnn_bert_music_context\data\processed\features\reggae\reggae.00041.npy,by57LpTlGbs,"This reggae song features a male voice singing vocals at a high pitch, almost screaming. This is accompanied by percussion playing a reggae beat. The bass plays a groovy lick and plays a chromatic run of five notes to reach the note to start the chorus. A guitar strums one chord on alternate counts. This song can be played in a Caribbean themed party.","['reggae song', 'male voice', 'vocables', 'groovy bassline', 'reggae percussion', 'guitar', 'slow tempo', 'happy mood']",train
rock,C:\Users\user\Downloads\gnn_bert_music_context\data\processed\graphs\rock\rock.00050.pkl,C:\Users\user\Downloads\gnn_bert_music_context\data\processed\features\rock\rock.00050.npy,FRZzUh9hcTo,"A male vocalist sings this quirky Rock melody. The tempo is medium fast with groovy electric guitar harmony, funky, intense bass lines, infectious drumming, keyboard accompaniment and vocal backup. The song is catchy, rhythmic, emotional, incessant, sentimental, melancholic, lonely, romantic , unconventional, quirky and upbeat. This song is classic rock.","['male vocalist', 'medium fast tempo', 'vocal backup', 'funky bass lines', 'groovy electric guitar lead', 'keyboard accompaniment', 'infectious drumming', 'passionate', 'emotional', 'sentimental', 'love song', 'alternative rock', 'funk rock', 'alternative dance', 'rhythmic', 'melancholic', 'sad', 'lonely', 'repetitive', 'incessant', 'breakup', 'heart break', 'classic rock', 'quirky music', 'engaging', 'youthful', 'enthusiastic']",train
hiphop,C:\Users\user\Downloads\gnn_bert_music_context\data\processed\graphs\hiphop\hiphop.00068.pkl,C:\Users\user\Downloads\gnn_bert_music_context\data\processed\features\hiphop\hiphop.00068.npy,9oiSwXk8Nsk,This reggaeton song features a male voice singing the main melody. This is accompanied by other male voices singing backing vocals. The percussion plays only in the second half of the song. The beat is a reggae beat. A shaker plays a rhythm in the beginning of the song when the main voice sings. Synth sounds are played in the beginning of the song. This synth plays a harpsichord voice. Synth strings are also played in between lines in the song. This song can be played in a club.,"['reggaeton', 'percussion', 'lead male voice', 'male backing voices', 'shaker', 'moderate tempo', 'synth sounds', 'hip-hop feel', 'dance song', 'romantic mood']",train
reggae,C:\Users\user\Downloads\gnn_bert_music_context\data\processed\graphs\reggae\reggae.00005.pkl,C:\Users\user\Downloads\gnn_bert_music_context\data\processed\features\reggae\reggae.00005.npy,tc7crRl2JqA,This is a rocksteady music piece. There is a male vocalist with a Jamaican accent singing in a relaxed manner. The melody is being played by an electric guitar and a keyboard with a groovy bass guitar joining them in the background. The acoustic drums are playing a slow tempo reggae beat in the rhythmic background. The atmosphere is chill and tropical. This piece could be used in the soundtrack of a romance movie with a tropical setting. It could also be playing in the background at a beach or a seaside restaurant.,"['rocksteady', 'proto-reggae', 'male vocal', 'relaxed singing', 'jamaican', 'electric guitar', 'bass guitar', 'keyboard', 'acoustic drums', 'chill', 'groovy', 'tropical', 'slow tempo']",train
rock,C:\Users\user\Downloads\gnn_bert_music_context\data\processed\graphs\rock\rock.00064.pkl,C:\Users\user\Downloads\gnn_bert_music_context\data\processed\features\rock\rock.00064.npy,_yWsqs9FOnU,"This is an instrumental piece consisting of an electric guitar solo which is played with the tapping technique. There is a usage of complex chords and syncopations, essential characteristics of the progressive rock genre. The guitar has a clear tone.","['instrumental', 'progressive rock', 'electric guitar', 'solo', 'tapping', 'complex']",train
classical,C:\Users\user\Downloads\gnn_bert_music_context\data\processed\graphs\classical\classical.00054.pkl,C:\Users\user\Downloads\gnn_bert_music_context\data\processed\features\classical\classical.00054.npy,4ezo771lGts,"Sounds of explosions and jet airplanes over a synthesized orchestral string pad playing a four chord progression and electronic drums playing a subdued, mellow backbeat rhythm.","['explosions', 'jet airplane', 'synthesized orchestral string pad', 'electronic drum beat', 'mellow backbeat', 'subdued', 'four chords']",train
jazz,C:\Users\user\Downloads\gnn_bert_music_context\data\processed\graphs\jazz\jazz.00050.pkl,C:\Users\user\Downloads\gnn_bert_music_context\data\processed\features\jazz\jazz.00050.npy,476vNb6thyM,"The low quality recording features a jazzy electric guitar melody. The recording is noisy and it is in mono - regardless, it sounds calming and relaxing.","['jazzy electric guitar melody', 'low quality', 'mono', 'noisy', 'calming', 'relaxing']",train
pop,C:\Users\user\Downloads\gnn_bert_music_context\data\processed\graphs\pop\pop.00052.pkl,C:\Users\user\Downloads\gnn_bert_music_context\data\processed\features\pop\pop.00052.npy,6zgvEiJJrM8,This pop song starts with children's voices singing a melody. This is accompanied by a tuba playing the low registers. A string section plays a repetitive staccato phrase. This is followed by a phrase played on a trumpet and a descend run played on bells. The children's voice repeats the first melody once again. In between the sound of church bells is played. This song has a holiday feel. This song can be played in the intro credits of a holiday movie.,"['pop song', 'trumpet', 'tuba', 'bells', 'string section', 'church bells', 'holiday feel', ""children's voices"", 'moderate tempo', 'scheming music']",train
hiphop,C:\Users\user\Downloads\gnn_bert_music_context\data\processed\graphs\hiphop\hiphop.00033.pkl,C:\Users\user\Downloads\gnn_bert_music_context\data\processed\features\hiphop\hiphop.00033.npy,An-4jPvUT14,"A male singer sings this hip hop song with backup singers in vocal harmony. The song is medium tempo with slick drumming rhythm, groovy bass line, and keyboard harmony. The song is story telling and emotional in nature. The song has poor audio quality with ambient noises like squeaking wheel tones.","['male singer', 'backup singers', 'vocal harmony', 'roller skate wheel noises', 'squeaky wheel noise', 'medium tempo', 'groovy rhythm', 'hip hop music', 'slick drumming rhythm', 'groovy bass line', 'keyboard harmony', 'emotional', 'pain', 'story telling', 'groovy rhythm', 'ambient street noises', 'roller sakte wheel squeaking tones']",train
rock,C:\Users\user\Downloads\gnn_bert_music_context\data\processed\graphs\rock\rock.00001.pkl,C:\Users\user\Downloads\gnn_bert_music_context\data\processed\features\rock\rock.00001.npy,mGU4ZRstxpY,This slow rock song features a male voice singing the main melody. This is accompanied by other voices singing vocables in the background. The percussion plays a simple beat in common time. The bass plays the root notes of the chords. A synth plays a repetitive chord in staccato. A piano plays some high pitched notes in between lines. This song can be played in a movie scene at a harbour at night.,"['slow rock', 'male voice', 'backing voices', 'bass', 'piano', 'percussion', 'simple melody', 'moderate tempo', 'synth sounds']",train
reggae,C:\Users\user\Downloads\gnn_bert_music_context\data\processed\graphs\reggae\reggae.00013.pkl,C:\Users\user\Downloads\gnn_bert_music_context\data\processed\features\reggae\reggae.00013.npy,G9gsCU85c8k,This song features a male voice singing the main melody. Other male voices sing fills in between lines as backing voices. A repetitive melody is played on the marimba. The percussion is programmed and the focus is on the continuous hi-hat strokes. The bass plays the root notes of the chords. The mood of this song is happy. This song can be played at a dance party.,"['caribbean music', 'dance music', 'reggae feel', 'programmed percussion', 'bass', 'male voice', 'male backing voices', 'marimba', 'moderate tempo', 'happy mood']",train
country,C:\Users\user\Downloads\gnn_bert_music_context\data\processed\graphs\country\country.00003.pkl,C:\Users\user\Downloads\gnn_bert_music_context\data\processed\features\country\country.00003.npy,e57SBRbMXbI,"This piece of audio contains a modern pop song with drums, effects panned to left and right, a female voice singing with delay before changing into a totally different song that sounds more like a fast paced country song with a synthesizer- melody; acoustic drums and a banjo playing a fast melody along. This recording is also full of voice samples, a tiger or lion roaring, a telephone ringing. According to all these sounds and fast paced changes, it can be assumed that this recording is best played at a comedic television show for kids.","['pop/country', 'changing songs', 'electronic drums', 'banjo', 'female voice', 'comedic sound effects', 'background-noises', 'uptempo']",train
blues,C:\Users\user\Downloads\gnn_bert_music_context\data\processed\graphs\blues\blues.00026.pkl,C:\Users\user\Downloads\gnn_bert_music_context\data\processed\features\blues\blues.00026.npy,aLnBwjLUZao,"This blues song features a male voice singing the main melody at a comfortable pitch. This is accompanied by percussion playing a simple rock beat in common time. An overdriven guitar plays a blues riff. After one bar, the guitar and bass pause while the percussion and voice continues. The bass plays the root notes of the chords. The mood of this song is happy. This song can be played in a bar scene in a movie.","['rock song', 'blues song', 'male voice', 'low quality audio', 'overdriven guitar', 'percussion', 'bass', 'happy mood', 'moderate tempo']",train
rock,C:\Users\user\Downloads\gnn_bert_music_context\data\processed\graphs\rock\rock.00053.pkl,C:\Users\user\Downloads\gnn_bert_music_context\data\processed\features\rock\rock.00053.npy,4L9KyVVsQOc,The low quality recording features an echoing electric guitar playing rock solo melody. The recording is noisy and in mono. It sounds passionate.,"['low quality', 'echoing electric guitar solo melody', 'noisy', 'mono', 'passionate', 'rock']",train
blues,C:\Users\user\Downloads\gnn_bert_music_context\data\processed\graphs\blues\blues.00083.pkl,C:\Users\user\Downloads\gnn_bert_music_context\data\processed\features\blues\blues.00083.npy,KikHXfUanJk,We hear a twangy electric guitar on which some arpeggiated chords are played. The music style is a bluesy country rock style.,"['twangy electric guitar arpeggios', 'country rock', 'country blues', 'southern']",train
pop,C:\Users\user\Downloads\gnn_bert_music_context\data\processed\graphs\pop\pop.00043.pkl,C:\Users\user\Downloads\gnn_bert_music_context\data\processed\features\pop\pop.00043.npy,aJHv6TV7JpY,This pop song features a female voice singing the main melody in a foreign language. This is accompanied by an accordion playing a harmonized melody in the background. There is no percussion in this song. Minimal instruments are used in this song. The theme of this song feels romantic.,"['pop song', 'romantic theme', 'female voice', 'foreign language', 'accordion song', 'moderate tempo', 'no percussion', 'minimal instruments']",train
disco,C:\Users\user\Downloads\gnn_bert_music_context\data\processed\graphs\disco\disco.00081.pkl,C:\Users\user\Downloads\gnn_bert_music_context\data\processed\features\disco\disco.00081.npy,mpikDeSk-mM,"A female singer sings this cool dance melody. The song is medium-fast tempo with a cool dance groove, percussive bass line, steady dance rhythm, keyboard accompaniment and various percussion hits. The song is groovy and proper electronic dance music hit,","['electronic dance music', 'dj', 'female singer', 'beach party hits', 'retro pop hits', 'diva', 'groovy bas slime', 'strong drumming rhythm', 'various percussion hits', 'exciting', 'cheerful', 'romantic', 'groovy', 'love song', 'party all night', 'party hits', 'dance hits', 'retro dance music', 'miami larry', 'happening paces', 'dance floor', 'keyboard accompaniment', 'disco hits']",train
reggae,C:\Users\user\Downloads\gnn_bert_music_context\data\processed\graphs\reggae\reggae.00004.pkl,C:\Users\user\Downloads\gnn_bert_music_context\data\processed\features\reggae\reggae.00004.npy,v1EDTMRmJlY,"The low quality recording features a reggae song that consists of passionate male vocal singing over offbeat, widely spread guitar chords, groovy bass, punchy kick hits, punchy snare hits layered with claps, bouncy wooden percussions and echoing brass melody. It gives off happy and fun vibes - as every reggae song should.","['low quality', 'reggae', 'passionate male vocal', 'offbeat wide electric guitar chords', 'groovy bass', 'punchy kick', 'punchy snare', 'claps', 'bouncy wooden percussions', 'echoing brass melody', 'energetic', 'happy', 'fun']",train
reggae,C:\Users\user\Downloads\gnn_bert_music_context\data\processed\graphs\reggae\reggae.00097.pkl,C:\Users\user\Downloads\gnn_bert_music_context\data\processed\features\reggae\reggae.00097.npy,OB7GyVqufwQ,A digital drum is playing a reggaeton groove along with some acoustic percussion while someone is playing a turkish baglama. A male voice is singing/shouting. This is an amateur recording. This song may be playing outside busking with a band.,"['oriental music', 'turkish baglama', 'acoustic/digital percussion', 'male voice singing/shouting', 'medium to uptempo']",train
hiphop,C:\Users\user\Downloads\gnn_bert_music_context\data\processed\graphs\hiphop\hiphop.00063.pkl,C:\Users\user\Downloads\gnn_bert_music_context\data\processed\features\hiphop\hiphop.00063.npy,kpsYSXR1wao,"This music is a spirited Latin music instrumental. The tempo is fast with a lively accordion harmony, spirited congas beat and guiro  accompaniment. The music is happy, vivacious, upbeat, vigorous, cheerful , celebratory and cheerful with ambient outdoor sounds like wind, people talking, clapping and a lot of static indicating that this is a live performance. The audio quality is inferior and this looks like an amateur home recording.","['instrumental', 'fast tempo', 'distorted music', 'static', 'guiro accompaniment', 'scraper instrument', 'world music', 'latin regional music', 'latin dance music', 'lively acordion', 'spirited congas', 'guiro', 'latin music', 'latin dance music', 'happy', 'spirited', 'live performance', 'live music', 'ambient outdoor sounds', 'inferior audio quality', 'celebratory', 'festive', 'joyful']",train
blues,C:\Users\user\Downloads\gnn_bert_music_context\data\processed\graphs\blues\blues.00066.pkl,C:\Users\user\Downloads\gnn_bert_music_context\data\processed\features\blues\blues.00066.npy,rrAIuGMTqtA,"This is a recording of an electric guitar, first with a chord being strummed and allowed to ring out, then with licks being played. The guitarist plays a blues lick with the guitar producing a clean and compressed tone.","['electric guitar', 'sustained chord strum', 'blues licks', 'chord ringing out', 'bright blues lick']",train
metal,C:\Users\user\Downloads\gnn_bert_music_context\data\processed\graphs\metal\metal.00042.pkl,C:\Users\user\Downloads\gnn_bert_music_context\data\processed\features\metal\metal.00042.npy,-sevczF5etI,"The Folk song features a passionately played sitar guitar, groovy bass and short offbeat accordion chords, followed by metallic percussive elements and punchy kick. The recording is a bit lower in quality due to loud clicky keys sounds. It sounds passionate and emotional.","['folk', 'passionate sitar guitar', 'groovy bass', 'punchy kick', 'metallic percussive elements', 'short offbeat accordion chords', 'low quality', 'clicky keys', 'emotional']",train
jazz,C:\Users\user\Downloads\gnn_bert_music_context\data\processed\graphs\jazz\jazz.00027.pkl,C:\Users\user\Downloads\gnn_bert_music_context\data\processed\features\jazz\jazz.00027.npy,8sSV_vqOlS4,"The low quality recording features a jazz song that consists of a saxophone solo melody played over groovy piano, groovy double bass, shimmering hi hats and punchy snare. It sounds passionate and soulful, even though the recording is noisy and in mono.","['low quality', 'noisy', 'mono', 'jazz', 'saxophone solo melody', 'shimmering hi hats', 'groovy piano', 'groovy double bass', 'passionate', 'soulful', 'punchy snare']",train
metal,C:\Users\user\Downloads\gnn_bert_music_context\data\processed\graphs\metal\metal.00082.pkl,C:\Users\user\Downloads\gnn_bert_music_context\data\processed\features\metal\metal.00082.npy,v592zQpuaJA,"The low quality recording features a resonating bowl sound, followed by mellow metallic percussion. The recording is noisy and it sounds a bit harsh and disturbing.","['low quality', 'noisy', 'resonating bowl sound', 'mellow metallic percussion', 'harsh', 'disturbing']",train
blues,C:\Users\user\Downloads\gnn_bert_music_context\data\processed\graphs\blues\blues.00012.pkl,C:\Users\user\Downloads\gnn_bert_music_context\data\processed\features\blues\blues.00012.npy,un-OXLWhvDc,This song contains someone playing blues on a clean e-guitar. Then a male voice starts singing calmly and with a mid ranged voice. This song may be playing in a road-movie.,"['blues', 'e-guitar', 'male voice singing', 'slow tempo']",train
disco,C:\Users\user\Downloads\gnn_bert_music_context\data\processed\graphs\disco\disco.00074.pkl,C:\Users\user\Downloads\gnn_bert_music_context\data\processed\features\disco\disco.00074.npy,vx5iuWuE2Ng,This song contains acoustic drums playing a groove along with an e-bass and a tambourine. A brass section is playing along with the drum fills  and the bongos. A piano is playing a melody together with a guitar strumming chords in the mid range. The male singer sounds loud and soulful. This song may be playing in a rollerblade disco.,"['r&b/soul', 'e-bass', 'brass section', 'e-guitar', 'bongos', 'acoustic drums', 'male voice singing', 'tambourine', 'piano', 'medium to uptempo']",train
classical,C:\Users\user\Downloads\gnn_bert_music_context\data\processed\graphs\classical\classical.00010.pkl,C:\Users\user\Downloads\gnn_bert_music_context\data\processed\features\classical\classical.00010.npy,lDABsoatahM,"This is an instrumental music piece with Chinese characteristics. The main tune is being played by a small xiao flute. There is a mellow acoustic guitar backing keeping a repeated theme in the background. The song is played on a major scale, giving it a feeling of hopefulness. The atmosphere of the song is soothing. This piece could be played as an opening soundtrack for a romantic anime movie.","['instrumental', 'acoustic guitar', 'xiao', 'eastern', 'chinese', 'classical', 'calming', 'easygoing']",train
metal,C:\Users\user\Downloads\gnn_bert_music_context\data\processed\graphs\metal\metal.00068.pkl,C:\Users\user\Downloads\gnn_bert_music_context\data\processed\features\metal\metal.00068.npy,LQYd-dsz62M,This is an instrumental power metal piece. There is an electric guitar playing the melody with the accompaniment of a keyboard. There is an acoustic drum beat in the rhythmic background. There is an aggressive atmosphere. This piece could be used in the soundtrack of an action video game.,"['power metal', 'no singer', 'instrumental', 'electric guitar', 'keyboard', 'acoustic drums', 'loud', 'aggressive']",train
metal,C:\Users\user\Downloads\gnn_bert_music_context\data\processed\graphs\metal\metal.00099.pkl,C:\Users\user\Downloads\gnn_bert_music_context\data\processed\features\metal\metal.00099.npy,rfah0bhmYkc,The song is an instrumental. The song is medium tempo with an overdriven guitar playing a jarring lead in rhythmic fashion and guitar over tones that sound like bell tones. The song is aggressive and experimental. The song is a modern rock intro.,"['electric guitar lead', 'distorted tones', 'experimental', 'playing alone', 'guitar practice routine', 'no percussion instrumentation', 'goofing around', 'instrumental music', 'playing rhythmically', 'guitar overtones', 'no', 'percussion instruments', 'jarring tones', 'bell tones', 'rock music', 'exciting', 'spirited', 'rebellious', 'aggressive', 'no other instrumentation', 'medium tempo', 'hard metal']",train
jazz,C:\Users\user\Downloads\gnn_bert_music_context\data\processed\graphs\jazz\jazz.00001.pkl,C:\Users\user\Downloads\gnn_bert_music_context\data\processed\features\jazz\jazz.00001.npy,Q6SgmlYMYLA,This song contains e-guitars playing short repeating melodies. An acoustic drum is playing a slow drum and bass like groove with 8th notes on the ride. An e-piano is playing single high pitched notes on top. In the strings a string/pad section is playing long notes/chords in the mid range. This song may be playing at home on a loud speaker.,"['ambient jazz', 'e-guitar', 'pad/string sounds', 'e-piano', 'acoustic drums', 'medium to uptempo']",train
reggae,C:\Users\user\Downloads\gnn_bert_music_context\data\processed\graphs\reggae\reggae.00010.pkl,C:\Users\user\Downloads\gnn_bert_music_context\data\processed\features\reggae\reggae.00010.npy,ChyayWIp_vU,A male voice is singing along to a fast paced reggae instrumental. The drums are playing a reggae-groove along with a harmonica on the offbeat. Two e-guitars are playing a single note melody. Both are following the bassline adding harmonies. A saxophone is adding a little melody after every end of a phrase. The male voice is singing in the mid-range and sounds doubled. Some of the instruments are panned to the left and right side of the speakers. This song may be playing at a local bar.,"['reggae', 'saxophone', 'acoustic guitar', 'e-guitar', 'e-bass', 'acoustic drums', 'harmonica', 'male voice singing', 'positive energy', 'uptempo']",train
metal,C:\Users\user\Downloads\gnn_bert_music_context\data\processed\graphs\metal\metal.00009.pkl,C:\Users\user\Downloads\gnn_bert_music_context\data\processed\features\metal\metal.00009.npy,OEuBITrf-kE,"The Metal song features a manic solo electric guitar melody over shimmering hi hats, shimmering crash cymbals, double pedal kick hits, punchy snare, groovy distorted bass guitar and aggressive electric guitar riffs. It sounds aggressive, manic and energetic - like something you would jump to at the concerts.","['metal', 'energetic', 'manic solo electric guitar melody', 'shimmering hi hats', 'shimmering crash cymbals', 'double pedal kick', 'punchy snare', 'groovy distorted bass guitar', 'aggressive electric guitar riffs', 'aggressive', 'manic']",train
pop,C:\Users\user\Downloads\gnn_bert_music_context\data\processed\graphs\pop\pop.00083.pkl,C:\Users\user\Downloads\gnn_bert_music_context\data\processed\features\pop\pop.00083.npy,fpdgtpBOh-c,This slow pop ballad features two cellos playing in harmony. One cello plays the high notes. The second cello plays the bass notes. This is accompanied by a piano playing chords in the background. The mood of this song is romantic. There are no voices in this song. This song can be played in a romantic movie.,"['slow pop', 'pop ballad', 'cello', 'piano', 'no percussion', 'no voices', 'instrumental', 'slow tempo', 'romantic melody']",train
classical,C:\Users\user\Downloads\gnn_bert_music_context\data\processed\graphs\classical\classical.00007.pkl,C:\Users\user\Downloads\gnn_bert_music_context\data\processed\features\classical\classical.00007.npy,A2WdjyKQ57A,This is the live performance of a classical music piece. The piece is being performed with a harpsichord. It is in the minor key. The piece is medieval sounding. It could fit perfectly in the soundtrack of a historical drama that takes place in the medieval era.,"['classical music', 'live performance', 'baroque', 'harpsichord', 'medieval sounding']",train
metal,C:\Users\user\Downloads\gnn_bert_music_context\data\processed\graphs\metal\metal.00036.pkl,C:\Users\user\Downloads\gnn_bert_music_context\data\processed\features\metal\metal.00036.npy,_0-2meOf9qY,"This music is an electronic guitar instrumental. The tempo is slow with a melancholic , resounding harmony on the guitar. It is mellow, soft, poignant, sentimental and emotional.","['instrumental', 'slow tempo', 'electric guitar harmony', 'electric guitar solo', 'electric guitar lead', 'amplified guitar', 'loud', 'emphatic', 'resounding', 'sonic power', 'loud feedback', 'rock', 'hard rock', 'metal', 'heavy metal', 'soft rock', 'pop', 'youthful', 'pensive', 'melancholy', 'sentimental', 'emotional']",train
rock,C:\Users\user\Downloads\gnn_bert_music_context\data\processed\graphs\rock\rock.00088.pkl,C:\Users\user\Downloads\gnn_bert_music_context\data\processed\features\rock\rock.00088.npy,-JvB5AL59fM,An acoustic drum is playing a simple rock groove with some drum fills on the toms and snare along with a distorted e-bass and e-guitar playing the same line. Panned to the right side of the speaker you can hear a piano sound playing a little melody. A female voice is singing a happy sounding melody while male backing voices are supporting her. This song may be playing sitting in your room enjoying being at home alone.,"['rock', 'e-guitars', 'e-bass', 'acoustic drums', 'keys', 'female voice singing', 'male backing voice', 'uptempo']",train
country,C:\Users\user\Downloads\gnn_bert_music_context\data\processed\graphs\country\country.00091.pkl,C:\Users\user\Downloads\gnn_bert_music_context\data\processed\features\country\country.00091.npy,Ok-ia7ziJy0,This song contains people strumming chords on acoustic guitars while a banjo and a mandolin are taking turns playing a lead melody. In the background you can hear an upright bass playing a fitting bassline. This song may be playing live while having a BBQ with friends.,"['amateur recording', 'folk/country', 'acoustic guitars', 'mandolin', 'banjo', 'upright bass', 'uptempo', 'good mood']",train
reggae,C:\Users\user\Downloads\gnn_bert_music_context\data\processed\graphs\reggae\reggae.00065.pkl,C:\Users\user\Downloads\gnn_bert_music_context\data\processed\features\reggae\reggae.00065.npy,sgwvhvkNELc,"A male vocalist sings this spirited song. The tempo is fast with keyboard harmony, piano accompaniment,groovy bass lines, digital drum and synthesiser arrangement. The song is catchy, enjoyable, youthful, energetic and vivacious with recurring and insistent rhythm and a dance groove. This song is a Reggae song.","['male singer', 'fast tempo', 'boomy bass lines', 'vibrant', 'enthusiastic', 'energetic', 'passionate', 'piano accompaniment', 'reggae', 'folk', 'jamaican folk', 'catchy vocal riff', 'keyboard harmony', 'repetitive rhythm', 'insistent', 'synthesiser arrangements', 'raspy vocals', 'upbeat', 'vibrant', 'enthusiastic', 'energetic', 'minimal instruments', 'electronic instruments', 'digital drum']",train
hiphop,C:\Users\user\Downloads\gnn_bert_music_context\data\processed\graphs\hiphop\hiphop.00076.pkl,C:\Users\user\Downloads\gnn_bert_music_context\data\processed\features\hiphop\hiphop.00076.npy,C7OIuhWSbjU,This is a heavy metal piece. There is a female singer upfront singing in medium pitch in the Japanese language. The distorted electric guitar is playing the melody while a relatively quieter bass guitar is accompanying it. The acoustic drums are playing an accentuated heavy metal beat full of rapid fills. A faint rhythmic pad can also be heard in the chorus. The general atmosphere of the song is energetic and rebellious. This piece could be used in an action-filled anime soundtrack.,"['heavy metal', 'female vocal', 'japanese', 'distorted electric guitar', 'bass guitar', 'pad', 'acoustic drums', 'rebellious', 'loud']",train
country,C:\Users\user\Downloads\gnn_bert_music_context\data\processed\graphs\country\country.00022.pkl,C:\Users\user\Downloads\gnn_bert_music_context\data\processed\features\country\country.00022.npy,nyjXFx0GSX8,"We hear the bright ringing of two metal objects clanging against each other. This is the bright metallic sound of steel ringing. In the distance, we faintly hear a country rock song. Specifically, we hear a country rock guitar riff being played in the background. There is also the sound of a non-steel object being placed on a surface.","['steel hammering', 'metal ringing sound', 'distant country rock music', 'distant electric guitar riff', 'metal clanging', 'bright tinny ringing sound']",train
jazz,C:\Users\user\Downloads\gnn_bert_music_context\data\processed\graphs\jazz\jazz.00057.pkl,C:\Users\user\Downloads\gnn_bert_music_context\data\processed\features\jazz\jazz.00057.npy,8oUI02eK3SM,This song contains a male voice singing in the midrange while backing voices are supported with vocals in the higher register. Someone is playing a complex jazzlike groove on the drums. An e-guitar is playing a loud arpeggio melody panned to the right side of the speakers along with an e-bass. This song may be playing live at a jazz festival.,"['funk/r&b/jazz', 'acoustic piano', 'e-bass', 'e-guitar', 'male voice singing', 'backing voices', 'uptempo']",train
disco,C:\Users\user\Downloads\gnn_bert_music_context\data\processed\graphs\disco\disco.00031.pkl,C:\Users\user\Downloads\gnn_bert_music_context\data\processed\features\disco\disco.00031.npy,SxYnb9_qDtk,"A male vocalist sings this spirited rap. The tempo is medium with keyboard accompaniment, digital drums,electric guitar riff and synthesiser arrangements with vocal backup. The song is passionate, compelling, strong telling, chanting, persuasive and youthful. This song is Contemporary Rap-Hip-Hop.","['male vocalist', 'medium tempo', 'rap', 'rap hits', 'digital drum', 'youthful', 'street rapper', 'disco rap', 'hip-hop', 'hip-hop hits', 'rhythmic patter', 'electronic music', 'drum machine', 'synthesiser arrangements', 'vocal backup', 'passionate', 'engaging', 'compelling', 'persuasive', 'street vernacular', 'slangy lyrics', 'chanting', 'recurring beat', 'amplified guitar']",train
hiphop,C:\Users\user\Downloads\gnn_bert_music_context\data\processed\graphs\hiphop\hiphop.00056.pkl,C:\Users\user\Downloads\gnn_bert_music_context\data\processed\features\hiphop\hiphop.00056.npy,tZgww16UyU8,"The Hip Hop song features a flat male vocal rapping over arpeggiated piano melody, sustained high pitched violin melody, punchy snare and kick hits, simple hi hats, boomy bass and soft crash cymbal. It sounds heartfelt, emotional and sad.","['hip hop', 'arpeggiated piano melody', 'punchy kick', 'punchy snare', 'sustained high pitched violin melody', 'heartfelt', 'emotional', 'sad', 'boomy bass', 'soft crash cymbal', 'flat male vocal', 'simple hi hats']",train
jazz,C:\Users\user\Downloads\gnn_bert_music_context\data\processed\graphs\jazz\jazz.00076.pkl,C:\Users\user\Downloads\gnn_bert_music_context\data\processed\features\jazz\jazz.00076.npy,gRn6OjQf2ZQ,"The song is upbeat, groovy and jazzy. The main percussive elements are created by live tap dancing on a stage, as well as more base oriented percussion from a cajon drum. There's a grand piano playing an intricate melody.","['live performance', 'tap dancing percussion', 'grand piano', 'upbeat', 'cajon drum', 'lively', 'dance', 'jazzy']",train
jazz,C:\Users\user\Downloads\gnn_bert_music_context\data\processed\graphs\jazz\jazz.00025.pkl,C:\Users\user\Downloads\gnn_bert_music_context\data\processed\features\jazz\jazz.00025.npy,sZQ4TeLueSs,This is a low quality audio clip. This jazz song features percussion playing a Latin style beat. A chindong is being played along with the main percussion. This instrument has a 'tin' sound. There are no other instruments in this song. The male singer narrates one line in the course of this song. This is an instrumental song. The mood of this song is happy.,"['jazz song', 'low quality audio', 'latin style percussion', 'chindong', 'male narrator']",train
country,C:\Users\user\Downloads\gnn_bert_music_context\data\processed\graphs\country\country.00002.pkl,C:\Users\user\Downloads\gnn_bert_music_context\data\processed\features\country\country.00002.npy,DHo1z0_ZUNA,The song is a slow country song - a country ballad played on a steel guitar. This is the type of song that would be suitable for an old country western movie where a hero character walks into a diner. This is a live recording and the song has a slow tempo.,"['steel guitar', 'country music', 'live recording', 'slow country music', 'country ballad', 'arpeggio', 'intricate steel guitar playing', 'country western', 'vintage country']",train
country,C:\Users\user\Downloads\gnn_bert_music_context\data\processed\graphs\country\country.00066.pkl,C:\Users\user\Downloads\gnn_bert_music_context\data\processed\features\country\country.00066.npy,AagemOzvoZE,"This song is a romantic duet. The tempo is medium with a plethora of instruments like the auto harp, fiddle, acoustic guitar, electric guitar, bass guitar, banjo,intense drumming, cello, violin harmony and vocal harmony. The song is a romantic, charming,emotional, passionate love song. The instrumentation style and music decibels indicate that this is the climax of a country love song.","['duet', 'medium tempo', 'country song', 'fiddle', 'auto harp', 'song climax', 'country love song', 'first love', 'wedding song', 'proposal song', 'banjo', 'mandolin', 'acoustic guitar', 'intense drumming', 'keyboard harmony', 'cello', 'violins', 'electric guitar', 'bass guitar', 'love song', 'romantic', 'passionate', 'emotional', 'country song hits', 'country pop', 'folk music']",train
country,C:\Users\user\Downloads\gnn_bert_music_context\data\processed\graphs\country\country.00092.pkl,C:\Users\user\Downloads\gnn_bert_music_context\data\processed\features\country\country.00092.npy,aNjtfIoVzas,This song contains a plucked string instrument playing a melody in the higher register along with an acoustic guitar strumming chords on the backbeat and an upright bass playing a simple melody along to the lead melody. This song may be playing in a video-presentation.,"['country/folk', 'acoustic guitar', 'upright bass', 'plucked string instrument', 'medium to uptempo']",train
pop,C:\Users\user\Downloads\gnn_bert_music_context\data\processed\graphs\pop\pop.00066.pkl,C:\Users\user\Downloads\gnn_bert_music_context\data\processed\features\pop\pop.00066.npy,CQlh4k5pXKA,"The song is a movie soundtrack. The song is medium tempo with groaning tones, crying sounds, ambient Street noises, and guitar strumming rhythm. The sound track is played for an emotionally sad scene. The audio quality is overall poor.","['male singer', 'crying vocals', 'groaning sounds', 'tragedy', 'ambient noises', 'deteriorated music quality', 'movie soundtrack', 'nostalgic pop song', 'male singer', 'medium tempo', 'grief', 'sadness', 'grief', 'poor audio quality', 'guitar strumming', 'melancholic music', 'breakup song', 'movie scene music']",train
reggae,C:\Users\user\Downloads\gnn_bert_music_context\data\processed\graphs\reggae\reggae.00081.pkl,C:\Users\user\Downloads\gnn_bert_music_context\data\processed\features\reggae\reggae.00081.npy,xt6V3Ic72nE,"This is the live performance of a reggae piece. There is a male vocal hollering while a younger sounding male vocal is singing in a Jamaican accent. An electric guitar is strumming chords in staccato while a bass guitar is playing a groovy bass line. In the rhythmic background, there is an acoustic drum playing a reggae beat. The atmosphere is chill. This piece could be played at beach parties and in the soundtracks of summer vacation-themed movies or TV shows.","['reggae', 'dub', 'live performance', 'male vocal', 'teen male vocal', 'electric guitar', 'bass guitar', 'acoustic guitar', 'groovy', 'laid back', 'fun', 'chill']",train
blues,C:\Users\user\Downloads\gnn_bert_music_context\data\processed\graphs\blues\blues.00009.pkl,C:\Users\user\Downloads\gnn_bert_music_context\data\processed\features\blues\blues.00009.npy,nU7x170OvJ4,"This is a bluesy country style song played on a lap steel guitar. There is a walking bassline, and slide guitar being played. The singer has a burly, calm voice. The song would be heard in an old school bar in Texas - which might be called a ""saloon"".","['lap steel guitar', 'blues', 'upright bass guitar', 'country blues', 'twangy high pitched licks', 'slide guitar']",train
classical,C:\Users\user\Downloads\gnn_bert_music_context\data\processed\graphs\classical\classical.00021.pkl,C:\Users\user\Downloads\gnn_bert_music_context\data\processed\features\classical\classical.00021.npy,w9CxACZ5Oi0,This is a Western music piece performed live by an orchestra. There is a mandolin playing the main melody. Many strummed instruments such as acoustic guitar and ukulele are being played in the melodic background. These sounds evoke an adventurous feeling This piece could be used in the soundtrack of a Western movie/TV series. It could also suit well in the soundtrack of a wild west themed video game like Red Dead Redemption.,"['western music', 'no singer', 'instrumental', 'orchestra', 'mandolin', 'ukulele', 'acoustic guitar', 'bass guitar', 'adventurous', 'eccentric', 'movie music', 'video game music']",train
reggae,C:\Users\user\Downloads\gnn_bert_music_context\data\processed\graphs\reggae\reggae.00059.pkl,C:\Users\user\Downloads\gnn_bert_music_context\data\processed\features\reggae\reggae.00059.npy,v1EDTMRmJlY,"The low quality recording features a reggae song that consists of passionate male vocal singing over offbeat, widely spread guitar chords, groovy bass, punchy kick hits, punchy snare hits layered with claps, bouncy wooden percussions and echoing brass melody. It gives off happy and fun vibes - as every reggae song should.","['low quality', 'reggae', 'passionate male vocal', 'offbeat wide electric guitar chords', 'groovy bass', 'punchy kick', 'punchy snare', 'claps', 'bouncy wooden percussions', 'echoing brass melody', 'energetic', 'happy', 'fun']",train
disco,C:\Users\user\Downloads\gnn_bert_music_context\data\processed\graphs\disco\disco.00040.pkl,C:\Users\user\Downloads\gnn_bert_music_context\data\processed\features\disco\disco.00040.npy,0Ubu4BqSWmU,"A male vocalist sings this mellow rap. The tempo is medium with a groovy bass line, keyboard harmony , slick drumming and vocal backup. The song is youthful, story telling, passionate, impactful, compelling and engaging. This song is contemporary Hip-Hop/Rap.","['male singer', 'slow tempo', 'funky bass lines', 'intense drumming', 'synthesiser arrangements', 'vocal backup', 'hip-hop', 'rap', 'pop rap', 'hip-hop hits', 'disco rap', 'rhythmic speech', 'story telling', 'passionate', 'emotional', 'persuasive', 'compelling', 'engaging', 'persuasive', 'youthful']",train
classical,C:\Users\user\Downloads\gnn_bert_music_context\data\processed\graphs\classical\classical.00059.pkl,C:\Users\user\Downloads\gnn_bert_music_context\data\processed\features\classical\classical.00059.npy,aW6greyYuO4,"This is an orchestra playing Arabic music. The melody is played by the conjunction of multiple instruments such as violin, flute and qanun while tambourines create the percussive background of the piece. It has an oriental atmosphere that could be very fitting in a movie or a show taking place in the Middle East. It could also be a good background music for Arab cuisine restaurants.","['arabic', 'orchestra', 'violin', 'qanun', 'tambourine', 'percussion', 'flute', 'oriental', 'dance']",train
metal,C:\Users\user\Downloads\gnn_bert_music_context\data\processed\graphs\metal\metal.00003.pkl,C:\Users\user\Downloads\gnn_bert_music_context\data\processed\features\metal\metal.00003.npy,PxXR74Uohfg,This audio contains someone playing a very fast groove on tablas then another instrument takes over playing the same rhythm on a metallic rattle instrument. You can hear people talking and the crowd is cheering. The atmosphere sounds relaxed and joyful. This song may be playing live at an instrument battle.,"['amateur recording', 'tablas', 'metallic rattle instrument', 'positive energy', 'crowd cheering']",train
metal,C:\Users\user\Downloads\gnn_bert_music_context\data\processed\graphs\metal\metal.00075.pkl,C:\Users\user\Downloads\gnn_bert_music_context\data\processed\features\metal\metal.00075.npy,c3T1gWSVp6c,"The low quality recording features a regional Mexican song that consists of a passionate male vocal singing over brass melody, wooden percussions, tinny metallic percussions, groovy piano melody and groovy bass. It sounds joyful, happy and energetic.","['low quality', 'regional mexican', 'brass melody', 'wooden percussions', 'tinny metallic percussions', 'groovy piano melody', 'groovy bass', 'passionate male vocal', 'joyful', 'happy', 'energetic']",train
pop,C:\Users\user\Downloads\gnn_bert_music_context\data\processed\graphs\pop\pop.00092.pkl,C:\Users\user\Downloads\gnn_bert_music_context\data\processed\features\pop\pop.00092.npy,0J_TdiZ3TKA,"A male vocalist sings this sweet animated song in a foreign language.The tempo is fast with an equally animated and cheerful piano accompaniment. The song is simple, sweet, adorable,catchy, lovable, catchy, upbeat, cute, engaging, winsome and charming. This song is a Children’s song from an animated series.","['male vocalist', 'fast tempo', 'foreign language', 'pleasant', 'soft', 'popular songs for children', 'animation', 'cartoon', 'adorable', 'cute', 'minimalist', 'vocal emphasisengaging', 'charming', 'animated singing', 'spirited piano accompaniment', 'fun', 'cheerful', 'sweet', 'catchy', 'engaging', 'children’s song', 'kids songs', 'kids animated series', 'compelling']",train
reggae,C:\Users\user\Downloads\gnn_bert_music_context\data\processed\graphs\reggae\reggae.00014.pkl,C:\Users\user\Downloads\gnn_bert_music_context\data\processed\features\reggae\reggae.00014.npy,ChyayWIp_vU,A male voice is singing along to a fast paced reggae instrumental. The drums are playing a reggae-groove along with a harmonica on the offbeat. Two e-guitars are playing a single note melody. Both are following the bassline adding harmonies. A saxophone is adding a little melody after every end of a phrase. The male voice is singing in the mid-range and sounds doubled. Some of the instruments are panned to the left and right side of the speakers. This song may be playing at a local bar.,"['reggae', 'saxophone', 'acoustic guitar', 'e-guitar', 'e-bass', 'acoustic drums', 'harmonica', 'male voice singing', 'positive energy', 'uptempo']",train
blues,C:\Users\user\Downloads\gnn_bert_music_context\data\processed\graphs\blues\blues.00071.pkl,C:\Users\user\Downloads\gnn_bert_music_context\data\processed\features\blues\blues.00071.npy,JFJuEOZx1K4,This rock and roll song features a male voice singing the main melody. There is a female and male backing voice singing in harmony. This is accompanied by percussion playing a simple beat in common time. The bass plays a 12 bar blues lick. The organ fills in between lines. The mood of this song is happy. The quality of audio is low. This song can be played at a celebration party.,"['rock and roll', 'amateur recording', 'male voice', 'female backing voice', 'vocal harmony', 'percussion', 'rock and roll bass riffs', 'organ song', 'happy song', 'song for celebration', 'moderate tempo']",train
jazz,C:\Users\user\Downloads\gnn_bert_music_context\data\processed\graphs\jazz\jazz.00062.pkl,C:\Users\user\Downloads\gnn_bert_music_context\data\processed\features\jazz\jazz.00062.npy,NVo-stvk_QE,Here we have an electric guitarist intricately playing a guitar solo with a reverb effect applied to his guitar. The music is a jazzy type of backing track with a sophisticated walking bassline. The guitarist is highly skilled.,"['jazzy', 'electric guitar solo', 'simple jazzy drumming', 'intricate walking bassline', 'reverb effect', 'complex electric guitar playing']",train
country,C:\Users\user\Downloads\gnn_bert_music_context\data\processed\graphs\country\country.00070.pkl,C:\Users\user\Downloads\gnn_bert_music_context\data\processed\features\country\country.00070.npy,LFYRuK8YstI,This amateur recording features a male voice singing the main melody. This is accompanied by a banjo being strummed in a country rhythm. This song is sung at a moderate tempo. This song has a patriotic feel. There are no other instruments in this song apart from the tenor banjo. This song can be played in a patriotic American movie.,"['country song', 'banjo song', 'amateur recording', 'no percussion', 'male voice', 'moderate tempo', 'folk song', 'minimal instruments', 'patriotic song']",train
rock,C:\Users\user\Downloads\gnn_bert_music_context\data\processed\graphs\rock\rock.00047.pkl,C:\Users\user\Downloads\gnn_bert_music_context\data\processed\features\rock\rock.00047.npy,3obJKn19jTE,This is a grunge rock music piece. A distorted electric guitar playing power chords leads the tune with a bass guitar in the background. Loud acoustic drums provide the rhythmic background while also playing a lot of fills. There is also a male vocal. The music has a rebellious atmosphere mixed with a rough sound that is characteristic of the grunge scene. This piece could be used as a soundtrack in college drama movies/TV series. It could also be used in advertisements targeted at teenagers.,"['grunge', 'rock', 'male vocal', 'distorted electric guitar', 'bass guitar', 'acoustic drums', 'muddy', 'loud', 'powerful', 'rebellious']",train
country,C:\Users\user\Downloads\gnn_bert_music_context\data\processed\graphs\country\country.00099.pkl,C:\Users\user\Downloads\gnn_bert_music_context\data\processed\features\country\country.00099.npy,LFYRuK8YstI,This amateur recording features a male voice singing the main melody. This is accompanied by a banjo being strummed in a country rhythm. This song is sung at a moderate tempo. This song has a patriotic feel. There are no other instruments in this song apart from the tenor banjo. This song can be played in a patriotic American movie.,"['country song', 'banjo song', 'amateur recording', 'no percussion', 'male voice', 'moderate tempo', 'folk song', 'minimal instruments', 'patriotic song']",train
metal,C:\Users\user\Downloads\gnn_bert_music_context\data\processed\graphs\metal\metal.00078.pkl,C:\Users\user\Downloads\gnn_bert_music_context\data\processed\features\metal\metal.00078.npy,hBQFoDI3NMI,"This music is an Electric Guitar instrumental. The tempo is fast with a dissonant background score . There is the sound of people talking in the background. The music is superimposed on a track which doesn’t seem to be in sync. The lead however is powerful, loud, intense and emphatic. This is a Rock Instrumental.","['instrumental', 'electric guitar', 'people talking in the background', 'home recording', 'amateur recording', 'rock instrumental', 'intense', 'loud', 'amplified guitar', 'youthful', 'enthusiastic', 'vehement', 'spirited', 'sonic power’', 'medium tempo', 'background noises', 'accompanying music', 'people talking', 'loud', 'powerful', 'intense', 'rock', 'hard rock', 'metal', 'dissonant']",train
classical,C:\Users\user\Downloads\gnn_bert_music_context\data\processed\graphs\classical\classical.00003.pkl,C:\Users\user\Downloads\gnn_bert_music_context\data\processed\features\classical\classical.00003.npy,xM4p5pmRAxM,This is a live performance of a classical music piece. There is a grand piano playing dramatically in minor keys. The piece has a grandiose and mysterious aura to it. This piece could be used in the soundtrack of a horror movie. It could also be used in a horror video game theme.,"['classical', 'fugue', 'minor key', 'no singer', 'grand piano', 'mysterious', 'grandiose', 'dramatic', 'live performance']",train
pop,C:\Users\user\Downloads\gnn_bert_music_context\data\processed\graphs\pop\pop.00077.pkl,C:\Users\user\Downloads\gnn_bert_music_context\data\processed\features\pop\pop.00077.npy,4ymXDU-48EE,A female singer leads other backup singers in a vocal harmony. The song is medium tempo with just mouth and body percussion. The song is groovy and played with a lot of ambient crowd noises. The song is a movie soundtrack.,"['female singer', 'acapella band', 'ambient sounds', 'choral band', 'mouth percussions', 'body percussions', 'crowds talk', 'cheering sounds', 'movie soundtrack', 'vocal harmony', 'medium tempo', 'groovy music', 'song cover', 'groovy music', 'bad audio quality', 'modern pop hits']",train
country,C:\Users\user\Downloads\gnn_bert_music_context\data\processed\graphs\country\country.00081.pkl,C:\Users\user\Downloads\gnn_bert_music_context\data\processed\features\country\country.00081.npy,4i9DgH80kDg,"This music is instrumental. The tempo is medium with an animated Banjo lead harmony. There is minimal instrumentation with cheerful ,popping vibrations of this beautiful instrument. It is lively ,spirited, cheerful and adds a beautiful layer to Country and Folk Songs.","['instrumental', 'medium tempo', 'banjo', 'popping', 'cheerful', 'stringed instrument', 'lively', 'spirited', 'vibrations', 'stringed instrument', 'country music', 'plucking', 'folk music', 'bluegrass', 'african instrument', 'melodious', 'rhythmic']",train
hiphop,C:\Users\user\Downloads\gnn_bert_music_context\data\processed\graphs\hiphop\hiphop.00046.pkl,C:\Users\user\Downloads\gnn_bert_music_context\data\processed\features\hiphop\hiphop.00046.npy,dwAo0dKCyBI,"A male vocalist sings this rap. The tempo is medium with the keyboard harmony, digital drum rhythm and boomy bass. The song is passionate, youthful, emotional, buoyant, insightful, intense and story telling in a rhythmic patter. This song is contemporary Rap/Hip.","['male singer', 'medium tempo', 'hip-hop', 'rap', 'insightful', 'clean lyrics', 'simple lyrics', 'christian rap', 'youthful', 'teen rap', 'bouncy', 'punchy', 'steady bass', 'beat boxing', 'keyboard harmony', 'drum machine', 'digital drum rhythm', 'rhythmic patter', 'rhythmic speech', 'passionate', 'emotional', 'impactful', 'intense']",train
disco,C:\Users\user\Downloads\gnn_bert_music_context\data\processed\graphs\disco\disco.00046.pkl,C:\Users\user\Downloads\gnn_bert_music_context\data\processed\features\disco\disco.00046.npy,5LX2Unga1p4,"A digital drum with a strong snare that sounds like a slap is playing along with an e-bass that is being slapped, playing a funky bassline. A e-guitar is strumming two funky chords along. A female voice is rapping with a lot of confidence in the attitude and then another female voice is singing accompanied by female backing voices. The file is of poorer audio-quality. This song may be playing in a disco.","['soul/r&b/rap/pop', 'e-guitar', 'digital drums', 'slapped e-bass', 'female voice singing', 'backing vocals', 'medium tempo', 'upbeat', 'amateur recording']",train
metal,C:\Users\user\Downloads\gnn_bert_music_context\data\processed\graphs\metal\metal.00052.pkl,C:\Users\user\Downloads\gnn_bert_music_context\data\processed\features\metal\metal.00052.npy,eVjcfdxSFKQ,"This music is an aggressive instrumental. The tempo is fast with hard hitting, vigorous drumming, keyboard harmony and synthesiser arrangements with siren sounds and a menacing, deep growl. The music is angry, aggressive, passionate, extreme,scary, sinister, suspenseful, gothic , hostile, belligerent, violent and combative. This music is Death metal/Death Core.","['instrumental', 'fast tempo', 'vigorous drumming', 'violent', 'death metal', 'heavy metal', 'goth rock', 'death core', 'combative', 'hostile', 'belligerent', 'extreme', 'deep growling', 'keyboard harmony', 'synthesiser arrangement', 'siren', 'menacing sounds', 'dissonant harmony', 'sinister', 'scary', 'spooky', 'goth', 'pulsating', 'aggressive', 'loud', 'boisterous', 'dangerous', 'spine chilling', 'suspenseful']",train
hiphop,C:\Users\user\Downloads\gnn_bert_music_context\data\processed\graphs\hiphop\hiphop.00043.pkl,C:\Users\user\Downloads\gnn_bert_music_context\data\processed\features\hiphop\hiphop.00043.npy,8zDbEfC6Uf0,"This song is a loud, energetic electronic instrumental. The audio quality is substandard making it hard to hear the song. One can tell that the song is vibrant , vivacious, bright, youthful and buoyant from the beat of punchy drumming and rapid incoherent vocals. Thesong sounds like EDM.","['instrumental', 'fast tempo', 'muffled audio', 'edm', 'electronic music', 'dance music', 'dance groove', 'youthful', 'punchy beats', 'recurring vocal riff', 'energetic', 'enthusiastic', 'electronic music', 'muted audio', 'incoherent lyrics']",train
rock,C:\Users\user\Downloads\gnn_bert_music_context\data\processed\graphs\rock\rock.00026.pkl,C:\Users\user\Downloads\gnn_bert_music_context\data\processed\features\rock\rock.00026.npy,9ZUzftiN2uw,The clip features the tone of an alarm bell beeping. It beeps with a high and fuzzy tone. A button is then pressed. There is then the sound of a grungy electric guitar being played in a rock style.,"['alarm clock beeping', 'alarm clock', 'beeping', 'high pitched tone', 'ringing', 'electric guitar strumming', 'grungy electric guitar', 'rock', 'button pressing']",train
blues,C:\Users\user\Downloads\gnn_bert_music_context\data\processed\graphs\blues\blues.00036.pkl,C:\Users\user\Downloads\gnn_bert_music_context\data\processed\features\blues\blues.00036.npy,g_bgmnJ1b_g,"The low quality recording features an acoustic guitar blues melody. The recording is very noisy, roomy and you can hear cars passing by in the background.","['low quality', 'blues', 'acoustic guitar melody', 'noisy', 'roomy', 'cars passing']",train
hiphop,C:\Users\user\Downloads\gnn_bert_music_context\data\processed\graphs\hiphop\hiphop.00038.pkl,C:\Users\user\Downloads\gnn_bert_music_context\data\processed\features\hiphop\hiphop.00038.npy,d-AcpHG7OjU,This is an instrumental percussion piece recording. There is a drummer playing rudiments in rapid procession on a practice pad. A loud metronome beep can be heard close by. This piece could be used in rudimentary education during drum lessons.,"['instrumental', 'percussion', 'rhythm', 'drum practice pad', 'rudiments', 'metronome beep']",train
blues,C:\Users\user\Downloads\gnn_bert_music_context\data\processed\graphs\blues\blues.00048.pkl,C:\Users\user\Downloads\gnn_bert_music_context\data\processed\features\blues\blues.00048.npy,Ypuv3htJlpg,This is an amateur recording of a harmonica solo being performed over a blues/rock-n-roll music piece. The piece is instrumental. The harmonica plays a melodic solo in the style of blues. The backing track consists of the electric guitar and the bass guitar playing a simple tune while the medium tempo acoustic drums are playing a basic blues rock beat. The atmosphere is easygoing. This piece could be playing from the radio during a road trip in a movie.,"['amateur recording', 'blues', 'rock-n-roll', 'instrumental', 'harmonica solo', 'backing track', 'electric guitar', 'bass guitar', 'acoustic drums', 'easygoing']",train
blues,C:\Users\user\Downloads\gnn_bert_music_context\data\processed\graphs\blues\blues.00003.pkl,C:\Users\user\Downloads\gnn_bert_music_context\data\processed\features\blues\blues.00003.npy,AEwkS57P4eE,"The low quality recording features a blues song that consists of passionate male vocal singing over groovy piano chords, brass melody, whistling melody and smooth bass. It sounds vintage and thus nostalgic and sentimental. The recording is very noisy.","['low quality', 'blues', 'mono', 'noisy', 'passionate male vocal', 'groovy piano chords', 'whistling', 'brass melody', 'smooth bass', 'vintage', 'nostalgic', 'sentimental']",train
rock,C:\Users\user\Downloads\gnn_bert_music_context\data\processed\graphs\rock\rock.00024.pkl,C:\Users\user\Downloads\gnn_bert_music_context\data\processed\features\rock\rock.00024.npy,IiBgER0W8iA,This song contains e-guitars playing melodies and rhythmic strumming that are spread to both sides of the speakers. A male voice is singing a melancholic melody in a higher key sitting in the middle of the track. This song may be playing while walking through the park while listening to this song with headphones.,"['rock', 'e-guitars', 'male voice singing', 'medium tempo', 'melancholic vibe']",train
hiphop,C:\Users\user\Downloads\gnn_bert_music_context\data\processed\graphs\hiphop\hiphop.00084.pkl,C:\Users\user\Downloads\gnn_bert_music_context\data\processed\features\hiphop\hiphop.00084.npy,j43Dwqzd8w8,This beat contains a bassline that stands out also serving as melody. A rather complex digital drum is played along with male and female short vocal samples. A little tabla samples spices up the rhythm section along with a synthesizer hit. This instrumental is full of rhythmic elements. This song may be playing at home practicing rapping.,"['trap/rap', 'digital bass', 'digital drums', 'male shouting sample', 'female voice sample', 'tabla hit', 'medium to uptempo', 'banger beat']",train
blues,C:\Users\user\Downloads\gnn_bert_music_context\data\processed\graphs\blues\blues.00061.pkl,C:\Users\user\Downloads\gnn_bert_music_context\data\processed\features\blues\blues.00061.npy,t6XtW3SHQNE,"The song is an instrumental. The tempo is medium fast with three accordions playing in harmony and virtuoso style , guitar strumming and other percussion instruments. The song is highly improvisational and has a bad audio quality with ambient room noises.","['live music', 'accordion players', 'accordion harmony', 'percussions playing rhythmically', 'blues', 'guitar strumming', 'chaotic harmonies', 'loud ambient room noise', 'bad audio quality', 'medium fast tempo', 'walking bass style', 'groovy music', 'gypsy music', 'improvisational music', 'emotional', 'spirited exciting', 'instrumental music', 'accordion virtuosos']",train
hiphop,C:\Users\user\Downloads\gnn_bert_music_context\data\processed\graphs\hiphop\hiphop.00067.pkl,C:\Users\user\Downloads\gnn_bert_music_context\data\processed\features\hiphop\hiphop.00067.npy,qVuxCN3JpiM,"Someone is playing acoustic drums with a lot of fill-ins before breaking into the next part of the song. A e-guitar and e-bass are playing the same melody/chords to elevate the energy. Female voices are singing in harmony before a male voice starts to scream in a higher register and then starts rapping. The e-guitar then is playing, almost clean sound, melody. This song may be playing with headphones while skating.","['rock/rap', 'e-guitars', 'acoustic drums', 'e-bass', 'male voice screaming/rapping', 'female backing voices', 'medium to uptempo', 'energetic']",train
country,C:\Users\user\Downloads\gnn_bert_music_context\data\processed\graphs\country\country.00051.pkl,C:\Users\user\Downloads\gnn_bert_music_context\data\processed\features\country\country.00051.npy,e57SBRbMXbI,"This piece of audio contains a modern pop song with drums, effects panned to left and right, a female voice singing with delay before changing into a totally different song that sounds more like a fast paced country song with a synthesizer- melody; acoustic drums and a banjo playing a fast melody along. This recording is also full of voice samples, a tiger or lion roaring, a telephone ringing. According to all these sounds and fast paced changes, it can be assumed that this recording is best played at a comedic television show for kids.","['pop/country', 'changing songs', 'electronic drums', 'banjo', 'female voice', 'comedic sound effects', 'background-noises', 'uptempo']",train
blues,C:\Users\user\Downloads\gnn_bert_music_context\data\processed\graphs\blues\blues.00050.pkl,C:\Users\user\Downloads\gnn_bert_music_context\data\processed\features\blues\blues.00050.npy,C7WAx3n57Hk,"This song contains acoustic drums holding a steady groove with a complex fill in at the end of the phrase. An e-bass and e-guitar are playing the same notes, just the e-guitar is strumming a chord. The male voice is singing loud and in a higher register. This song may be playing in a garage workshop.","['rock&roll/blues', 'e-guitar', 'e-bass', 'acoustic drums', 'male voice singing', 'higher register', 'uptempo']",train
country,C:\Users\user\Downloads\gnn_bert_music_context\data\processed\graphs\country\country.00096.pkl,C:\Users\user\Downloads\gnn_bert_music_context\data\processed\features\country\country.00096.npy,rfa-iUp5UQc,This is an intricate country guitar performance. The guitarist plays slide guitar. The playing is complex. There is a tambourine as a percussive element on every beat. It's a live recording.,"['country', 'country guitar', 'acoustic guitar', 'slide guitar', 'acoustic guitar arpeggio', 'tambourine', 'live recording', 'intricate guitar playing']",train
metal,C:\Users\user\Downloads\gnn_bert_music_context\data\processed\graphs\metal\metal.00059.pkl,C:\Users\user\Downloads\gnn_bert_music_context\data\processed\features\metal\metal.00059.npy,vy2gUzgmBzQ,"This goth metal song features a male voice singing the main melody. The voice is deep. Toward the end, there are other male voices singing vocables. This is accompanied by heavy percussion using a five-beat common time pattern played on floor toms with a shuffle note each note creating a triplet feel. The distortion guitars play heavy descending chord riffs using palm muting technique. The bass guitar plays the root notes of the chords. At the background, there is an high pitched sound played on a synth that gives this song an eerie feel. This song can be played at the end credits of a horror movie.","['heavy metal', 'goth metal', 'male voice', 'amateur recording', 'distortion guitars', 'heavy percussion', 'descending chords', 'synth backing', 'eerie']",train
pop,C:\Users\user\Downloads\gnn_bert_music_context\data\processed\graphs\pop\pop.00007.pkl,C:\Users\user\Downloads\gnn_bert_music_context\data\processed\features\pop\pop.00007.npy,HfBh3lZZi8Q,"This music is instrumental. The tempo is fast with a male vocalist, beat boxing rhythmically to the melody of a backup track. The audio quality is inferior but the music is upbeat, punchy, buoyant and youthful with a dance groove. This music is a Synth Pop/Electro Pop with beat boxing.","['instrumental', 'male singer', 'backup track', 'vigorous', 'enthusiastic', 'energetic', 'high spirited', 'dance pop', 'electro pop', 'dance music', 'club music', 'mimicking digital drums', 'fast tempo', 'beat boxing', 'vocal percussion', 'rhythmic', 'punchy', 'buoyant', 'groovy', 'home recording', 'home video', 'poor audio quality']",train
country,C:\Users\user\Downloads\gnn_bert_music_context\data\processed\graphs\country\country.00087.pkl,C:\Users\user\Downloads\gnn_bert_music_context\data\processed\features\country\country.00087.npy,SvsCM0fLM5g,This is a country music piece that is played in an instrument lesson recording. The steel guitar is playing a mellow tune while at the forefront while there is a backing composed of the acoustic guitar and the acoustic drums. There is a relaxing and psychedelic feel to the piece. This music could suit well in the soundtrack of a feelgood/comedy movie. It could also be playing in the background at a shopping mall.,"['country music', 'no singer', 'instrumental', 'steel guitar', 'mellow tune', 'acoustic guitar', 'acoustic drums', 'easygoing', 'calm', 'relaxing', 'psychedelic', 'trippy']",train
hiphop,C:\Users\user\Downloads\gnn_bert_music_context\data\processed\graphs\hiphop\hiphop.00005.pkl,C:\Users\user\Downloads\gnn_bert_music_context\data\processed\features\hiphop\hiphop.00005.npy,We-bFXFjWaM,"The low quality recording features a percussive shoe tapping over hip hop beat playing in the background. The beat consists of shimmering shakers, hard 808 bass and punchy snare. At one point the shoe tapper gets a little bit sloppy. It sounds a bit muffled, boomy and reverberant.","['low quality', 'hip hop', 'shimmering shakers', 'hard 808 bass', 'punchy snare', 'percussive shoe tapping', 'reverberant', 'muffled', 'boomy']",train
metal,C:\Users\user\Downloads\gnn_bert_music_context\data\processed\graphs\metal\metal.00014.pkl,C:\Users\user\Downloads\gnn_bert_music_context\data\processed\features\metal\metal.00014.npy,tEdeb9eSKDI,"A male singer sings this passionate melody. The song is medium tempo with an amplified guitar playing a distant rhythm with a percussive bass line. The song has ambient noises like rain pattering down, thunder rumble sounds and ambient noise. The sound quality is poor with hissing tones. The song is an amateur metal music video.","['male singer', 'bad audio quality', 'ambient noises', 'rumbling tones', 'amateur music video', 'no percussions', 'thunder noise', 'lightning', 'guitar accompaniment', 'groovy bass line', 'rain sounds', 'emotional metal song', 'angst', 'love song', 'passionate', 'disturbed mind', 'hurt', 'youthful', 'spirited']",train
jazz,C:\Users\user\Downloads\gnn_bert_music_context\data\processed\graphs\jazz\jazz.00029.pkl,C:\Users\user\Downloads\gnn_bert_music_context\data\processed\features\jazz\jazz.00029.npy,zYUZEXCE7gw,"The Latin Jazz song features an exotic, jazzy piano melody, plucked double bass, subtle hi hats and percussive wooden elements playing as the passionate female vocalist is singing. It sounds like it was recorded with stereo room microphones, since the vocal sounds a bit ""roomy"".","['latin jazz', 'low quality', 'passionate female vocal', 'exotic piano melody', 'subtle hi hats', 'percussive wooden elements', 'plucked double bass', 'reverberant']",train
jazz,C:\Users\user\Downloads\gnn_bert_music_context\data\processed\graphs\jazz\jazz.00046.pkl,C:\Users\user\Downloads\gnn_bert_music_context\data\processed\features\jazz\jazz.00046.npy,TcoRmHHHNgI,This song contains an acoustic drum playing a simple groove along with an upright bass. A piano is playing short chords along with the snare of the drums. Trumpets are playing a melody along with the male voices singing together in unison and other harmonies. In the background you can hear a synth string chord and plucks playing a little melody. This song may be playing in a theater while watching a musical.,"['jazz/hiphop', 'upright bass', 'synth strings', 'trumpets', 'piano', 'acoustic drums', 'male voices singing', 'mid-range', 'medium to uptempo']",train
metal,C:\Users\user\Downloads\gnn_bert_music_context\data\processed\graphs\metal\metal.00025.pkl,C:\Users\user\Downloads\gnn_bert_music_context\data\processed\features\metal\metal.00025.npy,Z19W44ZI15Q,"This is a home recording of two electric guitar players jamming some random rock/metal tunes. It is a dated amateur recording so the quality is quite poor. The electric guitars have a distortion effect that gives them a crunchy sound. The sound is hard-hitting, but the atmosphere feels spontaneous and random. Parts of this recording could be lifted as distorted electric guitar samples to be used in beat-making.","['jam', 'rehearsal', 'amateur recording', 'no singer', 'instrumental', 'distorted electric guitar', 'hard-hitting', 'crunchy', 'random']",train
hiphop,C:\Users\user\Downloads\gnn_bert_music_context\data\processed\graphs\hiphop\hiphop.00059.pkl,C:\Users\user\Downloads\gnn_bert_music_context\data\processed\features\hiphop\hiphop.00059.npy,hu6sChY-Yps,"The low quality recording features a DJ scratching the vinyl of a hip hop song that consists of punchy kick and snare, repetitive wooden percussive elements, shimmering hi hats and open hats and soft crash cymbals. It sounds manic, energetic and kind of muffled, since it was probably recorded with a poor quality microphone.","['low quality', 'dj scratching vinyl', 'hip hop', 'punchy snare', 'punchy kick', 'repetitive wooden percussive elements', 'shimmering hi hats', 'soft crash cymbal', 'muffled', 'energetic', 'manic']",train
blues,C:\Users\user\Downloads\gnn_bert_music_context\data\processed\graphs\blues\blues.00034.pkl,C:\Users\user\Downloads\gnn_bert_music_context\data\processed\features\blues\blues.00034.npy,QIjShFhrp6w,This is an instrumental blues music piece. A clean electric guitar is playing a groovy solo while the bass guitar plays in the background. The acoustic drums are playing a slow tempo blues beat. The piece has a relaxing atmosphere. It could be playing in the background at a rock bar. This piece could also be playing in the soundtrack of a romantic movie especially during flirting scenes.,"['blues', 'no singer', 'instrumental', 'clean electric guitar', 'guitar solo', 'bass guitar', 'acoustic drums', 'groovy', 'chill', 'relaxing', 'easygoing', 'slow tempo']",train
disco,C:\Users\user\Downloads\gnn_bert_music_context\data\processed\graphs\disco\disco.00004.pkl,C:\Users\user\Downloads\gnn_bert_music_context\data\processed\features\disco\disco.00004.npy,9PMoI31ncIs,This is a house music piece. There is a synth with a crisp sound playing the melody while a lot of turntable scratches can be heard in the background. An electronic drum beat with lots of snare beat repeat sounds provide the rhythm. The atmosphere is energetic and upbeat. This piece could be played at nightclubs or dance clubs.,"['house', 'disco music', 'no singer', 'electronic', 'synth', 'turntable', 'electronic drums', 'energetic', 'dance', 'upbeat', 'club music']",train
pop,C:\Users\user\Downloads\gnn_bert_music_context\data\processed\graphs\pop\pop.00057.pkl,C:\Users\user\Downloads\gnn_bert_music_context\data\processed\features\pop\pop.00057.npy,MzUgHy7SyS8,"A male vocalist sings this perky pop song. His tempo is medium fast with punchy drumming; animated amplified piano accompaniment, tambourine beats and funky bass lines. The song is simple, peppy, engaging, energetic, story telling, and catchy. This song is Classic Pop/ Soft Rock.","['male singer', 'medium  fast tempo', 'amplified piano', 'tambourine beats', 'punchy drumming', 'boomy bass lines', 'buoyant', 'punchy', 'perky', 'energetic', 'youthfull', 'shakers', 'simple melody', 'catchy', 'rock', 'pop rock', 'soft rock']",train
pop,C:\Users\user\Downloads\gnn_bert_music_context\data\processed\graphs\pop\pop.00080.pkl,C:\Users\user\Downloads\gnn_bert_music_context\data\processed\features\pop\pop.00080.npy,Jq2w30NYstQ,"A male singer sings this poignant love song. The song is medium tempo with a steady drumming rhythm, strong bass line, keyboard accompaniment, guitar accompaniment and percussion hits. The song is emotional and romantic. The song audio quality is bad.","['male singer', 'classic rock', 'pop song', 'bad audio quality', 'medium tempo', 'string bass line', 'guitar accompaniment', 'piano accompaniment', 'keybiard accompaniment', 'steady drumming rhythm', 'emotional', 'passionate', 'groovy rhythm', 'new age', 'romantic song', 'sadness', 'realisation', 'modern pop songs', 'love songs']",train
jazz,C:\Users\user\Downloads\gnn_bert_music_context\data\processed\graphs\jazz\jazz.00024.pkl,C:\Users\user\Downloads\gnn_bert_music_context\data\processed\features\jazz\jazz.00024.npy,50fuQm8B2Yg,This jazz song features a saxophone playing the main melody. This is accompanied by percussion playing a jazz beat. A piano plays jazz chords. The double bass plays the root notes with flourishes and fills. This song is the outro of a song and abruptly pauses. The mood of this song is happy. There are no voices in this song. This is an instrumental song. This song can be played in a luxury bar.,"['jazz song', 'saxophone', 'piano', 'percussion', 'double bass', 'no voice', 'instrumental', 'upbeat', 'moderate tempo', 'outro']",train
country,C:\Users\user\Downloads\gnn_bert_music_context\data\processed\graphs\country\country.00049.pkl,C:\Users\user\Downloads\gnn_bert_music_context\data\processed\features\country\country.00049.npy,WeDA1mDFSCo,This country rock song features a male voice singing at a high pitch. This is accompanied by percussion playing a simple beat. A guitar strums chords. The bass guitar plays the root notes of the chords. The mood of this song is romantic. This song can be played in a romantic movie.,"['country rock', 'male voice', 'moderate tempo', 'bass guitar', 'electric guitar', 'simple percussion', 'romantic mood']",train
blues,C:\Users\user\Downloads\gnn_bert_music_context\data\processed\graphs\blues\blues.00041.pkl,C:\Users\user\Downloads\gnn_bert_music_context\data\processed\features\blues\blues.00041.npy,07xGXxIHOL4,"A male vocalist sings this soft love song. The tempo is slow with a romantic piano accompaniment, groovy bass line, steady drumming and ambient saxophone harmony. The song is a romantic, emotional, mellow, sentimental, proposal or wedding song. This song is a R&B/Soul song.","['male singer', 'slow tempo', 'romantic piano', 'ambient music', 'saxophone harmony', 'steady drumming', 'groovy bass line', 'r&b', 'soul', 'blues', 'jazz', 'complex harmony', 'syncopated', 'pleasant', 'romantic', 'emotional', 'sentimental', 'love song', 'wedding song', 'proposal song']",train
country,C:\Users\user\Downloads\gnn_bert_music_context\data\processed\graphs\country\country.00004.pkl,C:\Users\user\Downloads\gnn_bert_music_context\data\processed\features\country\country.00004.npy,ymGg5TA2YfM,This is a country/western swing music piece. There is a male vocalist singing melodically in the lead with a story-telling attitude. The main tune is being played by the electric guitar with a bass guitar backing. The rhythm is being played by the acoustic drums. The atmosphere is easygoing. This piece could be playing in the background at an American roadside diner.,"['country music', 'western swing', 'male vocal', 'melodic singing', 'story-telling mood', 'electric guitar', 'bass guitar', 'acoustic drums', 'easygoing', 'groovy']",train
blues,C:\Users\user\Downloads\gnn_bert_music_context\data\processed\graphs\blues\blues.00010.pkl,C:\Users\user\Downloads\gnn_bert_music_context\data\processed\features\blues\blues.00010.npy,Ypuv3htJlpg,This is an amateur recording of a harmonica solo being performed over a blues/rock-n-roll music piece. The piece is instrumental. The harmonica plays a melodic solo in the style of blues. The backing track consists of the electric guitar and the bass guitar playing a simple tune while the medium tempo acoustic drums are playing a basic blues rock beat. The atmosphere is easygoing. This piece could be playing from the radio during a road trip in a movie.,"['amateur recording', 'blues', 'rock-n-roll', 'instrumental', 'harmonica solo', 'backing track', 'electric guitar', 'bass guitar', 'acoustic drums', 'easygoing']",train
hiphop,C:\Users\user\Downloads\gnn_bert_music_context\data\processed\graphs\hiphop\hiphop.00050.pkl,C:\Users\user\Downloads\gnn_bert_music_context\data\processed\features\hiphop\hiphop.00050.npy,GwTXkfuc5v8,"A male vocalist sings this HIp-hop. The tempo is medium with subdued keyboard accompaniment, slick drumming, boomy bass drops, synthesised arrangements and vocal backup. The song is youthful; enthusiastic, passionate, insistent, repetitive,  groovy,rhythmic chanting with a dance groove. This song is Contemporary Hip-Hop/Rap.","['male vocalist', 'medium tempo', 'rap', 'raper', 'vocal riff', 'reverb', 'syncopated background harmony', 'hip-hop', 'pop rap', 'rhythmic patter', 'boomy bass lines', 'slick drumming', 'drum machine', 'digital drums', 'rhythmic', 'chanting', 'repetitive', 'passionate', 'insistent', 'keyboard accompaniment', 'synthesiser arrangements', 'electronic music', 'groovy', 'dance music', 'trap', 'trippy', 'youthful', 'female vocal backup']",train
jazz,C:\Users\user\Downloads\gnn_bert_music_context\data\processed\graphs\jazz\jazz.00086.pkl,C:\Users\user\Downloads\gnn_bert_music_context\data\processed\features\jazz\jazz.00086.npy,qm8sJxsZ5VY,"The song is an instrumental. The song has ambient room noises like hair trimming tones and funny tones. The song has slick drumming rhythm, groovy bass line, guitar rhythm and keyboard accompaniment. The song is groovy and funny. The song is a soundtrack for a funny prank video.","['funky jazz music', 'instrumental music', 'medium tempo', 'funny pranks', 'medium tempo', 'youtube funny videos', 'just for laughs', 'funny video soundtrack', 'funny tones', 'guitar strumming', 'funk jazz hits', 'energising', 'emotional', 'spirited', 'groove', 'trimmer tones', 'groovy bass line', 'keyboard accompaniment', 'slick drumming rhythm']",train
pop,C:\Users\user\Downloads\gnn_bert_music_context\data\processed\graphs\pop\pop.00033.pkl,C:\Users\user\Downloads\gnn_bert_music_context\data\processed\features\pop\pop.00033.npy,JDrnf3vldLw,This song contains an acoustic drum playing a kick and snare together on every beat along with a tambourine shaker. An e-bass is playing a distorted bassline. Two e-guitars are playing a modified melody on top of that. A female and male voice are singing together creating harmony. This song may be playing in a live concert.,"['rock/pop', 'e-bass', 'e-guitar', 'acoustic drums', 'tambourine', 'male and female singer', 'medium to uptempo']",train
hiphop,C:\Users\user\Downloads\gnn_bert_music_context\data\processed\graphs\hiphop\hiphop.00073.pkl,C:\Users\user\Downloads\gnn_bert_music_context\data\processed\features\hiphop\hiphop.00073.npy,-dVgUSrR8g4,"This song is a vigorous metal instrumental. The tempo is fast with intense drumming,  fiery electric guitar riff, amplified guitar rhythms and energetic keyboard accompaniment. The music is energetic, aggressive, youthful, spirited, goth, intense,psychedelic and trance like. This instrumental is Hard Rock/Metal.","['intense', 'vigorous', 'loud electric guitar feedback', 'intense', 'psychedelic', 'trap', 'trance', 'hard rock', 'enthusiastic', 'energetic', 'spirited', 'hyper', 'fast tempo', 'goth rock', 'heavy  metal', 'amplified guitar', 'intense drumming', 'chattering sounds', 'scratching', 'screeching', 'vigorous keyboard']",train
hiphop,C:\Users\user\Downloads\gnn_bert_music_context\data\processed\graphs\hiphop\hiphop.00001.pkl,C:\Users\user\Downloads\gnn_bert_music_context\data\processed\features\hiphop\hiphop.00001.npy,3sRO6iwfUxo,A digital drum is playing a simple groove along with a melodic short sample. A saxophone sample is playing a long note in the background. A male voice is rapping with a lot of energetic/aggressive energy. In the background you can hear a male voice shouting for a moment. This song may be playing in a car.,"['rap', 'aggressive male voice', 'saxophone sample', 'melodic samples', 'digital drums', 'slow tempo']",train
disco,C:\Users\user\Downloads\gnn_bert_music_context\data\processed\graphs\disco\disco.00090.pkl,C:\Users\user\Downloads\gnn_bert_music_context\data\processed\features\disco\disco.00090.npy,4a1a-lmDVaY,This funk song features a male voice singing the main melody. Other voices sing backing vocals in harmony. A saxophone plays a repetitive melody. This is accompanied by percussion playing a funk beat. The bass plays a funky bassline. A guitar plays muted chords using a tron effect. This song is upbeat and has a happy mood. This song can be played at a retro style disco.,"['funk song', 'male voice', 'backing voices', 'tambourine', 'saxophone', 'percussion', 'guitar', 'funk bass', 'moderate tempo', 'upbeat', 'repetitive melody', 'guitar tron effect']",train
disco,C:\Users\user\Downloads\gnn_bert_music_context\data\processed\graphs\disco\disco.00077.pkl,C:\Users\user\Downloads\gnn_bert_music_context\data\processed\features\disco\disco.00077.npy,Kt2MwCHV3Ko,This techno song features a female voice singing the main melody. This is accompanied by programmed percussion playing a techno beat. The kick is played at every count. The hi-hi-hat is played on every 'and' of the count. The bass plays a disco pattern using the root notes of the chords being played. Synth bursts are played in between lines. This song can be played in a club. The audio quality is low.,"['low quality audio', 'techno dance song', 'female voice', 'moderate tempo', 'programmed percussion', 'bass', 'synth bursts']",train
disco,C:\Users\user\Downloads\gnn_bert_music_context\data\processed\graphs\disco\disco.00039.pkl,C:\Users\user\Downloads\gnn_bert_music_context\data\processed\features\disco\disco.00039.npy,5LX2Unga1p4,"A digital drum with a strong snare that sounds like a slap is playing along with an e-bass that is being slapped, playing a funky bassline. A e-guitar is strumming two funky chords along. A female voice is rapping with a lot of confidence in the attitude and then another female voice is singing accompanied by female backing voices. The file is of poorer audio-quality. This song may be playing in a disco.","['soul/r&b/rap/pop', 'e-guitar', 'digital drums', 'slapped e-bass', 'female voice singing', 'backing vocals', 'medium tempo', 'upbeat', 'amateur recording']",train
classical,C:\Users\user\Downloads\gnn_bert_music_context\data\processed\graphs\classical\classical.00096.pkl,C:\Users\user\Downloads\gnn_bert_music_context\data\processed\features\classical\classical.00096.npy,v5SsASLy2c8,This audio contains people playing saxophones in all ranges and with a fast melody. This song may be playing as part of an orchestral performance.,"['amateur recording', 'orchestral', 'saxophones', 'fast tempo', 'classical']",train
disco,C:\Users\user\Downloads\gnn_bert_music_context\data\processed\graphs\disco\disco.00079.pkl,C:\Users\user\Downloads\gnn_bert_music_context\data\processed\features\disco\disco.00079.npy,1a_nvi4sW64,"The low quality recording features a disco song that consists of passionate female vocals and wide harmonizing female vocals singing over funky bass guitar, mellow synth keys chords, funky electric guitar chords, shimmering hi hats, clapping and ""4 on the floor"" kick pattern. It sounds funky and energetic, but also thin and hollow, due to the bad mixing.","['low quality', 'funky bass guitar', 'disco', 'passionate echoing female vocal', 'wide harmonizing female vocals', 'funky electric guitar chords', 'mellow synth keys chords', 'energetic', 'shimmering hi hats', 'clapping', 'thin', 'hollow', '4 on the floor kick pattern']",train
reggae,C:\Users\user\Downloads\gnn_bert_music_context\data\processed\graphs\reggae\reggae.00078.pkl,C:\Users\user\Downloads\gnn_bert_music_context\data\processed\features\reggae\reggae.00078.npy,ZM0imDMXuw8,An acoustic drum is playing a groove that is not strongly connected to reggae rhythm. A e-bass and piano-keys are bringing the typical reggae backbeat while another synth sound is playing short plucks as a melody. The male voice is singing in a reggae-fashion and in a higher key. In the background you can hear a big organ sound coming in and playing along with the melody. The elements are spread along the speakers. This song may be playing with speakers riding on your bike.,"['reggae', 'acoustic drums', 'e-bass', 'keys', 'synth pluck sound', 'organ', 'male voices singing', 'higher register', 'medium tempo', 'uplifting energy']",train
blues,C:\Users\user\Downloads\gnn_bert_music_context\data\processed\graphs\blues\blues.00089.pkl,C:\Users\user\Downloads\gnn_bert_music_context\data\processed\features\blues\blues.00089.npy,40i3_JH6FYw,This is a recording of an instrumental jam. There is a blues type solo being performed on an overdriven electric guitar. The guitar has an 80s sound. This recording could be sampled for use in beat-making or as an advertisement jingle.,"['jam', 'instrumental', 'single instrument', 'overdriven electric guitar', 'guitar solo', '80s sound', 'blues']",train
blues,C:\Users\user\Downloads\gnn_bert_music_context\data\processed\graphs\blues\blues.00013.pkl,C:\Users\user\Downloads\gnn_bert_music_context\data\processed\features\blues\blues.00013.npy,XUD-9HkQuTE,"A female singer sings this soulful song. The song is slow tempo with piano accompaniment, strong bass line and groovy jazz drumming. The song is soulful and emotional. The song is a blues jazz song.","['female singer', 'soul music', 'jazz music', 'blues music', 'jazz and blues', 'slow tempo', 'black gospel music influences', 'special someone', 'dream of you', 'missing you', 'percussive bass line', 'jazz drumming rhythm', 'piano accompaniment', 'emotional', 'love song', 'story telling', 'love you so badly', 'together forever']",train
disco,C:\Users\user\Downloads\gnn_bert_music_context\data\processed\graphs\disco\disco.00056.pkl,C:\Users\user\Downloads\gnn_bert_music_context\data\processed\features\disco\disco.00056.npy,LfvdxSBCtFE,This is an 80s electronic music piece. The rhythmic background consists of a disco electronic drum beat with frequent tom fills. There is a keyboard playing the main tune while a bass and an evolving synth are in the background. The atmosphere of this piece is groovy. This piece could be used at retro-themed nightclubs and parties. It could also be used in the soundtrack of an 80s movie or a TV show.,"['electronic', 'jazz-funk', 'disco', 'electronic drums', 'keyboards', 'bass', 'evolving', '80s', 'danceable', 'groovy', 'retro', 'old-fashioned']",train
metal,C:\Users\user\Downloads\gnn_bert_music_context\data\processed\graphs\metal\metal.00020.pkl,C:\Users\user\Downloads\gnn_bert_music_context\data\processed\features\metal\metal.00020.npy,M2iOUwFHv9Q,"A male vocalist sings this aggressive song. The tempo is medium fast with electronic music; vigorous drumming, cymbal ride; synthesiser arrangements, distorted menacing vocals and electronic music. The song is angry, aggressive, sinister, menacing, spine-chilling and chaotic. This song is a Goth Rock/Hard Metal song.","['instrumental', 'medium fast tempo', 'booming sounds', 'chaotic', 'cunfusion', 'intense', 'anger', 'threatening', 'goth rock', 'electronic instrumentation', 'synthesiser arrangements', 'vigorous drumming', 'sound of guns', 'distorted voice', 'sinister', 'eerie', 'goth', 'aggressive', 'syncopated melody', 'chaotic', 'confusion', 'video game music', 'electro pop', 'electro rock', 'cymbal rides']",train
reggae,C:\Users\user\Downloads\gnn_bert_music_context\data\processed\graphs\reggae\reggae.00093.pkl,C:\Users\user\Downloads\gnn_bert_music_context\data\processed\features\reggae\reggae.00093.npy,r5xTmK2Fq1w,"The low quality recording features a reggae song that consists of flat male vocals, alongside filtered, echoing male vocal and doubling background vocals, singing over punchy kick and snare hits, energetic crash cymbals, tinny wooden percussions, groovy bass and synth keys chords. It sounds energetic, as it is upbeat and addictive, thanks to the cadence.","['low quality', 'reggae', 'upbeat', 'synth keys chords', 'punchy snare', 'punchy kick', 'tinny wooden percussions', 'filtered echoing male vocal', 'flat male vocal', 'doubling background male vocal', 'groovy bass', 'energetic crash cymbal', 'echoing pitch bend riser', 'energetic', 'addictive']",train
jazz,C:\Users\user\Downloads\gnn_bert_music_context\data\processed\graphs\jazz\jazz.00002.pkl,C:\Users\user\Downloads\gnn_bert_music_context\data\processed\features\jazz\jazz.00002.npy,ESbtW0CUmp4,This audio contains someone playing a gospel/jazz melody when a very loud drum comes in with a fill-in on the toms. This is an amateur recording and of poor audio-quality. This song may be playing in a gospel church.,"['amateur recording', 'gospel', 'piano', 'drums', 'jazzy', 'slower to medium tempo']",train
hiphop,C:\Users\user\Downloads\gnn_bert_music_context\data\processed\graphs\hiphop\hiphop.00080.pkl,C:\Users\user\Downloads\gnn_bert_music_context\data\processed\features\hiphop\hiphop.00080.npy,jtwRKyQ8-lg,This is a hip-hop/dancehall music piece. There is a repeating female vocal sample in the lead. The piano is playing the chords of the song. There is a groovy bass guitar in the background. The rhythm is provided by an acoustic drum beat with a lot of rhythmic sound effects applied to give it more of a swing feel. The atmosphere of the piece is chill and urban. This piece could be the opening theme of a sit-com taking place in the big city.,"['hip-hop', 'dancehall', 'female vocal sample', 'piano', 'bass guitar', 'acoustic drums', 'rhythmic effects', 'chill', 'groovy', 'urban']",train
country,C:\Users\user\Downloads\gnn_bert_music_context\data\processed\graphs\country\country.00012.pkl,C:\Users\user\Downloads\gnn_bert_music_context\data\processed\features\country\country.00012.npy,9jeEfi6nDak,"This music sounds oriental full of semitones and quarter-notes that are used in oriental music. A violin is playing a melody along with the keyboard player also playing a stringsound. Another string instrument is playing along while fast paced, pitched percussion is playing a rhythm with a lot of fill-ins. This song may be played at a live concert or an cultural event representing a country or area of this country.","['oriental', 'string instrument/violin', 'keyboard stringsound', 'tabla', 'percussion', 'uptempo', 'very poor recording quality']",train
classical,C:\Users\user\Downloads\gnn_bert_music_context\data\processed\graphs\classical\classical.00014.pkl,C:\Users\user\Downloads\gnn_bert_music_context\data\processed\features\classical\classical.00014.npy,j0FynYzQvcM,"This music clip is an instrumental. The tempo is slow with a  violin playing sharp ,sudden notes. The scale change is random with no harmony or melody. This music sounds like a violin being tuned.","['instrumental', 'slow tempo', 'violin harmony', 'random notes', 'no harmony', 'no melody', 'no other instrument', 'sharp sounds', 'loud', 'violin lead', 'sharp sudden sounds', 'high pitched', 'resounding', 'bowed string instrument', 'string instrument', 'violin tuning', 'instrument tuning', 'western classical instrument']",train
country,C:\Users\user\Downloads\gnn_bert_music_context\data\processed\graphs\country\country.00007.pkl,C:\Users\user\Downloads\gnn_bert_music_context\data\processed\features\country\country.00007.npy,wT2Y0DCq5LI,"This is an American folk music piece. There is a male vocal singing melodically as the lead and there is a male back vocal accompanying the lead in different harmonies. The melody is composed of a rich amalgam of chordophones such as the fiddle, the acoustic guitar, the bass guitar and the banjo. The atmosphere is easygoing but melancholic. This piece could be playing in the background at an American diner or a pub. It could also work well in the soundtrack of a movie taking place in rural USA.","['american folk music', 'country', 'male vocal', 'male back vocal', 'folk singing', 'fiddle', 'acoustic guitar', 'banjo', 'bass guitar', 'cozy', 'easygoing', 'melancholic', 'slow tempo']",train
classical,C:\Users\user\Downloads\gnn_bert_music_context\data\processed\graphs\classical\classical.00068.pkl,C:\Users\user\Downloads\gnn_bert_music_context\data\processed\features\classical\classical.00068.npy,_MjbdUaJcik,"The song is an instrumental. The tempo is medium with a brass section including trumpets, trombones and tubas playing in an instrumental harmony. The song is emotional and spirited. The song is western classical music piece.","['brass band', 'trumpets', 'tuba', 'trombones', 'western classical music', 'philharmonic orchestra', 'song fade', 'song ending', 'triumphant', 'trumpets blaring', 'instrumental music', 'groovy', 'movie soundtrack', 'live concert', 'live audience', 'conductor', 'composer', 'medium tempo']",train
pop,C:\Users\user\Downloads\gnn_bert_music_context\data\processed\graphs\pop\pop.00028.pkl,C:\Users\user\Downloads\gnn_bert_music_context\data\processed\features\pop\pop.00028.npy,kka6zUtE3h8,"This is a pop soul/modern r&b piece that is sung by a mellow male vocal in medium pitch. The main tune is played by the acoustic guitar with the bass guitar and the ambient synth supporting the melody in the background. There is a calm and simple acoustic drum beat in the rhythmic background. The song is played on a major scale giving it a positive, optimistic atmosphere. This piece could be used in a romantic setting. It could also be playing in the background of a coffee house or a bookstore.","['pop soul', 'modern r&b', 'male vocal', 'mellow singing', 'acoustic guitar', 'ambient synth', 'bass guitar', 'acoustic drums', 'friendly', 'easygoing', 'calm']",train
country,C:\Users\user\Downloads\gnn_bert_music_context\data\processed\graphs\country\country.00059.pkl,C:\Users\user\Downloads\gnn_bert_music_context\data\processed\features\country\country.00059.npy,NxpnW_IdkSY,The low quality recording features a live performance of a country melody on an acoustic rhythm guitar. There are some camera shuttering and beeping sounds in the background.,"['low quality', 'camera shuttering sounds', 'acoustic rhythm guitar', 'noisy', 'country melody', 'camera beeping sounds']",train
pop,C:\Users\user\Downloads\gnn_bert_music_context\data\processed\graphs\pop\pop.00034.pkl,C:\Users\user\Downloads\gnn_bert_music_context\data\processed\features\pop\pop.00034.npy,kka6zUtE3h8,"This is a pop soul/modern r&b piece that is sung by a mellow male vocal in medium pitch. The main tune is played by the acoustic guitar with the bass guitar and the ambient synth supporting the melody in the background. There is a calm and simple acoustic drum beat in the rhythmic background. The song is played on a major scale giving it a positive, optimistic atmosphere. This piece could be used in a romantic setting. It could also be playing in the background of a coffee house or a bookstore.","['pop soul', 'modern r&b', 'male vocal', 'mellow singing', 'acoustic guitar', 'ambient synth', 'bass guitar', 'acoustic drums', 'friendly', 'easygoing', 'calm']",train
blues,C:\Users\user\Downloads\gnn_bert_music_context\data\processed\graphs\blues\blues.00080.pkl,C:\Users\user\Downloads\gnn_bert_music_context\data\processed\features\blues\blues.00080.npy,ouVuF-y8bog,"This music is an electric guitar instrumental. The tempo is medium with a smooth electric guitar lead harmony. The music is clear, emphatic, smooth, groovy, youthful, crisp, edgy and dominant.","['instrumental', 'electric guitars', 'medium tempo', 'demonstration', 'tutorial', 'learning electric', 'electric guitar lesson', 'clear', 'loud', 'powerful', 'empahtic', 'amplified guitar', 'electric guitar', 'stringed instrument', 'loud feed back', 'blues', 'rock', 'jazz', 'resonating', 'reverb', 'youthful', 'groovy', 'catchy riff', 'smooth', 'electric guitar lead', 'electric guitar solo', 'dense', 'rich', 'crisp', 'edgy']",train
hiphop,C:\Users\user\Downloads\gnn_bert_music_context\data\processed\graphs\hiphop\hiphop.00065.pkl,C:\Users\user\Downloads\gnn_bert_music_context\data\processed\features\hiphop\hiphop.00065.npy,WmTDKYYH5OU,"The low quality recording features a flat male vocal rapping over sustained strings melody, punchy kick, mellow snare, groovy bass and some commentary that can be heard in the background. It sounds emotional, energetic and the recording is noisy.","['low quality', 'sustained strings', 'flat male vocal', 'punchy kick', 'mellow snare', 'groovy bass', 'commentary', 'noisy', 'emotional', 'energetic']",train
blues,C:\Users\user\Downloads\gnn_bert_music_context\data\processed\graphs\blues\blues.00000.pkl,C:\Users\user\Downloads\gnn_bert_music_context\data\processed\features\blues\blues.00000.npy,B90BOtSOD2Q,A female singer sings this bluesy melody. The song is medium tempo with minimal guitar accompaniment and no other instrumentation. The song's medium tempo is very emotional and passionate. The song is a modern pop hit but with poor audio quality.,"['female singer', 'blues music', 'live audience', 'romantic', 'hissing ambient sound', 'madly in love', 'love song', 'passionate', 'ambient crowd noise', 'guitar playing', 'singer talking', 'song introduction', 'blues turnaround', 'fret noise', 'pop song', 'pop super hits', 'pop diva', 'poor audio quality', 'guitar notes playing', 'live performance', 'lilting vocals', 'soul singer', 'soul music']",train
country,C:\Users\user\Downloads\gnn_bert_music_context\data\processed\graphs\country\country.00009.pkl,C:\Users\user\Downloads\gnn_bert_music_context\data\processed\features\country\country.00009.npy,6C0HoQe4Y-Y,"A child singer sings this passionate Latin melody. The song is slow tempo with steady drumming, tambourine percussions, a strong bass line and brass instruments playing countermelody. The song is spirited and passionate. The song has poor audio quality and has ambient crowd noises.","['child singer', 'latin music', 'ambient crowd noise', 'steady bass line', 'cymbals crashing', 'people talking', 'trumpets blaring', 'school concert', 'latin folk music', 'latin folk music', 'traditional', 'cowboys', 'latin country music', 'yodelling music', 'spirited', 'passionate', 'romantic', 'emotional', 'brass instruments harmony', 'slow tempo', 'latin brass band']",train
blues,C:\Users\user\Downloads\gnn_bert_music_context\data\processed\graphs\blues\blues.00043.pkl,C:\Users\user\Downloads\gnn_bert_music_context\data\processed\features\blues\blues.00043.npy,4sD0Bvt3FKk,A blues rock song is being played. Containing drums that are playing a simple groove along with a blues bassline that is supported by an e-guitar playing the same melody. So does a piano just in a higher pitch adding harmony. The female voices are singing together. Then an e-guitar starts playing a little solo-melody. There are some airy background noises that seem not to belong to the recording. This song may be playing at a local car workshop.,"['country/blues/rock', 'female voices singing', 'e-guitar', 'acoustic drums', 'piano', 'b ackground noises', 'e-bass', 'medium tempo']",train
disco,C:\Users\user\Downloads\gnn_bert_music_context\data\processed\graphs\disco\disco.00096.pkl,C:\Users\user\Downloads\gnn_bert_music_context\data\processed\features\disco\disco.00096.npy,l6LUPlmua6I,This is a funk/disco music piece. There is a male vocalist singing melodically in the lead. The melody is being played by the keyboard with the backing of the electric guitar and the bass guitar. The rhythm is being played by the acoustic drums. The atmosphere is groovy. This piece could be played at a retro-themed party at a dance club.,"['funk', 'disco', 'male vocal', 'melodic singing', 'keyboard', 'electric guitar', 'bass guitar', 'acoustic drums', 'groovy', 'easygoing', 'danceable']",train
rock,C:\Users\user\Downloads\gnn_bert_music_context\data\processed\graphs\rock\rock.00039.pkl,C:\Users\user\Downloads\gnn_bert_music_context\data\processed\features\rock\rock.00039.npy,OZjpYGdvMX0,Someone is playing a slightly distorted e-guitar. A funky riff is being played and repeated. The audio-quality is not the best. This is an amateur recording.,"['rock&roll/funk', 'e-guitar', 'amateur recording', 'uptempo']",train
classical,C:\Users\user\Downloads\gnn_bert_music_context\data\processed\graphs\classical\classical.00083.pkl,C:\Users\user\Downloads\gnn_bert_music_context\data\processed\features\classical\classical.00083.npy,Q6dVti1YVwM,"Vintage south Asian Bollywood music featuring sitar and an orchestral string melody which uses a pentatonic scale. The song follows a waltz rhythm, using three beats to the measure.","['waltz', 'orchestral string melody', 'sitar', 'vintage', 'bollywood', 'pentatonic melody', 'exotic', 'south asian']",train
metal,C:\Users\user\Downloads\gnn_bert_music_context\data\processed\graphs\metal\metal.00080.pkl,C:\Users\user\Downloads\gnn_bert_music_context\data\processed\features\metal\metal.00080.npy,Xf0aZ3a3Toc,"ambient space sounds that are a cold and desolate feeling. Metallic screeching, whooshing distant bells ringing, lots of reverb and a long synthesizer filter sweep. Good for a science fiction film.","['ambient', 'sci-fi', 'space sounds', 'screeching', 'metallic', 'synthesizer filter sweep', 'instrumental', 'cold', 'desolate', 'dissonant', 'reverb', 'wooshing']",train
pop,C:\Users\user\Downloads\gnn_bert_music_context\data\processed\graphs\pop\pop.00021.pkl,C:\Users\user\Downloads\gnn_bert_music_context\data\processed\features\pop\pop.00021.npy,kZBFQAQI7Pg,"A male vocalist sings this energetic song. The tempo is fast with boomy bass lines, steady drumming, keyboard harmony and enthusiastic electric guitar riff with vocal backup. The audio quality is very bad and the song is muffled and muddy. This song is a live performance with ambient sounds of people clapping and cheering.","['male vocalist', 'fast tempo', 'boomy bass', 'enthusiastic', 'insistent', 'recurring vocal riff', 'youthful', 'engaging', 'enthusiastic', 'classic pop', 'electric guitar riff', 'female vocal backup', 'steady drumming', 'incoherent music', 'inferior audio quality', 'muddled sounds', 'live performance', 'concert', 'amateur recording', 'keyboard accompaniment']",train
hiphop,C:\Users\user\Downloads\gnn_bert_music_context\data\processed\graphs\hiphop\hiphop.00095.pkl,C:\Users\user\Downloads\gnn_bert_music_context\data\processed\features\hiphop\hiphop.00095.npy,2kcSUBkFbaQ,"The Low Quality Hip Hop song features a dry, flat male vocal rapping over punchy kick layered with shimmering open hats, punchy kick, simple hi hats, claps, syncopated snare hits, wide arpeggiated synth melody and stuttering synth chords. It sounds energetic and kind of unnatural, since the vocal is so detached from the instrumental due to the bad mixing of the song.","['low quality', 'dry flat male vocal', 'punchy kick', 'shimmering open hat', 'simple hi hats', 'soft crash cymbal', 'stuttering synth chords', 'wide arpeggiated synth melody', 'clapping', 'hip hop', 'unnatural mix', 'energetic']",train
disco,C:\Users\user\Downloads\gnn_bert_music_context\data\processed\graphs\disco\disco.00045.pkl,C:\Users\user\Downloads\gnn_bert_music_context\data\processed\features\disco\disco.00045.npy,7Msk_hkz6zk,"This song is a spirited duet in foreign language . The tempo is fast with male and female vocals, animated digital drums and synthesiser arrangement . The song is upbeat, catchy, engaging, punchy, buoyant and has a nice dance groove. This music is contemporary Regional Pop.","['duet', 'female singer', 'male singer', 'foreign language', 'contemporary folk', 'punchy', 'peppy', 'youthful', 'dance groove', 'disco pop', 'buoyant', 'punchy', 'regional pop', 'synthesiser arrangement', 'drum kit', 'digital drumming', 'upbeat', 'contemporary', 'groovy rhtyhm', 'youthful', 'energetic', 'electronic music', 'regional pop', 'disco pop', 'world music']",train
metal,C:\Users\user\Downloads\gnn_bert_music_context\data\processed\graphs\metal\metal.00088.pkl,C:\Users\user\Downloads\gnn_bert_music_context\data\processed\features\metal\metal.00088.npy,45iNSkfzOwM,"The song is an instrumental. The tempo is medium with a piano accompaniment, music box tones and percussion tones with a metal grinding instrument making noise. The song is tense and anticipatory. The song is a soundtrack for a documentary film.","['instrumental music', 'medium tempo', 'grinding tool', 'documentary soundtrack', 'glass friction sounds', 'piano accompaniment', 'music box tones', 'steady bass line', 'emotional', 'delicate', 'documentary soundtrack', 'ambient factory noise', 'tense', 'positive', 'fruitful', 'positive', 'sensitive']",train
disco,C:\Users\user\Downloads\gnn_bert_music_context\data\processed\graphs\disco\disco.00014.pkl,C:\Users\user\Downloads\gnn_bert_music_context\data\processed\features\disco\disco.00014.npy,iS-iTbHndw8,A female singer sings this passionate melody with backup singers in vocal harmony. The tempo is medium and gradually slows down towards the end. The drumming rhythm is steady and retards to the end with a percussive bass line and keyboard accompaniment. The song is a retro disco or R&B love song. The song has poor audio quality.,"['female singer', 'disco music', 'song retarding', 'bad audio quality', 'slowing down', 'backup singers', 'falsetto', 'vocal harmony', 'steady drumming', 'groovy bass line', 'piano accompaniment', 'guitar rhythm', 'tambourine percussions', 'cymbals crashing', 'retro pop song', 'retro hits', 'emotional', 'love song', 'passionate', 'together forever', 'disco romance hits', 'marry me']",train
pop,C:\Users\user\Downloads\gnn_bert_music_context\data\processed\graphs\pop\pop.00069.pkl,C:\Users\user\Downloads\gnn_bert_music_context\data\processed\features\pop\pop.00069.npy,WditOomsdRU,"This is a soothing folk pop piece. We hear a violin and a harp as the leading melodic instruments, and the cello and piano as backing. The song is airy and the vocalist has a light and ethereal voice.","['calming folk pop', 'cello', 'piano', 'harp', 'soothing violin', 'light ethereal female vocals', 'airy', 'gentle']",train
blues,C:\Users\user\Downloads\gnn_bert_music_context\data\processed\graphs\blues\blues.00062.pkl,C:\Users\user\Downloads\gnn_bert_music_context\data\processed\features\blues\blues.00062.npy,oh5XmtSAOuM,"The low quality recording features a blues song that consists of throaty male vocals, alongside harmonizing male vocals, singing over electric guitar melody, brass melody, shimmering hi hats, punchy snare and kick hits and walking double bass. It is a bit noisy and it sounds funky, groovy, happy, fun and vintage - like something you would want to dance to.","['low quality', 'noisy', 'brass melody', 'electric guitar melody', 'shimmering hi hats', 'punchy snare', 'punchy kick', 'throaty male vocal', 'walking double bass', 'groovy', 'funky', 'harmonizing background male vocals', 'blues', 'vintage', 'happy', 'fun']",train
country,C:\Users\user\Downloads\gnn_bert_music_context\data\processed\graphs\country\country.00086.pkl,C:\Users\user\Downloads\gnn_bert_music_context\data\processed\features\country\country.00086.npy,886Qu4V0km4,Someone is playing a melody on a semi acoustic guitar along to a bass ukulele with a very big sound. In the background you can hear something like a harmonica playing a drone chord. This song may be playing at a local concert.,"['country', 'semi acoustic guitar', 'harmonica', 'bas ukulele', 'amateur recording']",train
metal,C:\Users\user\Downloads\gnn_bert_music_context\data\processed\graphs\metal\metal.00037.pkl,C:\Users\user\Downloads\gnn_bert_music_context\data\processed\features\metal\metal.00037.npy,JL4Z2_5Q7sU,"The low quality recording features a metal song that consists of an aggressive male vocal, alongside wide harmonizing background vocals, singing over punchy kick and snare hits, shimmering cymbals, distorted bass guitar and wide aggressive electric guitar melody.","['low quality', 'metal', 'wide harmonizing vocals', 'aggressive male vocals', 'wide aggressive guitars melodies', 'distorted bass guitar', 'shimmering cymbals', 'punchy kick', 'punchy snare', 'energetic', 'aggressive']",train
country,C:\Users\user\Downloads\gnn_bert_music_context\data\processed\graphs\country\country.00027.pkl,C:\Users\user\Downloads\gnn_bert_music_context\data\processed\features\country\country.00027.npy,DA3fNvbZoBM,"This is a quintessentially folk-rock song, with at least a three-part country-folk harmony. There is an acoustic guitar arpeggio throughout the clip, and a powerful stab on the bass strings every second bar. The song feels sombre, in a way.","['folk rock', 'acoustic guitar', 'folk harmonies', 'country-folk', 'powerful guitar stabs', 'repeated vocal motif']",train
rock,C:\Users\user\Downloads\gnn_bert_music_context\data\processed\graphs\rock\rock.00076.pkl,C:\Users\user\Downloads\gnn_bert_music_context\data\processed\features\rock\rock.00076.npy,D6xrH93lnoc,This is a rock-n-roll music piece. There is a male vocalist singing as if he is telling a story in the lead. The electric and the bass guitar are playing a simple tune. The acoustic drums are playing an upbeat rhythm with a heavy use of rimshots. The atmosphere of the piece is groovy. This piece could be used in the soundtrack of a romance/romantic comedy movie where the protagonist cannot stop thinking about a girl.,"['rock-n-roll', 'male vocal', 'story-telling mood', 'electric guitar', 'simple tune', 'bass guitar', 'acoustic drums', 'rimshots', 'upbeat', 'energetic', 'groovy']",train
pop,C:\Users\user\Downloads\gnn_bert_music_context\data\processed\graphs\pop\pop.00056.pkl,C:\Users\user\Downloads\gnn_bert_music_context\data\processed\features\pop\pop.00056.npy,qni67aUJbw4,"The song is an instrumental. The song is medium tempo with a steady drumming rhythm, cymbals crashing, piano accompaniment and a xylophone playing a cool melody. The song is emotional and passionate. The song is an ad jingle for a technology solutions company.","['ad jingle', 'medium tempo', 'instrumental music', 'cymbal crash', 'piano accompaniment', 'xylophone plays melody', 'steady drumming rhythm', 'piano plays percussively', 'subtle bass line', 'pop instrumental', 'innovation', 'emotional', 'passion spirit', 'work ethics', 'creating solutions', 'tech solutions', 'advanced technology', 'smart minds']",train
metal,C:\Users\user\Downloads\gnn_bert_music_context\data\processed\graphs\metal\metal.00064.pkl,C:\Users\user\Downloads\gnn_bert_music_context\data\processed\features\metal\metal.00064.npy,ZOzavOPeuJQ,"The low quality recording features a metal song that contains a flat male vocal, alongside harmonizing high pitched female vocal, singing over punchy kick and snare hits, shimmering hi hats, distorted bass guitar, mellow synth bells melody and groovy wide electric guitar riff. It sounds energetic, groovy, aggressive.","['low quality', 'metal', 'flat male vocal', 'harmonizing high pitched female vocal', 'punchy kick', 'punchy snare', 'distorted bass guitar', 'groovy wide electric guitar riff', 'shimmering hi hats', 'aggressive', 'groovy', 'energetic', 'mellow synth bells melody']",train
disco,C:\Users\user\Downloads\gnn_bert_music_context\data\processed\graphs\disco\disco.00012.pkl,C:\Users\user\Downloads\gnn_bert_music_context\data\processed\features\disco\disco.00012.npy,ABr4Q_ecoPw,"The song is a funky, soulful disco song. The whole vibe is vibrant and upbeat and features a bouncy groove from a bass guitar as well as bright and shimmery sounding brass instruments. There's a sustained silky synth sound. The singer sounds cheerful. The song is suitable for dancing.","['disco', 'funky', 'soulful', 'upbeat', 'groovy', 'dance', 'vibrant soulful male vocal', 'bright synths', 'simple drum beat', 'bright brass sounding instruments']",train
blues,C:\Users\user\Downloads\gnn_bert_music_context\data\processed\graphs\blues\blues.00028.pkl,C:\Users\user\Downloads\gnn_bert_music_context\data\processed\features\blues\blues.00028.npy,O40E8bpmONQ,This ska song features a flute playing the main melody. Other flutes play staccato notes in the background. This is backed by trumpets playing chords in the background. The percussion plays a simple beat in common time. The double bass plays a 12-bar blues style bassline. There are no voices in this song. This is an instrumental. This song can be played at a Broadway event.,"['ska song', 'flute', 'trumpets', 'double bass', 'percussion', 'no voices', 'instrumental', 'moderate tempo']",train
classical,C:\Users\user\Downloads\gnn_bert_music_context\data\processed\graphs\classical\classical.00045.pkl,C:\Users\user\Downloads\gnn_bert_music_context\data\processed\features\classical\classical.00045.npy,BXcEsM8ykhE,This song contains someone playing a harp along with someone playing a melody on a transverse flute in the higher mid range. In the background you can hear people whispering.,"['classical', 'amateur recording', 'transverse flute', 'harp', 'background voices', 'medium tempo']",train
jazz,C:\Users\user\Downloads\gnn_bert_music_context\data\processed\graphs\jazz\jazz.00000.pkl,C:\Users\user\Downloads\gnn_bert_music_context\data\processed\features\jazz\jazz.00000.npy,KzydTOkZty8,"The low quality recording features a bossa nova cover of a rock song and it consists of soft female vocals, alongside wide harmonizing vocals, singing over shimmering cymbals, snappy rimshots, funky electric guitar chords, smooth bass and mellow synth keys melody. It sounds jazzy and easygoing, like something you would hear as a live performance in a high end restaurant or jazz club.","['bossanova cover', 'rock', 'soft female vocal', 'wide harmonizing vocals', 'shimmering cymbals', 'snappy rimshots', 'funky electric guitar chords', 'smooth bass', 'mellow synth keys melody', 'jazzy', 'easygoing']",train
hiphop,C:\Users\user\Downloads\gnn_bert_music_context\data\processed\graphs\hiphop\hiphop.00069.pkl,C:\Users\user\Downloads\gnn_bert_music_context\data\processed\features\hiphop\hiphop.00069.npy,b8cgQBzBXi8,"This music is an Electronic instrumental. The tempo is fast with an electrifying drum rhythm, funky bass lines, synthesiser articulation, cymbals rides, digital drums and electronically arranged sounds. The music is an energetic, high-powered, energetic, enthusiastic, intense, and explosive EDM/Synth Pop.","['instrumental', 'fast tempo', 'vocalisation', 'synth/pop', 'electro/pop', 'futuristic', 'progressive', 'edm', 'synthesiser articulation', 'vigorous drumming', 'funky bass lines', 'vibrant electric guitar harmony', 'keyboard accompaniment', 'electronic sounds', 'rapid', 'boisterous', 'energetic', 'enthusiastic', 'electrifying', 'exhilarating', 'passionate', 'electric powered', 'powerful', 'volatile', 'explosive']",train
blues,C:\Users\user\Downloads\gnn_bert_music_context\data\processed\graphs\blues\blues.00040.pkl,C:\Users\user\Downloads\gnn_bert_music_context\data\processed\features\blues\blues.00040.npy,D0L-M4trkpw,"The drums and the upright bass are playing in a bluesy, country vibe with a half open hi hat. An acoustic guitar is strumming chords that are almost not noticeable. The e-guitar is playing a loud lead melody in the foreground while a violin is playing short bowed notes along. This is an amateur recording. This song may be playing in a bar.","['country/blues', 'e-guitar', 'acoustic guitar', 'drums', 'violin', 'upright bass', 'electric keys', 'uptempo']",train
classical,C:\Users\user\Downloads\gnn_bert_music_context\data\processed\graphs\classical\classical.00024.pkl,C:\Users\user\Downloads\gnn_bert_music_context\data\processed\features\classical\classical.00024.npy,sc7KNFUEdfY,"This song contains various orchestral instruments as a bass, plucked strings, timpani and snare hits. There are background noises, foregroundnoises as pitched voices, a river flowing and birds chirping. This music sounds like it belongs to an old videogame.","['gamemusic/cinematic', 'cinematic music', 'orchestral elements', 'sneaky atmosphere', 'sound-effects', 'poor sound-quality']",train
pop,C:\Users\user\Downloads\gnn_bert_music_context\data\processed\graphs\pop\pop.00098.pkl,C:\Users\user\Downloads\gnn_bert_music_context\data\processed\features\pop\pop.00098.npy,4i1aizhCnfg,"A male vocalist sings this mellow pop. The tempo is slow in contrast to the enthusiastic introductory bit in this section. The song is soft, mellow, emotional, repetitive, melancholic, nostalgic and passionate with a soft acoustic guitar accompaniment. This could be a song fade. This song is a Korean Pop/K-Pop song.","['male vocalist', 'slow tempo', 'vigorous introduction', 'synthesiser arrangements', 'contrast song fade', 'soft acoustic guitar accompaniment', 'korean pop', 'k-pop', 'k-pop hits', 'mellow guitar', 'song fade', 'love song', 'romantic', 'emotional', 'passionate', 'mellow', 'soft', 'calm']",train
disco,C:\Users\user\Downloads\gnn_bert_music_context\data\processed\graphs\disco\disco.00036.pkl,C:\Users\user\Downloads\gnn_bert_music_context\data\processed\features\disco\disco.00036.npy,lXrypwLQO3U,"The Disco song features a passionate female vocalist singing over a funky electric guitar melody, groovy bass, punchy kick and claps. It sounds passionate, funky and groovy - like something you would hear in clubs during the 80s.","['disco', 'low quality', 'passionate female vocal', 'funky electric guitar melody', 'groovy bass', 'punchy kick', 'claps', 'passionate', 'funky', 'groovy']",train
jazz,C:\Users\user\Downloads\gnn_bert_music_context\data\processed\graphs\jazz\jazz.00045.pkl,C:\Users\user\Downloads\gnn_bert_music_context\data\processed\features\jazz\jazz.00045.npy,mwqluX7sXXU,"This music is a Jazz instrumental. The tempo is medium fast with lively trumpets, groovy bass lines, infectious drumming, sound of bells and chimes at the end followed by the voice of a female speaking. The music is spirited, ambient, complex, fun, informal, active,smooth and airy and emphatic.","['instrumental', 'medium fast tempo', 'jazz music', 'lively spirited', 'informal', 'smooth', 'powerful', 'empahtic', 'atmospheric', 'chill', 'fun', 'active', 'airy', 'emphatic', 'female voice', 'brass bell', 'enchanting chimes', 'lively trumpets', 'bright drumming', 'groovy bass lines', 'syncopated harmony', 'complex chords', 'improvisation', 'polyrhythms']",train
blues,C:\Users\user\Downloads\gnn_bert_music_context\data\processed\graphs\blues\blues.00053.pkl,C:\Users\user\Downloads\gnn_bert_music_context\data\processed\features\blues\blues.00053.npy,4sD0Bvt3FKk,A blues rock song is being played. Containing drums that are playing a simple groove along with a blues bassline that is supported by an e-guitar playing the same melody. So does a piano just in a higher pitch adding harmony. The female voices are singing together. Then an e-guitar starts playing a little solo-melody. There are some airy background noises that seem not to belong to the recording. This song may be playing at a local car workshop.,"['country/blues/rock', 'female voices singing', 'e-guitar', 'acoustic drums', 'piano', 'b ackground noises', 'e-bass', 'medium tempo']",train
reggae,C:\Users\user\Downloads\gnn_bert_music_context\data\processed\graphs\reggae\reggae.00040.pkl,C:\Users\user\Downloads\gnn_bert_music_context\data\processed\features\reggae\reggae.00040.npy,7ZXz3Xa7APs,This is a tongue-in-cheek version of a reggae song edited to make it sound like a movie character was featured in it. It has a male vocal that starts singing with a Jamaican accent that turns into gibberish. Clean electric guitar and bass guitar provide the melodic background while the acoustic drums and percussion play a basic reggae beat for the rhythmic background.,"['reggae', 'male vocal', 'gibberish', 'electric guitar', 'bass guitar', 'acoustic drums', 'percussion', 'comedic', 'parody']",train
rock,C:\Users\user\Downloads\gnn_bert_music_context\data\processed\graphs\rock\rock.00099.pkl,C:\Users\user\Downloads\gnn_bert_music_context\data\processed\features\rock\rock.00099.npy,nu_Bl8Pz6PE,"This music is instrumental. The tempo is fast with a groovy drumming rhythm with bass drums, snares, cymbals and a Cowbell. The rhythm is upbeat, catchy, punchy and buoyant. This music is a Drumming lesson/ tutorial.","['instrumental', 'fast tempo', 'rhythmic beat', 'idiophone', 'non tuned percussion', 'rock music', 'cowbell', 'percussion', 'upbeat', 'catchy', 'punchy', 'buoyant', 'drumming', 'groovy drumming', 'snare', 'cymbals', 'bass drums', 'cow bell', 'sound of bell', 'drumming lesson', 'drumming tutorial']",train
hiphop,C:\Users\user\Downloads\gnn_bert_music_context\data\processed\graphs\hiphop\hiphop.00014.pkl,C:\Users\user\Downloads\gnn_bert_music_context\data\processed\features\hiphop\hiphop.00014.npy,jtwRKyQ8-lg,This is a hip-hop/dancehall music piece. There is a repeating female vocal sample in the lead. The piano is playing the chords of the song. There is a groovy bass guitar in the background. The rhythm is provided by an acoustic drum beat with a lot of rhythmic sound effects applied to give it more of a swing feel. The atmosphere of the piece is chill and urban. This piece could be the opening theme of a sit-com taking place in the big city.,"['hip-hop', 'dancehall', 'female vocal sample', 'piano', 'bass guitar', 'acoustic drums', 'rhythmic effects', 'chill', 'groovy', 'urban']",train
country,C:\Users\user\Downloads\gnn_bert_music_context\data\processed\graphs\country\country.00084.pkl,C:\Users\user\Downloads\gnn_bert_music_context\data\processed\features\country\country.00084.npy,-lPXTBXa0tE,The song is an instrumental. The song is medium tempo played by a solo guitarist on a vintage super tone with an exquisite tone. The song is emotional and passionate. The song has poor audio quality.,"['bad audio quality', 'vintage guitar tone', 'passionate', 'spirited', 'guitar demo', 'soloist', 'antique guitar', 'youtube music class', 'master class', 'buzzing noise', 'instrumental music', 'ambient room noise', 'bad audio quality', 'super tone unique tone', 'melancholic', 'country music', 'medium tempo', 'rich country traditions']",train
jazz,C:\Users\user\Downloads\gnn_bert_music_context\data\processed\graphs\jazz\jazz.00078.pkl,C:\Users\user\Downloads\gnn_bert_music_context\data\processed\features\jazz\jazz.00078.npy,6og50XOZeIk,"This jazz song features percussion playing a fast tempo beat. This is accompanied by a double bass playing the bass part of the song. There are no voices in the song. This is an instrumental song. After the music pauses, a male voice narrates his part. This song can be played in a movie involving a bank robbery.","['big band jazz', 'fast percussion', 'male voice', 'narration', 'bass', 'no vocal melody', 'fast tempo']",train
hiphop,C:\Users\user\Downloads\gnn_bert_music_context\data\processed\graphs\hiphop\hiphop.00085.pkl,C:\Users\user\Downloads\gnn_bert_music_context\data\processed\features\hiphop\hiphop.00085.npy,ILE12hEW5Ck,"A male singer sings this exciting melody with backup singers in vocal harmony. The song is medium fast tempo with a steady drumming rhythm, keyboard accompaniment, groovy bass line and various percussion hits. The song is energetic and passionate. The song is a retro pop hit.","['male singer', 'hip hop music', 'percussive bass line', 'groovy drumming rhythm', 'keyboard accompaniment', 'guitar accompaniment', 'various percussion hits', 'retro pop music', 'energetic', 'exciting', 'retro pop hits', 'pop dance hits', 'fitness', 'workout classics', 'workout playlist', 'enthusiastic', 'adrenaline rush', 'medium fast tempo']",train
classical,C:\Users\user\Downloads\gnn_bert_music_context\data\processed\graphs\classical\classical.00038.pkl,C:\Users\user\Downloads\gnn_bert_music_context\data\processed\features\classical\classical.00038.npy,AgCSBCsHkMk,"The low quality recording features water and some metallic sound effects, followed by a dynamic orchestra that consists of a mellow string section, simple plucked harp and mystical woodwinds playing in the background. In the first part of the loop, the sound is completely muffled. It sounds like something you would hear in old movies.","['low quality', 'muffled', 'dynamic orchestra', 'mellow strings section', 'simple plucked harp', 'mystical woodwinds', 'water sound effects', 'metallic sound effects']",train
classical,C:\Users\user\Downloads\gnn_bert_music_context\data\processed\graphs\classical\classical.00065.pkl,C:\Users\user\Downloads\gnn_bert_music_context\data\processed\features\classical\classical.00065.npy,P54hbuQLkc4,"The low quality recording features foley effects that include metallic, wooden and screeching sound effects. At the very end of the loop, there is an intense background orchestra music, representing some combat scene.","['low quality', 'foley effects', 'metallic impact sounds', 'wooden impact sounds', 'screeching sound effect', 'intense orchestra music']",train
disco,C:\Users\user\Downloads\gnn_bert_music_context\data\processed\graphs\disco\disco.00083.pkl,C:\Users\user\Downloads\gnn_bert_music_context\data\processed\features\disco\disco.00083.npy,p8xxC2um9xQ,"The Disco song features a flat male vocal singing over a wide funky electric guitar melody, groovy bass, synth keys chords, funky synth lead melody, punchy kick, punchy snare layered with some claps and simple hi hats. It sounds passionate, funky and groovy.","['disco', 'wide funky electric guitar melody', 'synth keys chords', 'funky synth lead melody', 'groovy bass', 'punchy kick', 'punchy snare', 'simple hi hats', 'claps', 'flat male vocal', 'passionate', 'funky', 'groovy']",train
pop,C:\Users\user\Downloads\gnn_bert_music_context\data\processed\graphs\pop\pop.00065.pkl,C:\Users\user\Downloads\gnn_bert_music_context\data\processed\features\pop\pop.00065.npy,lV0-LMVpZLg,"This pop ballad features two male voices singing in octaves. This is accompanied by percussion playing a simple beat. A bass plays the root notes of the chords. A piano plays the chords by striking them just once per bar. When the voice pauses between verses, another voice sings descending pattern vocables in falsetto. When the main voice resumes, a synth fill is played along with a muted guitar. The rest of the instruments continue to play their respective parts. This song has a romantic mood. This song can be played in a romantic movie.","['pop ballad', 'piano song', 'simple percussion', 'male voice', 'romantic theme', 'vocal harmony', 'vocal octaves', 'muted guitar', 'bass', 'synth fill']",train
blues,C:\Users\user\Downloads\gnn_bert_music_context\data\processed\graphs\blues\blues.00085.pkl,C:\Users\user\Downloads\gnn_bert_music_context\data\processed\features\blues\blues.00085.npy,C7WAx3n57Hk,"This song contains acoustic drums holding a steady groove with a complex fill in at the end of the phrase. An e-bass and e-guitar are playing the same notes, just the e-guitar is strumming a chord. The male voice is singing loud and in a higher register. This song may be playing in a garage workshop.","['rock&roll/blues', 'e-guitar', 'e-bass', 'acoustic drums', 'male voice singing', 'higher register', 'uptempo']",train
reggae,C:\Users\user\Downloads\gnn_bert_music_context\data\processed\graphs\reggae\reggae.00076.pkl,C:\Users\user\Downloads\gnn_bert_music_context\data\processed\features\reggae\reggae.00076.npy,gWRfk8nCcPs,"This reggae song features a male voice. He sings the first line and laughs at the end of the first sentence. He continues to sing the melody. The voice is accompanied by programmed percussion playing a simple beat. The bass plays the root notes of the chords. A keyboard plays chords in the background with a reggae feel. Another keyboard plays a fill in between lines. At the end, backing singers sing in harmony. This song has a holiday mood. This song can be played in a holiday movie.","['reggae song', 'male voice', 'holiday mood', 'programmed percussion', 'keyboard', 'shaker', 'moderate tempo']",train
pop,C:\Users\user\Downloads\gnn_bert_music_context\data\processed\graphs\pop\pop.00024.pkl,C:\Users\user\Downloads\gnn_bert_music_context\data\processed\features\pop\pop.00024.npy,3QqVP0odOw4,"The low quality recording features a commercial music that consists of a funny processed male vocal, after which there is a harmonizing female vocal singing over punchy kick, brass melody, wooden percussion and echoing brass melody. It sounds addictive - like every commercial music should sound.","['low quality', 'pop', 'funny processed male vocal', 'brass melody', 'punchy kick', 'wooden percussions', 'echoing brass melody', 'harmonizing female vocal', 'addictive', 'commercial music']",train
hiphop,C:\Users\user\Downloads\gnn_bert_music_context\data\processed\graphs\hiphop\hiphop.00078.pkl,C:\Users\user\Downloads\gnn_bert_music_context\data\processed\features\hiphop\hiphop.00078.npy,BHDhHO7J-Oo,"The low quality recording features a hip hop beat and some skateboard sound effects in the background. The beat consists of female opera vocalists that sing over punchy snare and kick hits, simple hi hats, energetic crash cymbals, simple piano chords, smooth bass and sustained strings melody. It sounds epic and powerful, almost inspiring. The stereo image is unbalanced, since the snare hits are panned a bit to the right channel, and overall the left channel is a bit louder.","['low quality', 'hip hop', 'female opera vocal', 'punchy snare', 'sustained violin melody', 'heartbeat kick pattern', 'simlpe hi hats', 'simple piano chords', 'smooth bass', 'epic', 'powerful', 'skateboard sound effects', 'noisy', 'unbalanced stereo image', 'energetic cymbal crash', 'inspiring']",train
jazz,C:\Users\user\Downloads\gnn_bert_music_context\data\processed\graphs\jazz\jazz.00081.pkl,C:\Users\user\Downloads\gnn_bert_music_context\data\processed\features\jazz\jazz.00081.npy,UoxHwOl2gN0,This song contains an acoustic drum-set holding the groove and changing his beat after a fill-in to a four on the floor with a kick on every beat. Mixed voices are singing a soulful sounding melody then an e-piano takes over playing a melody before a trumpet and a saxophone come in playing a loud melody. In the background you can hear percussion such as a cowbell being panned to the right side of the speakers. The crowd is cheering and clapping along. This song may be playing at a live concert.,"['soul/jazz', 'e-piano', 'acoustic drums', 'mixed voices singing', 'cowbell', 'trumpet', 'saxophone', 'e-bass', 'clapping', 'uptempo', 'cheerful vibe']",train
classical,C:\Users\user\Downloads\gnn_bert_music_context\data\processed\graphs\classical\classical.00000.pkl,C:\Users\user\Downloads\gnn_bert_music_context\data\processed\features\classical\classical.00000.npy,-5f6hjZf9Yw,This folk song features a male voice singing the main melody in an emotional mood. This is accompanied by an accordion playing fills in the background. A violin plays a droning melody. There is no percussion in this song. This song can be played at a Central Asian classical concert.,"['folk music', 'rubab', 'male voice', 'slow tempo', 'emotional song', 'low quality audio', 'violin', 'accordion']",train
hiphop,C:\Users\user\Downloads\gnn_bert_music_context\data\processed\graphs\hiphop\hiphop.00023.pkl,C:\Users\user\Downloads\gnn_bert_music_context\data\processed\features\hiphop\hiphop.00023.npy,Vfcfj4OIJXE,This is an instrumental hip-hop music piece. It is meant to be used as a rap beat. There is a fuzzy synth bass playing a groovy bass line with a mellow sounding keyboard playing alongside it. There is a loud electronic drum beat in the rhythmic background. This piece has a crisp and urban atmosphere. It could either be used as a rap beat or it could take place in the soundtrack of a crime movie/TV show with a modern city setting.,"['instrumental hip-hop', 'electronic', 'rap beat', 'synth bass', 'keyboard', 'electronic drums', 'crisp', 'urban', 'groovy', 'modern', 'hip']",train
metal,C:\Users\user\Downloads\gnn_bert_music_context\data\processed\graphs\metal\metal.00058.pkl,C:\Users\user\Downloads\gnn_bert_music_context\data\processed\features\metal\metal.00058.npy,LLDHkHHKYkI,"A male singer sings these whispering vocals. The song is medium fast tempo with a fast metal drumming rhythm, percussive bass line, keyboard accompaniment and various percussion hits. The song is tense and full of suspense. The song is a game soundtrack.","['death metal music', 'male singer', 'game soundtrack', 'building anticipation', 'fast drumming rhythm', 'medium fast tempo', 'video game soundtrack', 'passionate', 'energetic', 'scary', 'eerie', 'fast metal drumming', 'groovy bass line', 'story telling', 'inspiring', 'keyboard harmony']",train
rock,C:\Users\user\Downloads\gnn_bert_music_context\data\processed\graphs\rock\rock.00080.pkl,C:\Users\user\Downloads\gnn_bert_music_context\data\processed\features\rock\rock.00080.npy,zTuxNA1y6Os,This audio contains a male voice singing in a higher pitch along to acoustic drums with an e-bass playing a melody. The e-guitar also follows that bassline. Another e-guitar is strumming chords in a higher key in the background. This song may be playing in a music video telling a story.,"['rock', 'acoustic drums', 'e-guitars', 'e-bass', 'male voice singing', 'higher pitch', 'medium tempo']",train
jazz,C:\Users\user\Downloads\gnn_bert_music_context\data\processed\graphs\jazz\jazz.00019.pkl,C:\Users\user\Downloads\gnn_bert_music_context\data\processed\features\jazz\jazz.00019.npy,bxZeGrM_0ac,"The low quality recording features a jazz song that consists of a saxophone solo melody played over hollow snare, groovy double bass, shimmering hi hats, shimmering shakers and brass melody. It sounds uptempo, groovy and passionate - like something you would hear in a jazz club.","['low quality', 'jazz', 'uptempo', 'groovy', 'passionate', 'saxophone solo melody', 'hollow snare', 'groovy double bass', 'shimmering hi hats', 'shimmering shakers', 'brass melody', 'energetic']",train
pop,C:\Users\user\Downloads\gnn_bert_music_context\data\processed\graphs\pop\pop.00075.pkl,C:\Users\user\Downloads\gnn_bert_music_context\data\processed\features\pop\pop.00075.npy,RIiN9Ed1fqU,"This music is electronic pop. The tempo is fast with synthesiser arrangements, enthusiastic drumming, a sharp , shrill piano accompaniment and vocal riffs. There is the sound of laughter in the background and distorted sounds caused due to electrical reactance, making the song, noisy, chaotic, confusing, busy and painful to listen to. The song in the background is a Synth pop but it is incoherent because of the inferior audio quality .","['instrumental', 'distorted sounds', 'electrical reactance', 'synth pop', 'sound of laughter', 'female vocalist', 'vocal riff', 'repetitive phrase', 'synthesiser arrangements', 'inferior audio quality', 'sharp piano rhythm', 'energetic drumming', 'chaotic', 'confusing', 'boisterous', 'choppy']",train
hiphop,C:\Users\user\Downloads\gnn_bert_music_context\data\processed\graphs\hiphop\hiphop.00010.pkl,C:\Users\user\Downloads\gnn_bert_music_context\data\processed\features\hiphop\hiphop.00010.npy,YZvv4hOlNqw,"The low quality recording features a hip hop song where a fruity male vocal is rapping over punchy kick and snare hits, shimmering hi hats, groovy bass and brass melody. It sounds bouncy, groovy and upbeat.","['low quality', 'hip hop', 'fruity male vocal', 'brass melody', 'punchy kick', 'punchy snare', 'shimmering hi hats', 'groovy bass', 'groovy', 'bouncy', 'upbeat']",train
hiphop,C:\Users\user\Downloads\gnn_bert_music_context\data\processed\graphs\hiphop\hiphop.00009.pkl,C:\Users\user\Downloads\gnn_bert_music_context\data\processed\features\hiphop\hiphop.00009.npy,zNgRUFOj3HI,"The low quality recording features a DJ scratching the vinyl of a hip hop instrumental that consists of punchy kick and snare hits and sustained filter modulated bass. The recording is muffled, noisy, mono and muddy, as it was probably recorded with a phone.","['low quality', 'dj scratching', 'hip hop', 'sustained filter mod bass', 'punchy kick', 'punchy snare', 'muffled', 'noisy', 'mono', 'muddy']",train
blues,C:\Users\user\Downloads\gnn_bert_music_context\data\processed\graphs\blues\blues.00042.pkl,C:\Users\user\Downloads\gnn_bert_music_context\data\processed\features\blues\blues.00042.npy,kVuG_F3qCuY,An acoustic drum set is playing a shuffle groove with hits on the ride along with an e-bass playing a blues walking bassline. Someone is playing a slide-e-guitar. This song may be playing at a live concert.,"['bluesrock', 'e-guitar', 'slide guitar', 'acoustic drums', 'e-bass', 'medium tempo']",train
classical,C:\Users\user\Downloads\gnn_bert_music_context\data\processed\graphs\classical\classical.00082.pkl,C:\Users\user\Downloads\gnn_bert_music_context\data\processed\features\classical\classical.00082.npy,nIL_xrqjo1g,This is a classical music performance. There is a gentle piano tune playing in the background while there is a theremin playing the main melody. The performance has a unique feel to it. The atmosphere is out of the ordinary but also heart-touching. This piece could be used in the soundtrack of an animation movie/TV series.,"['classical music', 'no singer', 'instrumental', 'piano', 'theremin', 'emotional', 'unique', 'eccentric', 'heart-touching']",train
blues,C:\Users\user\Downloads\gnn_bert_music_context\data\processed\graphs\blues\blues.00094.pkl,C:\Users\user\Downloads\gnn_bert_music_context\data\processed\features\blues\blues.00094.npy,ZJZxWLYzNh8,This seems to be a life recording because you can hear people in the background cheering. An electric bass is playing a bluesy bassline along with the drums holding a simple steady groove. One guitar is panned to the right side of the speakers playing chords while another e-guitar is playing a melody on the left side of the speakers. Both are fairly in the background. A male mid ranged voice is singing with a little reverb on his voice. This song may be playing life at a festival.,"['bluesrock', 'e-bass', 'background cheering', 'guitars', 'acoustic drums', 'male mid range voice singing', 'medium tempo']",train
metal,C:\Users\user\Downloads\gnn_bert_music_context\data\processed\graphs\metal\metal.00085.pkl,C:\Users\user\Downloads\gnn_bert_music_context\data\processed\features\metal\metal.00085.npy,t5RqDGLiDvo,"A male vocalist sings this violent Rock. The tempo is fast and rigorous with hard hitting drums, intense bass line and aggressive electric guitar lead with synthesiser arrangements. The song is loud, violent, thunderous,passionate, boisterous and aggressive. This song is Death Metal.","['male vocalist', 'fast tempo', 'thunderous percussion', 'aggressive electric guitar', 'hard hitting drums', 'vigorous bass line', 'vigorous', 'goth metal', 'death metal', 'extreme', 'violent', 'thunderous', 'accelerated tempo', 'guttural vocals', 'gruesome', 'angry', 'passionate', 'deep growling', 'screaming', 'loud', 'low tuned guitar', 'aggressive', 'angry', 'passionate', 'intense']",train
jazz,C:\Users\user\Downloads\gnn_bert_music_context\data\processed\graphs\jazz\jazz.00053.pkl,C:\Users\user\Downloads\gnn_bert_music_context\data\processed\features\jazz\jazz.00053.npy,f8QGA4vN6HY,"The song is an instrumental. The tempo is fast with a groovy jazz drumming rhythm with good brush works, strong bass line, piano accompaniment and various percussion hits. The song is groovy and energetic. The song is jazz fusion.","['jazz music', 'groovy bass line', 'jazz fusion', 'dance rhythm', 'dj', 'modern jazz hits', 'documentary soundtrack', 'dancing all night', 'sophisticated', 'piano accompaniment', 'brush work', 'fast tempo', 'instrumental music', 'relaxing', 'passionate', 'techno jazz line', 'funk music', 'entertaining']",train
pop,C:\Users\user\Downloads\gnn_bert_music_context\data\processed\graphs\pop\pop.00003.pkl,C:\Users\user\Downloads\gnn_bert_music_context\data\processed\features\pop\pop.00003.npy,BkoCi-IZccI,"A female vocalist sings this energetic song. The tempo is fast with enthusiastic drumming, funky bass line, keyboard harmony and synthesiser arrangements. The song is youthful, vibrant, vivacious, hyper, spirited, passionate, bright and has a dance groove. This song is an Electro Pop song.","['female singer', 'fast tempo', 'foreign language', 'dance music', 'dance hits', 'club music', 'dance music', 'electronic  instrumentation', 'synthesiser arrangements', 'spirited drumming', 'keyboard harmony', 'groovy bass line', 'busy music', 'electro pop', 'animated', 'spirited', 'emphatic vocals', 'youthful', 'upbeat electronic riff', 'vibrant', 'vivacious']",train
rock,C:\Users\user\Downloads\gnn_bert_music_context\data\processed\graphs\rock\rock.00068.pkl,C:\Users\user\Downloads\gnn_bert_music_context\data\processed\features\rock\rock.00068.npy,D6xrH93lnoc,This is a rock-n-roll music piece. There is a male vocalist singing as if he is telling a story in the lead. The electric and the bass guitar are playing a simple tune. The acoustic drums are playing an upbeat rhythm with a heavy use of rimshots. The atmosphere of the piece is groovy. This piece could be used in the soundtrack of a romance/romantic comedy movie where the protagonist cannot stop thinking about a girl.,"['rock-n-roll', 'male vocal', 'story-telling mood', 'electric guitar', 'simple tune', 'bass guitar', 'acoustic drums', 'rimshots', 'upbeat', 'energetic', 'groovy']",train
pop,C:\Users\user\Downloads\gnn_bert_music_context\data\processed\graphs\pop\pop.00041.pkl,C:\Users\user\Downloads\gnn_bert_music_context\data\processed\features\pop\pop.00041.npy,SSO7F_Ex0s4,"A male singer sings this cool melody with backup singers in vocal harmony. The song is medium tempo with a percussive bass line, ethnic drumming rhythm, trumpets playing percussively and a keyboard harmony. The song is groovy and cheerful. The song is retro final pop song;","['male singers', 'backup singers', 'vocal harmony', 'funk pop hits', 'dance floor', 'percussive hits', 'medium tempo', 'groovy bass line', 'medium drumming rhythm', 'trumpets playing percussively', 'story telling', 'love song', 'brass band', 'pop song', 'female backup singers', 'exciting', 'cheerful', 'enegetic', 'retro pop hits', 'dance music']",train
rock,C:\Users\user\Downloads\gnn_bert_music_context\data\processed\graphs\rock\rock.00081.pkl,C:\Users\user\Downloads\gnn_bert_music_context\data\processed\features\rock\rock.00081.npy,FHC7gN3NnX8,"The low quality recording features a cover of a rock song sung by harmonizing female choir vocals. The recording is noisy, in mono and it sounds emotional and passionate.","['low quality', 'harmonizing female choir vocals', 'emotional', 'passionate', 'noisy', 'mono', 'cover', 'rock']",train
disco,C:\Users\user\Downloads\gnn_bert_music_context\data\processed\graphs\disco\disco.00070.pkl,C:\Users\user\Downloads\gnn_bert_music_context\data\processed\features\disco\disco.00070.npy,4a1a-lmDVaY,This funk song features a male voice singing the main melody. Other voices sing backing vocals in harmony. A saxophone plays a repetitive melody. This is accompanied by percussion playing a funk beat. The bass plays a funky bassline. A guitar plays muted chords using a tron effect. This song is upbeat and has a happy mood. This song can be played at a retro style disco.,"['funk song', 'male voice', 'backing voices', 'tambourine', 'saxophone', 'percussion', 'guitar', 'funk bass', 'moderate tempo', 'upbeat', 'repetitive melody', 'guitar tron effect']",train
disco,C:\Users\user\Downloads\gnn_bert_music_context\data\processed\graphs\disco\disco.00009.pkl,C:\Users\user\Downloads\gnn_bert_music_context\data\processed\features\disco\disco.00009.npy,wZopmfXTtxw,"The Disco song features a widely spread electric guitar chord progression, acoustic rhythm guitar, shimmering shakers, tinny percussive elements, followed by simple kick pattern, punchy snare and groovy bass guitar, over which sings the flat male vocal. It sounds energetic, fun and exciting, as it is something you would definitely hear in clubs during 70s and 80s.","['disco', 'wide electric guitar chord progression', 'acoustic rhythm guitar', 'shimmering shakers', 'simple kick patter', 'punchy snare', 'groovy bass guitar', 'wide tinny percussive elements', 'sizzling triangle', 'flat male vocal', 'fun', 'exciting', 'energetic']",train
disco,C:\Users\user\Downloads\gnn_bert_music_context\data\processed\graphs\disco\disco.00069.pkl,C:\Users\user\Downloads\gnn_bert_music_context\data\processed\features\disco\disco.00069.npy,4a1a-lmDVaY,This funk song features a male voice singing the main melody. Other voices sing backing vocals in harmony. A saxophone plays a repetitive melody. This is accompanied by percussion playing a funk beat. The bass plays a funky bassline. A guitar plays muted chords using a tron effect. This song is upbeat and has a happy mood. This song can be played at a retro style disco.,"['funk song', 'male voice', 'backing voices', 'tambourine', 'saxophone', 'percussion', 'guitar', 'funk bass', 'moderate tempo', 'upbeat', 'repetitive melody', 'guitar tron effect']",train
reggae,C:\Users\user\Downloads\gnn_bert_music_context\data\processed\graphs\reggae\reggae.00045.pkl,C:\Users\user\Downloads\gnn_bert_music_context\data\processed\features\reggae\reggae.00045.npy,XXBVsNt2Qr8,"A female singer sings this passionate melody. The song is medium tempo with steady drumming rhythm, groovy bass line, Caribbean percussion, guitar accompaniment and a brass band playing percussively. The song is emotional and spirited. The song is a classic renege hit.","['female singer', 'spirited singing', 'reggae hits', 'tropical dance hit', 'caribbean music style', 'trumpets blaring', 'caribbean percussions rhythm', 'medium tempo', 'guitar accompaniment', 'groovy bass line', 'steady drumming rhythm', 'brass band harmony', 'emotional', 'passionate', 'reggae groove', 'classic reverse hits', 'spirited', 'dance groove', 'beachside party', 'people dancing', 'inspiring', 'life is good', 'enjoy life', 'life is a dance']",train
rock,C:\Users\user\Downloads\gnn_bert_music_context\data\processed\graphs\rock\rock.00082.pkl,C:\Users\user\Downloads\gnn_bert_music_context\data\processed\features\rock\rock.00082.npy,3obJKn19jTE,This is a grunge rock music piece. A distorted electric guitar playing power chords leads the tune with a bass guitar in the background. Loud acoustic drums provide the rhythmic background while also playing a lot of fills. There is also a male vocal. The music has a rebellious atmosphere mixed with a rough sound that is characteristic of the grunge scene. This piece could be used as a soundtrack in college drama movies/TV series. It could also be used in advertisements targeted at teenagers.,"['grunge', 'rock', 'male vocal', 'distorted electric guitar', 'bass guitar', 'acoustic drums', 'muddy', 'loud', 'powerful', 'rebellious']",train
hiphop,C:\Users\user\Downloads\gnn_bert_music_context\data\processed\graphs\hiphop\hiphop.00041.pkl,C:\Users\user\Downloads\gnn_bert_music_context\data\processed\features\hiphop\hiphop.00041.npy,2ZYzviKuq9w,"This is a hip-hop music piece. There is a female vocalist singing in a rap-like manner. There is a strong bass in the background. For the rhythm, there is a simple electronic drum beat with heavy use of claps. The keyboard is playing occasional tunes. The atmosphere is groovy. This piece could be playing in the background at a nightclub or at a dance club.","['hip-hop', 'dance music', 'female vocal', 'rap-like singing', 'strong bass', 'keyboard', 'electronic drums', 'claps', 'groovy', 'hip', 'danceable']",train
classical,C:\Users\user\Downloads\gnn_bert_music_context\data\processed\graphs\classical\classical.00084.pkl,C:\Users\user\Downloads\gnn_bert_music_context\data\processed\features\classical\classical.00084.npy,_nrz_BawPMY,"A female vocalist sings this delicate harmony. The tempo is slow with an organ accompaniment. It is soft, mellow, meditative, enigmatic, mysterious, melancholic and haunting. This song is a Modern Classical.","['female singer', 'opera', 'organ accompaniment', 'enigmatic', 'mysterious', 'soft', 'mellow', 'ethereal', 'celestial', 'new age', 'meditative', 'modern classical', 'downtempo', 'electronic', 'melancholic', 'celtic new age', 'celtic folk music', 'delicate', 'haunting', 'sublime', 'soft', 'mellow', 'delicate']",train
disco,C:\Users\user\Downloads\gnn_bert_music_context\data\processed\graphs\disco\disco.00044.pkl,C:\Users\user\Downloads\gnn_bert_music_context\data\processed\features\disco\disco.00044.npy,oYECB7KFJgU,"Male singers sing this vocal harmony. The song is medium tempo with steady drumming rhythm, cello playing the bass line, guitars strumming rhythm and various percussion hits. The song is chaotic and exciting. The song is an amateur band playing a retro pop song with audio quality.","['cello playing', 'discordant harmonies', 'offbeat', 'groovy rhythm', 'old world charm', 'indie music', 'poor video quality', 'male singers', 'vocal harmony', 'strumming guitars', 'medium tempo', 'groovy cello bass', 'quirky and eccentric', 'badly tuned strings', 'cheerful', 'happy', 'story telling', 'psychedelic pop']",train
metal,C:\Users\user\Downloads\gnn_bert_music_context\data\processed\graphs\metal\metal.00004.pkl,C:\Users\user\Downloads\gnn_bert_music_context\data\processed\features\metal\metal.00004.npy,d6w3d9S1LVM,"This is a metalcore/post-hardcore music piece. There is a male vocal singing using the vocal fry technique. A distant piano melody can be heard. There is an electronic drum beat with a heavy reverb effect. Later on, a string sound starts playing and adds texture to the melodic background. The atmosphere is dramatic and rebellious. This piece can be used in the soundtrack of a teenage drama movie, especially where one of the characters is experiencing a breaking point.","['metalcore', 'post-hardcore', 'male vocal', 'vocal fry', 'piano', 'electronic drums', 'strings sound', 'dramatic', 'loud', 'rebellious', 'gothic']",train
pop,C:\Users\user\Downloads\gnn_bert_music_context\data\processed\graphs\pop\pop.00068.pkl,C:\Users\user\Downloads\gnn_bert_music_context\data\processed\features\pop\pop.00068.npy,qXSG2uq2tNw,"This song is an animated vocalisation. The tempo is fast with a lively piano accompaniment, accordion harmony, cello rhythm, hard hitting drums, groovy bass lines, hand percussion beats and xylophone. The music is upbeat, energetic,enthusiastic, high-spirited and vivacious. This is a live performance with ambient sounds of people talking and general bustling. The audio quality is inferior. This song is a live Pop.","['female vocalisation', 'fast tempo', 'cello', 'hand percussion', 'bass drums', 'xylophone', 'hard hitting drums', 'animated piano', 'shakers', 'funky bass lines', 'amateur recording', 'live performance', 'gig', 'poor audio quality', 'people talking', 'bustling', 'acordion harmony', 'enthusiastic vocals']",train
metal,C:\Users\user\Downloads\gnn_bert_music_context\data\processed\graphs\metal\metal.00072.pkl,C:\Users\user\Downloads\gnn_bert_music_context\data\processed\features\metal\metal.00072.npy,AjjQqd0eLzw,Someone is playing an instrument sounding like a bowl/pad/whale singing in a metallic tone with a long sustain and shifting in pitch. This song may be playing in a horror-movie scene. This is an amateur recording.,"['cinematic', 'experimental', 'skurrile pad/whale singing sound', 'amateur recording']",train
blues,C:\Users\user\Downloads\gnn_bert_music_context\data\processed\graphs\blues\blues.00046.pkl,C:\Users\user\Downloads\gnn_bert_music_context\data\processed\features\blues\blues.00046.npy,2sIfE3KOi5s,"This music is instrumental. The tempo is fast with trumpet harmony, keyboard accompaniment, infectious drumming, syncopated, funky bass lines, lively piano and electric and acoustic guitar riffs. The music is upbeat, groovy, complex harmony, ambient, soulful and funky. This song is Funk Soul;","['instrumental', 'fast tempo', 'rock', 'blues', 'trumpets', 'lively spirited', 'complex harmony', 'complex chords', 'cymbal rides', 'dance groove', 'peppy', 'perky', 'vivacious', 'keyboard harmony', 'piano accompaniment', 'groovy bass lines', 'acoustic guitar', 'electric guitar', 'slick drumming', 'trumpets', 'lively', 'ambient', 'soothing', 'improvisation', 'soul', 'funk/soul', 'rhythmic', 'dance groove', 'syncopated bass lines', 'rhythmic counter play', 'infectious drum grooves']",train
jazz,C:\Users\user\Downloads\gnn_bert_music_context\data\processed\graphs\jazz\jazz.00049.pkl,C:\Users\user\Downloads\gnn_bert_music_context\data\processed\features\jazz\jazz.00049.npy,gp1DYuoQH08,This is a live performance of a jazz ballad music piece. The accordion is playing a solo as the main melody. There is an acoustic guitar playing the chords of the piece. The bass line is being played by the upright bass. The atmosphere is gentle. This piece is the perfect music to be played in the background at a coffee shop.,"['jazz ballad', 'live performance', 'accordion', 'solo', 'acoustic guitar', 'upright bass', 'gentle', 'chill', 'coffee shop music']",train
disco,C:\Users\user\Downloads\gnn_bert_music_context\data\processed\graphs\disco\disco.00099.pkl,C:\Users\user\Downloads\gnn_bert_music_context\data\processed\features\disco\disco.00099.npy,6YXjJ6ABnZU,"A male singer sings this rapping vocals with a backup singer. The song is medium tempo with a groovy drum rhythm, disc scratching sounds, strong bass line and string accompaniment. The song is groovy and has a dance rhythm. The song audio quality is poor.","['techno pop music', 'male vocals', 'rapping vocals', 'dance party', 'all night party', 'discotheque', 'dance floor', 'dance rhythm', 'energetic', 'exciting', 'medium tempo', 'dj turntable', 'ambient noises', 'poor audio quality', 'dance music', 'electronic dance music', 'groovy music', 'dj face off', 'disc scratching noises']",train
blues,C:\Users\user\Downloads\gnn_bert_music_context\data\processed\graphs\blues\blues.00019.pkl,C:\Users\user\Downloads\gnn_bert_music_context\data\processed\features\blues\blues.00019.npy,rJZgUpzqAyY,An e-bass is playing a bluesy bassline along with acoustic drums with a slightly open hihat. An electric piano/organ is playing one short chord as a rhythmic element adding reggae vibes along with a e-guitar strumming fast chords on the offbeat. The guitar is running through a chorus effect. The male voices are singing a simple melody. This song may be playing at a live concert before a sports-event.,"['skarock', 'acoustic drums', 'e-bass', 'electric piano', 'e-guitar', 'male voices singing', 'amateur recording', 'fast tempo', 'uplifting mood']",train
jazz,C:\Users\user\Downloads\gnn_bert_music_context\data\processed\graphs\jazz\jazz.00084.pkl,C:\Users\user\Downloads\gnn_bert_music_context\data\processed\features\jazz\jazz.00084.npy,CgK0DU3KFBc,This slow jazz song features a female voice. This is accompanied by an acoustic guitar playing chords. A keyboard plays a fills using a xylophone-like tone. The bass plays the root notes of the chords. Finger snaps are played in some spaces between lines. A shaker provides the percussion for this song. The song features a jazz chord progression providing some complexity to this song. The mood of this song is romantic. This song can be played in a romantic movie.,"['slow jazz song', 'young female voice', 'acoustic guitar', 'finger snaps', 'keyboard', 'shaker', 'romantic mood']",train
pop,C:\Users\user\Downloads\gnn_bert_music_context\data\processed\graphs\pop\pop.00015.pkl,C:\Users\user\Downloads\gnn_bert_music_context\data\processed\features\pop\pop.00015.npy,46WpyRUqwXU,"The low quality recording features a pop song that contains a passionate female vocal, alongside wide harmonizing male vocals, singing over wide brass melody, electric guitar chords, straight piano melody, punchy snare and smooth bass guitar. It sounds groovy, addictive and passionate.","['low quality', 'pop', 'wide harmonizing male vocals', 'wide shimmering hi hats', 'wide brass melody', 'electric guitar chords', 'straight piano melody', 'reverberant passionate female vocal', 'punchy snare', 'smooth bass guitar', 'groovy', 'addictive', 'passionate']",train
pop,C:\Users\user\Downloads\gnn_bert_music_context\data\processed\graphs\pop\pop.00006.pkl,C:\Users\user\Downloads\gnn_bert_music_context\data\processed\features\pop\pop.00006.npy,yqb4GenP8gs,"This is a pop R&B song in Portuguese. The song has a cheerful and fun effect to it, and the four on the floor style helps in creating the feeling of dancing. The singers are a man and woman with smooth vocals, singing a duet - harmonically.","['portuguese pop r&b music', 'dance song', 'four on the floor drum beat', 'duet', 'male and female vocalists', 'r&b vocals', 'cheerful', 'positive', 'happy', 'clapping hands', 'fun']",train
hiphop,C:\Users\user\Downloads\gnn_bert_music_context\data\processed\graphs\hiphop\hiphop.00053.pkl,C:\Users\user\Downloads\gnn_bert_music_context\data\processed\features\hiphop\hiphop.00053.npy,3VTinB14Pmw,"The low quality recording features an ambient scraping synth lead playing. It sounds muddy, muffled, but also spacey and the recording is noisy and in mono.","['ambient scraping synth lead', 'muddy', 'noisy', 'mono', 'spacey', 'muffled', 'low quality']",train
blues,C:\Users\user\Downloads\gnn_bert_music_context\data\processed\graphs\blues\blues.00038.pkl,C:\Users\user\Downloads\gnn_bert_music_context\data\processed\features\blues\blues.00038.npy,grE0lwTsSPg,"This is an upbeat, soulful and funky song. It's got a catchy and fast paced rhythm which makes it good to dance to. The singer has a raspy and energetic voice.","['blues', 'funky', 'soulful', 'upbeat', 'dance', 'vibrant', 'groovy bassline', 'rhythm & blues', 'raspy male vocal', 'energetic male vocalist', 'simple drum beat']",train
metal,C:\Users\user\Downloads\gnn_bert_music_context\data\processed\graphs\metal\metal.00093.pkl,C:\Users\user\Downloads\gnn_bert_music_context\data\processed\features\metal\metal.00093.npy,Ime3FHuQG4k,"The low quality recording features a live performance of a metal song and it consists of energetic male vocal singing over energetic drums, distorted bass guitar and electric guitar riff. It sounds crushed, energetic, distorted and noisy, as it was probably recorded with a phone.","['low quality', 'crushed', 'metal', 'live performance', 'energetic male vocal', 'electric guitar chords', 'distorted bass guitar', 'energetic drums', 'distorted', 'noisy']",train
hiphop,C:\Users\user\Downloads\gnn_bert_music_context\data\processed\graphs\hiphop\hiphop.00036.pkl,C:\Users\user\Downloads\gnn_bert_music_context\data\processed\features\hiphop\hiphop.00036.npy,WhNun_U3cRU,"The sounds are background sound elements of a sci-fi tv show. There is no tempo, there are a collection of sounds like machine whirring, computer signal beeps, boomy explosion sounds, white noise, bad signal tones and glitchy noises. The music is chaotic like an alien invasion. This is background sound effects for a science fiction tv show.","['white noise', 'bad signals', 'booming explosions tones', 'background sound effects', 'computer signal tones', 'haunted space ship', 'glitch tones', 'computer sounds', 'no music', 'chaotic atmosphere', 'scientific exposition', 'eerie', 'haunted', 'scary', 'machine whirring', 'space travel', 'alien invasion', 'scraping noises', 'sci-fi tv show', 'space travel', 'no rhythm']",train
disco,C:\Users\user\Downloads\gnn_bert_music_context\data\processed\graphs\disco\disco.00016.pkl,C:\Users\user\Downloads\gnn_bert_music_context\data\processed\features\disco\disco.00016.npy,9PMoI31ncIs,This is a house music piece. There is a synth with a crisp sound playing the melody while a lot of turntable scratches can be heard in the background. An electronic drum beat with lots of snare beat repeat sounds provide the rhythm. The atmosphere is energetic and upbeat. This piece could be played at nightclubs or dance clubs.,"['house', 'disco music', 'no singer', 'electronic', 'synth', 'turntable', 'electronic drums', 'energetic', 'dance', 'upbeat', 'club music']",train
metal,C:\Users\user\Downloads\gnn_bert_music_context\data\processed\graphs\metal\metal.00047.pkl,C:\Users\user\Downloads\gnn_bert_music_context\data\processed\features\metal\metal.00047.npy,hBQFoDI3NMI,"This music is an Electric Guitar instrumental. The tempo is fast with a dissonant background score . There is the sound of people talking in the background. The music is superimposed on a track which doesn’t seem to be in sync. The lead however is powerful, loud, intense and emphatic. This is a Rock Instrumental.","['instrumental', 'electric guitar', 'people talking in the background', 'home recording', 'amateur recording', 'rock instrumental', 'intense', 'loud', 'amplified guitar', 'youthful', 'enthusiastic', 'vehement', 'spirited', 'sonic power’', 'medium tempo', 'background noises', 'accompanying music', 'people talking', 'loud', 'powerful', 'intense', 'rock', 'hard rock', 'metal', 'dissonant']",train
jazz,C:\Users\user\Downloads\gnn_bert_music_context\data\processed\graphs\jazz\jazz.00056.pkl,C:\Users\user\Downloads\gnn_bert_music_context\data\processed\features\jazz\jazz.00056.npy,IGyDtKAU1u8,"This is a jazz music piece. It is an instrumental piece. The saxophone and the trumpet are playing the melody. The piano, the electric guitar and the bass guitar are accompanying them in the background. The tempo is slow. The atmosphere is chill. This piece could be playing in the background at a coffee shop.","['jazz music', 'instrumental', 'saxophone', 'trumpet', 'electric guitar', 'piano', 'bass guitar', 'acoustic drums', 'slow tempo', 'chill']",train
reggae,C:\Users\user\Downloads\gnn_bert_music_context\data\processed\graphs\reggae\reggae.00080.pkl,C:\Users\user\Downloads\gnn_bert_music_context\data\processed\features\reggae\reggae.00080.npy,6o6DsSnbpxE,This song contains a male voice singing sounding sad. Drum and percussion are playing a reggae rhythm along with two e-guitars playing. One a melody panned to the right side of the speakers and another short rhythmic strokes as a rhythmic element. The bass is playing its own melody. This song may be playing at a live concert.,"['reggae', 'sad atmosphere', 'e-bass', 'drums', 'e-guitars', 'male voice singing', 'backing vocals']",train
hiphop,C:\Users\user\Downloads\gnn_bert_music_context\data\processed\graphs\hiphop\hiphop.00026.pkl,C:\Users\user\Downloads\gnn_bert_music_context\data\processed\features\hiphop\hiphop.00026.npy,sETUDPPoDuo,"This music is an electronic instrumental. The tempo is fast with heavily synthesised music and electronic arrangements with heavy reverb and surround sound. The music is droning, incessant, trippy, hypnotic and trance like. This is an EDM/Synth Pop.","['instrumental', 'fast tempo', 'electronic music', 'electro pop', 'synth pop', 'electronica', 'futuristic', 'psychedelic', 'incessant', 'synthesiser arrangements', 'electronic instrumentation', 'reverb', 'surround sound', 'psychedelic', 'trap', 'trippy', 'techno', 'rave', 'trance', 'edm', 'hypnotic']",train
metal,C:\Users\user\Downloads\gnn_bert_music_context\data\processed\graphs\metal\metal.00033.pkl,C:\Users\user\Downloads\gnn_bert_music_context\data\processed\features\metal\metal.00033.npy,5DNl3DX4rr0,This is a heavy metal music piece from a video game soundtrack. The piece is being performed in the style of a military march. There are speech sounds that resemble the speech of a fascist dictator. The main theme is being played by the distorted electric guitar with the bass guitar playing in the background. The rhythmic background is provided by the acoustic drums. There is an aggressive and militaristic atmosphere. This piece could be playing in the soundtrack of a video game or a movie that has a war setting.,"['video game theme', 'heavy metal', 'speech sounds', 'marching sounds', 'distorted electric guitar', 'bass guitar', 'acoustic drums', 'aggressive', 'militaristic', 'epic']",train
classical,C:\Users\user\Downloads\gnn_bert_music_context\data\processed\graphs\classical\classical.00094.pkl,C:\Users\user\Downloads\gnn_bert_music_context\data\processed\features\classical\classical.00094.npy,Pf9AaTV4-yw,"A male opera singer sings this majestic operatic song with a philharmonic orchestra accompaniment, trumpets blaring, string section accompaniment and a strong rhythm section with loud timpani playing. The song is energetic and dramatic. The song is a movie soundtrack and western classic song with poor audio quality.","['poor audio quality', 'male opera singer', 'building anticipation', 'philharmonic orchestra', 'string orchestra', 'passionate', 'energetic', 'steady marching rhythm', 'medium tempo', 'loud drumming', 'majestic', 'victory march', 'western classical music', 'male bravado', 'instrumental music', 'timpani playing', 'trumpets blaring', 'brass section']",train
hiphop,C:\Users\user\Downloads\gnn_bert_music_context\data\processed\graphs\hiphop\hiphop.00052.pkl,C:\Users\user\Downloads\gnn_bert_music_context\data\processed\features\hiphop\hiphop.00052.npy,uy3nQ9VYE-Q,A digital drum is playing a simple groove with a digital bass. An e-piano is playing 2 chords to add some color to the song. A male voice is rapping with light adults in the background. In the background a female voice sample is coming in singing a little melody. This song may be playing in a car slowly riding down the streets.,"['hiphop', 'digital drums', 'e-piano', 'bass', 'male voice rapping', 'female voice sample', 'cool attitude']",train
jazz,C:\Users\user\Downloads\gnn_bert_music_context\data\processed\graphs\jazz\jazz.00051.pkl,C:\Users\user\Downloads\gnn_bert_music_context\data\processed\features\jazz\jazz.00051.npy,pYaegEQ_wtI,"The low quality recording features a compilation of bright trumpet melodies. The recording is noisy, in mono and it sounds passionate and jazzy.","['low quality', 'mono', 'noisy', 'bright trumpet melody', 'jazzy', 'passionate', 'compilation']",train
metal,C:\Users\user\Downloads\gnn_bert_music_context\data\processed\graphs\metal\metal.00084.pkl,C:\Users\user\Downloads\gnn_bert_music_context\data\processed\features\metal\metal.00084.npy,guYWKdxrtIg,"This music is an electric guitar solo. The tempo is medium fast with an animated electric guitar riff without any accompaniment. The music is loud, powerful, rhythmic and youthful with a bit of static or white noise .","['instrumental', 'medium fast tempo', 'home video', 'stringed instrument', 'electric guitar lead', 'amateur recording', 'minimalist', 'no accompaniment', 'electric guitar solo', 'amplified guitar', 'static', 'electric guitar solo', 'vibration', 'rock', 'metal', 'hard rock', 'heavy metal', 'powerful', 'loud feedback', 'sonic power']",train
country,C:\Users\user\Downloads\gnn_bert_music_context\data\processed\graphs\country\country.00064.pkl,C:\Users\user\Downloads\gnn_bert_music_context\data\processed\features\country\country.00064.npy,q-sJu8CoZts,"A male vocalist sings this high energy Country Song. The tempo is fast with animated Banjo, fiddle, auto harp, acoustic guitar and cello. The song is cheerful, happy, enthusiastic, fervent, pulsating, buoyant and animated with vocalising and backup. This song is a spirited Country Folk Song.","['male vocalist', 'fast tempo', 'country music', 'lively vocals', 'lively backup', 'banjo', 'cello', 'auto harp', 'fiddle', 'acoustic guitar', 'country music', 'country folk music', 'vocalisation', 'high energy', 'fun', 'merry', 'cheerful', 'live performance', 'concert', 'live audience', 'enthusiastic', 'animated', 'regional music']",train
metal,C:\Users\user\Downloads\gnn_bert_music_context\data\processed\graphs\metal\metal.00048.pkl,C:\Users\user\Downloads\gnn_bert_music_context\data\processed\features\metal\metal.00048.npy,PQ7cX2Cnusg,This rock song features a guitar solo played on a guitar with heavy distortion. The solo starts off with high pitch notes being played. This is followed by a dive bomb using the whammy bar. The guitar then plays a descending lick followed by scratch harmonics and another descending run. This is accompanied by percussion playing a powerful rock beat in common time. The bass plays the root notes of the chords. Another distortion guitar plays power chords to back the lead guitar. There are no voices in this song. This song can be used in a car chase sequence in a movie.,"['rock song', 'guitar solo', 'distortion guitar', 'moderate tempo', 'guitar harmonics', 'scratch harmonics', 'whammy bar dive bomb', 'speed metal', 'no voice', 'instrumental', 'power percussion', 'bass']",train
hiphop,C:\Users\user\Downloads\gnn_bert_music_context\data\processed\graphs\hiphop\hiphop.00090.pkl,C:\Users\user\Downloads\gnn_bert_music_context\data\processed\features\hiphop\hiphop.00090.npy,K-zkbbliQcI,"The low quality recording features a hip hop song that consists of harmonizing male vocals, alongside background male vocals in the left channel and rough, repetitive male vocals in the right channel of the stereo image, singing over addictive synth lead melody, straight synth piano chords, boomy 808 bass and snaps. Right before the bass drops, there is a short snare roll. It sounds groovy and addictive, like something you would hear in clubs a lot.","['hip hop', 'harmonizing male vocals', 'background male vocal', 'rough repetitive male vocal', 'addictive synth lead melody', 'boomy 808 bass', 'snaps', 'snare roll', 'straight synth piano chords', 'groovy', 'addictive', 'club', 'low quality']",train
reggae,C:\Users\user\Downloads\gnn_bert_music_context\data\processed\graphs\reggae\reggae.00057.pkl,C:\Users\user\Downloads\gnn_bert_music_context\data\processed\features\reggae\reggae.00057.npy,JFGNmPzPXeA,Someone is playing an acoustic drum groove with a snare that uses reverb. An e-bass is playing a sub bassline. An e-guitar is strumming short rhythmic chords on the backbeat giving this music its reggae vibe. A keyboard is playing a sound in the mid range and another keyboard responds with a countermelody playing a melody using a brass sound. In the background you can hear people talking. This song may be playing live at a festival.,"['amateur recording', 'reggae', 'acoustic drums', 'e-guitar', 'e-bass', 'piano', 'medium tempo', 'laid back energy']",train
reggae,C:\Users\user\Downloads\gnn_bert_music_context\data\processed\graphs\reggae\reggae.00061.pkl,C:\Users\user\Downloads\gnn_bert_music_context\data\processed\features\reggae\reggae.00061.npy,XXBVsNt2Qr8,"A female singer sings this passionate melody. The song is medium tempo with steady drumming rhythm, groovy bass line, Caribbean percussion, guitar accompaniment and a brass band playing percussively. The song is emotional and spirited. The song is a classic renege hit.","['female singer', 'spirited singing', 'reggae hits', 'tropical dance hit', 'caribbean music style', 'trumpets blaring', 'caribbean percussions rhythm', 'medium tempo', 'guitar accompaniment', 'groovy bass line', 'steady drumming rhythm', 'brass band harmony', 'emotional', 'passionate', 'reggae groove', 'classic reverse hits', 'spirited', 'dance groove', 'beachside party', 'people dancing', 'inspiring', 'life is good', 'enjoy life', 'life is a dance']",train
metal,C:\Users\user\Downloads\gnn_bert_music_context\data\processed\graphs\metal\metal.00024.pkl,C:\Users\user\Downloads\gnn_bert_music_context\data\processed\features\metal\metal.00024.npy,J7fVdG7Zd3A,"This music is an electric guitar solo. The tempo is medium with a haunting and lilting electric guitar riff.The music is minimalist with no accompaniment. It is youthful, energetic, passionate , melodic and pensive.","['instrumental', 'electric guitar', 'medium tempo', 'rock', 'metal', 'soft rock', 'tutorial', 'experiment', 'applied instruments', 'external amplification', 'sonic power', 'loud feedback', 'resonating', 'vibrations', 'home recording', 'muffled audio', 'electric guitar solo', 'guitar riff']",train
classical,C:\Users\user\Downloads\gnn_bert_music_context\data\processed\graphs\classical\classical.00095.pkl,C:\Users\user\Downloads\gnn_bert_music_context\data\processed\features\classical\classical.00095.npy,GMFWnMRtfNI,"This is a classical music piece played with the virtual sounds of a wind orchestra. The orchestra is composed of the oboe, the clarinet, the basset horn, the bassoon and the contrabass. The piece is in major key which gives the piece a more positive aura in general, but the virtual sounds make it feel inauthentic.","['classical music', 'no singer', 'instrumental', 'virtual sounds', 'orchestra', 'winds', 'oboe', 'clarinet', 'basset horn', 'bassoon', 'contrabass', 'major key', 'positive', 'inauthentic']",train
blues,C:\Users\user\Downloads\gnn_bert_music_context\data\processed\graphs\blues\blues.00004.pkl,C:\Users\user\Downloads\gnn_bert_music_context\data\processed\features\blues\blues.00004.npy,KmBaE7ozWow,"A male vocalist sings this melodic jazz/blues. The tempo is medium fast with a piano accompaniment, groovy bass lines, infectious drumming and guitar accompaniment. There is a sound of syncopated ukulele and another string instrument playing over the song. The song is melodic and ambient but the superimposed strings melody is making it chaotic, busy, confusing and confusing.","['male vocalist', 'fast tempo', 'jazz', 'blues', 'dissonant strings', 'groovy bass', 'steady drumming', 'intense', 'keyboard harmony', 'lively drumming', 'superimposed syncopated strings', 'syncopated music', 'groovy bass lines', 'two tracks playing', 'unrelated tracks', 'chaotic', 'confusing', 'ukele', 'acustic guitar', 'bass guitar', 'boomy']",train
reggae,C:\Users\user\Downloads\gnn_bert_music_context\data\processed\graphs\reggae\reggae.00038.pkl,C:\Users\user\Downloads\gnn_bert_music_context\data\processed\features\reggae\reggae.00038.npy,DvN5813H7Bo,This is a reggae music piece. There is a male vocalist singing in a laid-back manner. The keyboard is playing the main tune. The electric guitar is being strummed in a staccato off-beat pattern. There is a groovy bass line being played by the bass guitar. The rhythmic background consists of a reggae acoustic drum beat. The atmosphere is chill and trippy. This piece could be used in the soundtrack of a romance movie with a tropical setting.,"['reggae', 'male vocal', 'laid-back singing', 'keyboard', 'electric guitar', 'bass guitar', 'acoustic drums', 'chill', 'trippy', 'groovy']",train
blues,C:\Users\user\Downloads\gnn_bert_music_context\data\processed\graphs\blues\blues.00006.pkl,C:\Users\user\Downloads\gnn_bert_music_context\data\processed\features\blues\blues.00006.npy,gp7j9o2x9co,This amateur recording features two guitars being played. One guitar is playing a blues rhythm. The other guitar is strumming the main chord once and then playing fills on the higher register. This is accompanied by a tambourine as the percussion. There are no voices in this song. This is an instrumental blues rock song. The mood of this song is suspenseful. This song can be used in a detective movie.,"['amateur recording', 'blues guitar', 'guitar fills', 'tambourine backing', 'minimal instruments', 'no voice', 'instrumental song', 'suspenseful mood', 'moderate tempo']",train
hiphop,C:\Users\user\Downloads\gnn_bert_music_context\data\processed\graphs\hiphop\hiphop.00037.pkl,C:\Users\user\Downloads\gnn_bert_music_context\data\processed\features\hiphop\hiphop.00037.npy,tw0BGErgupk,This hip-hop song features a high pitched voice sounding like a cartoon voice singing the main melody. The quality of the recording is low and some of the instruments cannot be identified. The voice is accompanied by a flute in the beginning and then a piano fill. A synth plays chords in the background. This song can be played in an animated movie.,"['amateur recording', 'high pitched voice', 'cartoon voice', 'hip-hop song', 'low quality audio', 'synth song', 'piano', 'flute']",train
metal,C:\Users\user\Downloads\gnn_bert_music_context\data\processed\graphs\metal\metal.00069.pkl,C:\Users\user\Downloads\gnn_bert_music_context\data\processed\features\metal\metal.00069.npy,OM04OFjNPGw,"A male singer sings this death metal melody with screaming vocals. The tempo is fast, with fast metal drumming, percussive bass line, rhythmic distorted guitar play and various percussion hits. The song is exciting  and high on adrenaline. The audio quality is poor.","['death metal', 'male vocals', 'fast tempo', 'mosh pit', 'head banging', 'poor audio quality', 'song ending', 'abrupt ending', 'passionate', 'youthful', 'pain', 'excitement', 'happiness', 'retro death metal', 'bad audio quality', 'emo teens', 'fast metal drumming', 'percussive bass line', 'distorted guitar playing rhythm']",train
jazz,C:\Users\user\Downloads\gnn_bert_music_context\data\processed\graphs\jazz\jazz.00080.pkl,C:\Users\user\Downloads\gnn_bert_music_context\data\processed\features\jazz\jazz.00080.npy,cQpK9zs_uv0,This is the live performance of a percussion piece. There is a playful sounding jazz steel pan solo being performed on stage. The atmosphere is easygoing. This piece could be used during tropical scenery shots in a movie with a summer/vacation theme.,"['percussion', 'rhythm', 'live performance', 'instrumental', 'jazz steel pan', 'playful', 'relaxing', 'easygoing']",train
metal,C:\Users\user\Downloads\gnn_bert_music_context\data\processed\graphs\metal\metal.00070.pkl,C:\Users\user\Downloads\gnn_bert_music_context\data\processed\features\metal\metal.00070.npy,PQ7cX2Cnusg,This rock song features a guitar solo played on a guitar with heavy distortion. The solo starts off with high pitch notes being played. This is followed by a dive bomb using the whammy bar. The guitar then plays a descending lick followed by scratch harmonics and another descending run. This is accompanied by percussion playing a powerful rock beat in common time. The bass plays the root notes of the chords. Another distortion guitar plays power chords to back the lead guitar. There are no voices in this song. This song can be used in a car chase sequence in a movie.,"['rock song', 'guitar solo', 'distortion guitar', 'moderate tempo', 'guitar harmonics', 'scratch harmonics', 'whammy bar dive bomb', 'speed metal', 'no voice', 'instrumental', 'power percussion', 'bass']",train
reggae,C:\Users\user\Downloads\gnn_bert_music_context\data\processed\graphs\reggae\reggae.00043.pkl,C:\Users\user\Downloads\gnn_bert_music_context\data\processed\features\reggae\reggae.00043.npy,9Tl2l3bsLpE,People are playing the same groove on a lot of percussive instruments. In the background you can hear shakers. Someone is strumming chords with an effect on an e-guitar and someone is playing fill-ins on acoustic drums. This song may be playing at a local live concert from a music school.,"['amateur recording', 'reggae', 'shaker', 'bongos', 'djembe', 'congas', 'bongos', 'acoustic drums', 'e-guitar', 'medium to uptempo']",train
disco,C:\Users\user\Downloads\gnn_bert_music_context\data\processed\graphs\disco\disco.00093.pkl,C:\Users\user\Downloads\gnn_bert_music_context\data\processed\features\disco\disco.00093.npy,0i8VM_EooCs,This is a finnish techno pop piece with polka influences. There is a female vocalist in the lead singing rapidly in a manner that resembles yodeling. A male vocalist occasionally joins her at a lower pitch while singing the melody. The melodic background consists of a keyboard tune and a simple bass line. The rhythmic background is provided by an electronic disco drum beat. The atmosphere is playful and danceable. This piece could be used in the background of a comedic social media content. It could also be played at children's events.,"['finnish techno pop', 'polka', 'live performance', 'male vocal', 'female vocal', 'yodel-like singing', 'keyboard', 'bass', 'electronic drums', 'european', 'playful', 'vibrant', 'danceable', 'medium tempo']",train
country,C:\Users\user\Downloads\gnn_bert_music_context\data\processed\graphs\country\country.00080.pkl,C:\Users\user\Downloads\gnn_bert_music_context\data\processed\features\country\country.00080.npy,jd1IS7N3u0I,"This features two clips from country songs. The first song is upbeat, and suitable for rhythmic and groovy dancing. The second song is slower and features a group of male vocalists harmonising. The overall feeling is a country midwestern feel.","['country music', 'old schol', 'vintage country music', 'country folk music', 'two songs', 'group male harmony vocals', 'upbeat', 'upright bass guitar']",train
country,C:\Users\user\Downloads\gnn_bert_music_context\data\processed\graphs\country\country.00079.pkl,C:\Users\user\Downloads\gnn_bert_music_context\data\processed\features\country\country.00079.npy,vgpV6F9tge8,Someone is playing an acoustic guitar along with someone playing a solo melody on top with another plucked string instrument. They are accompanied by someone playing a djembe or another percussive instrument. This song may be playing sitting around a bonfire.,"['rock/country', 'acoustic guitar', 'guitar-like instrument', 'djembe', 'medium to uptempo', 'amateur recording']",train
disco,C:\Users\user\Downloads\gnn_bert_music_context\data\processed\graphs\disco\disco.00042.pkl,C:\Users\user\Downloads\gnn_bert_music_context\data\processed\features\disco\disco.00042.npy,7Msk_hkz6zk,"This song is a spirited duet in foreign language . The tempo is fast with male and female vocals, animated digital drums and synthesiser arrangement . The song is upbeat, catchy, engaging, punchy, buoyant and has a nice dance groove. This music is contemporary Regional Pop.","['duet', 'female singer', 'male singer', 'foreign language', 'contemporary folk', 'punchy', 'peppy', 'youthful', 'dance groove', 'disco pop', 'buoyant', 'punchy', 'regional pop', 'synthesiser arrangement', 'drum kit', 'digital drumming', 'upbeat', 'contemporary', 'groovy rhtyhm', 'youthful', 'energetic', 'electronic music', 'regional pop', 'disco pop', 'world music']",train
rock,C:\Users\user\Downloads\gnn_bert_music_context\data\processed\graphs\rock\rock.00078.pkl,C:\Users\user\Downloads\gnn_bert_music_context\data\processed\features\rock\rock.00078.npy,4q-eGdrqiIw,"The low quality recording features flat male vocals talking over rock songs playing in the background. It sounds like a documentary about music. The recording is muffled, noisy and in mono, as it was probably recorded with a phone.","['low quality', 'flat male vocals', 'rock', 'passionate female vocal', 'mono', 'noisy', 'muffled', 'documentary']",train
metal,C:\Users\user\Downloads\gnn_bert_music_context\data\processed\graphs\metal\metal.00041.pkl,C:\Users\user\Downloads\gnn_bert_music_context\data\processed\features\metal\metal.00041.npy,f5eMUCSZCjc,"The low quality recording features a metal song that consists of wide aggressive, distorted electric guitars, distorted bass, clean electric guitar solo melody, energetic crash cymbals, punchy snare, double pedal kick and throaty male vocal talking and screaming over it. There are some energetic snare rolls that serve as a breakbeat and transition to the next section. It sounds energetic, aggressive and manic. Putting the vocal so low in the mix, makes it a low quality sound.","['low quality', 'metal', 'wide aggressive distorted electric guitars', 'solo clean electric guitar melody', 'distorted bass guitar', 'throaty male vocal', 'energetic crash cymbals', 'punchy snare', 'snare rolls', 'double pedal kick', 'energetic', 'manic', 'aggressive']",train
reggae,C:\Users\user\Downloads\gnn_bert_music_context\data\processed\graphs\reggae\reggae.00000.pkl,C:\Users\user\Downloads\gnn_bert_music_context\data\processed\features\reggae\reggae.00000.npy,KFB1raoIhoU,A drum is playing a groove with a strong snare sound. An e-guitar is strumming short funky chords on the offbeat creating a reggae style rhythm. A male backing voice is shouting in the same offbeat. An e-bass is playing a soft funky bassline while a male voice sings in the mid range. A trumpet is adding a short melody on top spicing up the good vibes. This song may be playing in a car racing video-game.,"['funk/dance', 'e-guitar', 'drums', 'trumpets', 'male voice singing', 'male backing voice', 'e-bass', 'uptempo', 'good energetic vibes']",train
hiphop,C:\Users\user\Downloads\gnn_bert_music_context\data\processed\graphs\hiphop\hiphop.00025.pkl,C:\Users\user\Downloads\gnn_bert_music_context\data\processed\features\hiphop\hiphop.00025.npy,h8JS_FEF_fY,"The song radiates the sound of late 2000s and early 2010s R&B. There are various synths and pads used, some of which are rhythmic and wobbly. The singer has a soulful voice.","['upbeat r&b', 'hip hop', 'pop r&b', 'electro-r&b', 'dance', 'soulful male vocalist', 'bright reverberated synth', '2010s r&b']",train
pop,C:\Users\user\Downloads\gnn_bert_music_context\data\processed\graphs\pop\pop.00078.pkl,C:\Users\user\Downloads\gnn_bert_music_context\data\processed\features\pop\pop.00078.npy,OpWCljke4oQ,"This is a pop music ballad piece. There is a male vocal singing melodically in the lead with a female back vocal singing at a higher pitch in the background. The melodic background consists of the strings, the keyboard and the bass guitar. There is a 6/8 slow tempo acoustic drum beat in the rhythmic background. The piece has an emotional atmosphere. This piece could be used in a romantic setting such as a slow dance night event or a wedding. It could also be used in the soundtrack of a romance movie.","['pop music', 'ballad', '80s feel', 'male vocal', 'melodic singing', 'female back vocal', 'strings', 'keyboard', 'bass guitar', 'acoustic drums', 'romantic', 'emotional', 'slow tempo']",train
pop,C:\Users\user\Downloads\gnn_bert_music_context\data\processed\graphs\pop\pop.00087.pkl,C:\Users\user\Downloads\gnn_bert_music_context\data\processed\features\pop\pop.00087.npy,9UD7qz7DuVY,Someone is playing a minor chord composition on an acoustic piano while a female voice is singing with a lot of reverb on her voice. This song may be playing on a karaoke night.,"['pop-ballad', 'acoustic piano', 'female voice singing', 'romantic', 'slower tempo']",train
disco,C:\Users\user\Downloads\gnn_bert_music_context\data\processed\graphs\disco\disco.00019.pkl,C:\Users\user\Downloads\gnn_bert_music_context\data\processed\features\disco\disco.00019.npy,ZPK1hSPI540,"A female vocalist sings this pleasant pop song. The tempo is medium with a keyboard harmony, melodious acoustic guitar harmony, bright drumming , steel pan and the sound of birds chirping. The song is mellow, soft, pleasant, soothing, hopeful, sentimental, sweet and cheerful.this song is a Reggae Pop.","['female vocalist', 'medium tempo', 'birds chirping', 'melodic acoustic guitar', 'steel pan', 'enthusiastic drumming', 'synthesiser arrangements', 'soft', 'mellow', 'pleasant', 'hopeful', 'pop', 'pop rap', 'disco pop', 'reggae', 'multi genre soundscape', 'soothing']",train
rock,C:\Users\user\Downloads\gnn_bert_music_context\data\processed\graphs\rock\rock.00040.pkl,C:\Users\user\Downloads\gnn_bert_music_context\data\processed\features\rock\rock.00040.npy,4Y5VcH7iK3Q,Instrumental surf rock with a lead electric guitar playing the melody and a rhythm electric guitar strumming chords. Ride cymbals are loud in the mix and spring reverb is used as an effect. The electric bass is playing a walking pattern.,"['instrumental', 'surf rock', 'ride cymbal', 'spring reverb', 'rhythm electric guitar strumming', 'lead electric guitar melody', 'walking bassline']",train
disco,C:\Users\user\Downloads\gnn_bert_music_context\data\processed\graphs\disco\disco.00086.pkl,C:\Users\user\Downloads\gnn_bert_music_context\data\processed\features\disco\disco.00086.npy,MSqQKf3O3vY,"A male singer sings this pop melody with animated vocals making annoying sounds. The song is medium tempo with backup vocals singing harmony, keyboard accompaniment, percussive a bass line and strong drumming rhythm. The song is a background track for an animated tv show. The audio quality is very poor.","['animated vocals', 'male singer', 'medium fast tempo', 'children’s show', 'funny tv show', 'comedy', 'slapstick comedy', 'backup singers', 'multiple overlapping tracks', 'groovy bass line', 'discordant vocal tones', 'keybiard accompaniment', 'dance rhythm', 'retro pop song', 'animated movie soundtrack', 'annoying vocal sounds', 'poor audio quality']",train
disco,C:\Users\user\Downloads\gnn_bert_music_context\data\processed\graphs\disco\disco.00082.pkl,C:\Users\user\Downloads\gnn_bert_music_context\data\processed\features\disco\disco.00082.npy,f8nysknTFUo,"A female vocalist sings this spirited rap. The tempo is medium with punchy drumming and synthesiser arrangements. The song is youthful,energetic,spirited with a catchy recurring vocal riff. The song is an Electro Rap/Hip-Hop song.","['female singer', 'medium fast tempo', 'rap', 'hip-hop', 'female rapper', 'passionate', 'intense', 'rapper', 'synthesiser arrangements', 'electronic music', 'electro rap', 'punchy drumming', 'drum machine', 'bass drum', 'psychedelic music', 'syncopated', 'youthful', 'energetic', 'enthusiastic', 'pop rap', 'disco rap', 'insistent', 'catchy vocal riff', 'recurring beat', 'dance music', 'club', 'dj']",train
disco,C:\Users\user\Downloads\gnn_bert_music_context\data\processed\graphs\disco\disco.00054.pkl,C:\Users\user\Downloads\gnn_bert_music_context\data\processed\features\disco\disco.00054.npy,Q7oWXOByo28,This electropop song features a female voice singing a repetitive melody. The voice seems like it is coming from a distance. This is accompanied by programmed percussion playing a disco beat. The kick is played at every count. The bass plays a funky bass line using octaves and filler notes in between. There are synth layers that are played in this song. One synth layer plays a piano-sounding loop only with chords. Another synth layer plays an ascending and descending loop according to the chords being played. This song has a happy mood and can be played in a club.,"['electropop', 'dance music', 'female voice', 'repetitive vocal melody', 'distant sounding voice', 'disco music', 'funky bass', 'programmed percussion', 'fast tempo', 'synth sounds', 'happy mood', 'club song']",train
pop,C:\Users\user\Downloads\gnn_bert_music_context\data\processed\graphs\pop\pop.00008.pkl,C:\Users\user\Downloads\gnn_bert_music_context\data\processed\features\pop\pop.00008.npy,C0sSgrr5xrQ,"A male singer sings this cool retro melody with duck quacking sounds. The song is medium tempo with a steady drumming rhythm with various funny percussion hits, accordion accompaniment and a groovy bass line. The song is inspiring and nostalgic. The song has an average audio quality.","['male singer', 'stylish singing voice', 'groovy bass line', 'quacking vocals', 'medium tempo', 'cymbals crashing', 'percussion bells', 'various percussion hits', 'funny', 'cheerful', 'animated vocals', 'dance rhythm', 'accordion accompaniment', 'cartoon show music theme', 'inspiring', 'motivational', 'children’s education program', 'movie soundtrack', 'retro pop songs', 'children’s favourites', 'steady marching rhythm']",train
country,C:\Users\user\Downloads\gnn_bert_music_context\data\processed\graphs\country\country.00063.pkl,C:\Users\user\Downloads\gnn_bert_music_context\data\processed\features\country\country.00063.npy,fEfe8jznp5Q,This recording is full of digital game noises along with short instrumentation sounds. Then a country song starts to play a composition in a very bad quality along with duck sounds. Nature sounds like water and birds chirping can be noticed. This recording is of poor audio quality and may be playing for a simple videogame.,"['cinematic', 'background sounds', 'gamesounds', 'amateur recording', 'uplifting']",train
metal,C:\Users\user\Downloads\gnn_bert_music_context\data\processed\graphs\metal\metal.00050.pkl,C:\Users\user\Downloads\gnn_bert_music_context\data\processed\features\metal\metal.00050.npy,fmHbWq-7-iQ,"The low quality recording features a soft metal song that consists of muffled male vocals, alongside wide background melodic male vocals, singing over filtered synth pad, uptempo toms rolls, punchy snare and kick hits and shimmering cymbals. It sounds energetic and addictive.","['low quality', 'soft metal', 'uptempo toms rolls', 'punchy snare', 'wide background melodic male vocals', 'muffled male vocal', 'punchy kick', 'shimmering cymbals', 'energetic', 'addictive', 'filtered synth pad melody']",train
jazz,C:\Users\user\Downloads\gnn_bert_music_context\data\processed\graphs\jazz\jazz.00034.pkl,C:\Users\user\Downloads\gnn_bert_music_context\data\processed\features\jazz\jazz.00034.npy,MrMXYO2fzJ4,"The low quality recording features a latin jazz song played in the background over which a drums solo is played. The solo consists of shimmering hi hats, punchy snare and kick hits and low tom rolls, while the latin jazz song consists of groovy piano chords and wooden percussion. It sounds energetic and exciting.","['low quality', 'latin jazz', 'groovy piano chords', 'wooden percussion', 'drums solo', 'punchy kick', 'punchy snare', 'low tom roll', 'shimmering hi hats', 'energetic', 'exciting']",train
hiphop,C:\Users\user\Downloads\gnn_bert_music_context\data\processed\graphs\hiphop\hiphop.00047.pkl,C:\Users\user\Downloads\gnn_bert_music_context\data\processed\features\hiphop\hiphop.00047.npy,rKRI5UcIICI,This is an acoustic drum solo performance. The drummer is playing rapid and complex fills with a heavy use of cowbells. There is a clear latin music influence in this solo. It has an energetic aura. Parts of this performance could be sampled in use for beat-making.,"['instrumental', 'single instrument', 'acoustic drums', 'drum solo', 'cowbells', 'latin influence', 'energetic']",train
jazz,C:\Users\user\Downloads\gnn_bert_music_context\data\processed\graphs\jazz\jazz.00060.pkl,C:\Users\user\Downloads\gnn_bert_music_context\data\processed\features\jazz\jazz.00060.npy,zu_1zpF--Zg,This audio contains someone playing jazz chords and melody on a e-guitar along with an upright bass also creating a slapping sound as a percussive element. In the background you can hear people talking and the sound of dishes. This song may be playing in a restaurant.,"['amateur recording', 'jazz/bossa-nova', 'upright bass', 'e-guitar', 'background noises', 'voices', 'medium to uptempo']",train
reggae,C:\Users\user\Downloads\gnn_bert_music_context\data\processed\graphs\reggae\reggae.00032.pkl,C:\Users\user\Downloads\gnn_bert_music_context\data\processed\features\reggae\reggae.00032.npy,v1EDTMRmJlY,"The low quality recording features a reggae song that consists of passionate male vocal singing over offbeat, widely spread guitar chords, groovy bass, punchy kick hits, punchy snare hits layered with claps, bouncy wooden percussions and echoing brass melody. It gives off happy and fun vibes - as every reggae song should.","['low quality', 'reggae', 'passionate male vocal', 'offbeat wide electric guitar chords', 'groovy bass', 'punchy kick', 'punchy snare', 'claps', 'bouncy wooden percussions', 'echoing brass melody', 'energetic', 'happy', 'fun']",train
reggae,C:\Users\user\Downloads\gnn_bert_music_context\data\processed\graphs\reggae\reggae.00009.pkl,C:\Users\user\Downloads\gnn_bert_music_context\data\processed\features\reggae\reggae.00009.npy,00M9FhCet6s,This children's song features a male voice singing the main melody. There are other voices singing backing vocals. This is accompanied by percussion playing a simple beat. A guitar strums the chords accenting the strums in between lines. The bass plays the root notes of the chords with a reggae feel. The keyboards play chords in the background. This song can be played at a children's party.,"[""children's song"", 'male voice', 'guitar', 'percussion', 'bass', 'happy song', 'keyboard', 'backing voices', 'dance song for children', 'moderate tempo']",train
pop,C:\Users\user\Downloads\gnn_bert_music_context\data\processed\graphs\pop\pop.00073.pkl,C:\Users\user\Downloads\gnn_bert_music_context\data\processed\features\pop\pop.00073.npy,svNayU6q3Dg,This is a pop music piece. There is a female vocalist singing in a shout-like style. There is a flute and an electric guitar playing the melody with the bass guitar playing in the background. The rhythm is provided by a medium tempo acoustic drum beat. The tune is catchy. The piece is in the major key and there is an easygoing atmosphere to it. This piece could be used in the soundtrack of a sit-com during the credits section.,"['pop music', 'female voice', 'shouting-like singing', 'flute', 'electric guitar', 'bass guitar', 'acoustic drums', 'easygoing', 'catchy', 'sentimental', 'medium tempo']",train
metal,C:\Users\user\Downloads\gnn_bert_music_context\data\processed\graphs\metal\metal.00096.pkl,C:\Users\user\Downloads\gnn_bert_music_context\data\processed\features\metal\metal.00096.npy,OM04OFjNPGw,"A male singer sings this death metal melody with screaming vocals. The tempo is fast, with fast metal drumming, percussive bass line, rhythmic distorted guitar play and various percussion hits. The song is exciting  and high on adrenaline. The audio quality is poor.","['death metal', 'male vocals', 'fast tempo', 'mosh pit', 'head banging', 'poor audio quality', 'song ending', 'abrupt ending', 'passionate', 'youthful', 'pain', 'excitement', 'happiness', 'retro death metal', 'bad audio quality', 'emo teens', 'fast metal drumming', 'percussive bass line', 'distorted guitar playing rhythm']",train
hiphop,C:\Users\user\Downloads\gnn_bert_music_context\data\processed\graphs\hiphop\hiphop.00070.pkl,C:\Users\user\Downloads\gnn_bert_music_context\data\processed\features\hiphop\hiphop.00070.npy,vhTWW5Bx15Q,"This is a radio program recording from Romania. There is a male vocal rapping Romanian while another is beatboxing. Then, the rapper starts talking in a radio announcement voice. This recording could be sampled for use in beat-making.","['radio program', 'romanian rap', 'male vocal', 'rapping', 'talking', 'beatboxing']",train
rock,C:\Users\user\Downloads\gnn_bert_music_context\data\processed\graphs\rock\rock.00031.pkl,C:\Users\user\Downloads\gnn_bert_music_context\data\processed\features\rock\rock.00031.npy,7RtQpW2dSU4,"The low quality recording features a rock song that consists of a passionate female vocal, alongside harmonizing background female vocals, singing over wide acoustic guitar chords, groovy bass, punchy kick and snare hits. It sounds addictive and easygoing, even though the recording is a bit messy.","['low quality', 'rock', 'wide acoustic guitar chords', 'groovy bass', 'harmonizing background female vocals', 'passionate female vocal', 'punchy kick', 'punchy snare', 'shimmering hi hats', 'addictive', 'easygoing', 'messy']",train
jazz,C:\Users\user\Downloads\gnn_bert_music_context\data\processed\graphs\jazz\jazz.00093.pkl,C:\Users\user\Downloads\gnn_bert_music_context\data\processed\features\jazz\jazz.00093.npy,A6HJBIU1rD0,This is a jazz song with some latin infusions into the style. The brass section plays bright and ascending melodies. The percussionists play bongos and snares with brushes. The song is fun and suitable for some loose dancing.,"['jazz', 'latin music', 'brass instruments', 'trumpets', 'saxophone', 'traditional percussive instruments', 'bongos', 'intricate piano playing', 'groovy', 'dance']",train
metal,C:\Users\user\Downloads\gnn_bert_music_context\data\processed\graphs\metal\metal.00061.pkl,C:\Users\user\Downloads\gnn_bert_music_context\data\processed\features\metal\metal.00061.npy,LLDHkHHKYkI,"A male singer sings these whispering vocals. The song is medium fast tempo with a fast metal drumming rhythm, percussive bass line, keyboard accompaniment and various percussion hits. The song is tense and full of suspense. The song is a game soundtrack.","['death metal music', 'male singer', 'game soundtrack', 'building anticipation', 'fast drumming rhythm', 'medium fast tempo', 'video game soundtrack', 'passionate', 'energetic', 'scary', 'eerie', 'fast metal drumming', 'groovy bass line', 'story telling', 'inspiring', 'keyboard harmony']",train
country,C:\Users\user\Downloads\gnn_bert_music_context\data\processed\graphs\country\country.00017.pkl,C:\Users\user\Downloads\gnn_bert_music_context\data\processed\features\country\country.00017.npy,9-R70gSqvrc,A full sounding male voice is singing mid range with kind of a radio effect on his voice. Two banjos are strumming chords with one playing the lead melody on top. One is panned to the right side of the speakers. An acoustic drum is playing a four on the floor groove with a kick on every beat and an e-bass is playing his own melody along. In the background you can hear the sound of a photo taken. This song may be playing in an advertisement for a product.,"['country/rock', 'banjo', 'male voice singing', 'mid-range', 'foto shot sound', 'acoustic drums', 'e-bass', 'uptempo']",train
country,C:\Users\user\Downloads\gnn_bert_music_context\data\processed\graphs\country\country.00021.pkl,C:\Users\user\Downloads\gnn_bert_music_context\data\processed\features\country\country.00021.npy,886Qu4V0km4,Someone is playing a melody on a semi acoustic guitar along to a bass ukulele with a very big sound. In the background you can hear something like a harmonica playing a drone chord. This song may be playing at a local concert.,"['country', 'semi acoustic guitar', 'harmonica', 'bas ukulele', 'amateur recording']",train
disco,C:\Users\user\Downloads\gnn_bert_music_context\data\processed\graphs\disco\disco.00098.pkl,C:\Users\user\Downloads\gnn_bert_music_context\data\processed\features\disco\disco.00098.npy,x1S2oreZBWU,This is an R&B/disco funk music piece. There are multiple layers of a female vocalist singing melodically. The melody is being played by the electric guitar while the bass guitar is playing a groovy bass line. There is a funky acoustic drum beat in the background. The atmosphere is hip and the piece is very danceable. The piece could be playing for a 70s night at a dance club.,"['r&b', 'disco funk', 'female vocal', 'melodic singing', 'electric guitar', 'bass guitar', 'acoustic drums', 'groovy', 'hip', 'danceable']",train
jazz,C:\Users\user\Downloads\gnn_bert_music_context\data\processed\graphs\jazz\jazz.00018.pkl,C:\Users\user\Downloads\gnn_bert_music_context\data\processed\features\jazz\jazz.00018.npy,AmAThmRphk0,"The Jazz song features a passionate solo acoustic guitar melody and acoustic rhythm guitar chords, followed by simple double bass. It sounds smooth and elegant, something you would hear in fancy restaurants or good jazz clubs.","['jazz', 'passionate solo acoustic guitar melody', 'acoustic rhythm guitar chords', 'simple double bass', 'smooth', 'elegant']",train
metal,C:\Users\user\Downloads\gnn_bert_music_context\data\processed\graphs\metal\metal.00008.pkl,C:\Users\user\Downloads\gnn_bert_music_context\data\processed\features\metal\metal.00008.npy,LnL3KFKGqHE,"This music is an aggressive instrumental . The tempo is fast with a violent yet melodic tune that dips suddenly to the sound of gunshots and the metallic sound of empty shells hitting the ground. This music is a violent, harsh, loud, and violent Hard Electronica.","['instrumental', 'fast tempo', 'electronic music', 'beeping melody', 'abrupt change', 'violence', 'harsh', 'power electronics', 'hard style', 'death industrial', 'techno music', 'gunshots', 'empty shells falling', 'dj', 'dj mixer', 'turn table', 'scratching', 'violent aggressive', 'techno pop', 'electronica', 'dangerous', 'hardcore techno', 'hardcore house', 'aggressive']",train
disco,C:\Users\user\Downloads\gnn_bert_music_context\data\processed\graphs\disco\disco.00057.pkl,C:\Users\user\Downloads\gnn_bert_music_context\data\processed\features\disco\disco.00057.npy,Q7oWXOByo28,This electropop song features a female voice singing a repetitive melody. The voice seems like it is coming from a distance. This is accompanied by programmed percussion playing a disco beat. The kick is played at every count. The bass plays a funky bass line using octaves and filler notes in between. There are synth layers that are played in this song. One synth layer plays a piano-sounding loop only with chords. Another synth layer plays an ascending and descending loop according to the chords being played. This song has a happy mood and can be played in a club.,"['electropop', 'dance music', 'female voice', 'repetitive vocal melody', 'distant sounding voice', 'disco music', 'funky bass', 'programmed percussion', 'fast tempo', 'synth sounds', 'happy mood', 'club song']",train
country,C:\Users\user\Downloads\gnn_bert_music_context\data\processed\graphs\country\country.00075.pkl,C:\Users\user\Downloads\gnn_bert_music_context\data\processed\features\country\country.00075.npy,F8wGRd9332s,Someone is strumming chords on a guitar while someone else is playing a melody using a harmonica. This song sounds like sitting around  a bonfire.,"['country/pop', 'amateur recording', 'acoustic guitar', 'harmonica', 'medium tempo']",train
jazz,C:\Users\user\Downloads\gnn_bert_music_context\data\processed\graphs\jazz\jazz.00077.pkl,C:\Users\user\Downloads\gnn_bert_music_context\data\processed\features\jazz\jazz.00077.npy,Q6SgmlYMYLA,This song contains e-guitars playing short repeating melodies. An acoustic drum is playing a slow drum and bass like groove with 8th notes on the ride. An e-piano is playing single high pitched notes on top. In the strings a string/pad section is playing long notes/chords in the mid range. This song may be playing at home on a loud speaker.,"['ambient jazz', 'e-guitar', 'pad/string sounds', 'e-piano', 'acoustic drums', 'medium to uptempo']",train
reggae,C:\Users\user\Downloads\gnn_bert_music_context\data\processed\graphs\reggae\reggae.00063.pkl,C:\Users\user\Downloads\gnn_bert_music_context\data\processed\features\reggae\reggae.00063.npy,JFGNmPzPXeA,Someone is playing an acoustic drum groove with a snare that uses reverb. An e-bass is playing a sub bassline. An e-guitar is strumming short rhythmic chords on the backbeat giving this music its reggae vibe. A keyboard is playing a sound in the mid range and another keyboard responds with a countermelody playing a melody using a brass sound. In the background you can hear people talking. This song may be playing live at a festival.,"['amateur recording', 'reggae', 'acoustic drums', 'e-guitar', 'e-bass', 'piano', 'medium tempo', 'laid back energy']",train
rock,C:\Users\user\Downloads\gnn_bert_music_context\data\processed\graphs\rock\rock.00027.pkl,C:\Users\user\Downloads\gnn_bert_music_context\data\processed\features\rock\rock.00027.npy,qUWYzx7pBSw,This song contains a complex drum groove with fill-ins and a loud groove on the ride cymbal. A distorted e-bass is playing a simple fast bassline along with a distorted e-guitar playing lower notes along with the bass. This song may be playing in a car racing video-game.,"['hard-rock', 'e-bass', 'acoustic drums', 'e-guitar', 'fast tempo', 'aggressive']",train
blues,C:\Users\user\Downloads\gnn_bert_music_context\data\processed\graphs\blues\blues.00079.pkl,C:\Users\user\Downloads\gnn_bert_music_context\data\processed\features\blues\blues.00079.npy,d-KxsdWX9xE,"The low quality recording features a blues song that consists of filtered monotone male vocal singing over groovy bass, groovy organ keys, chords, soft kick hits, punchy snare and shimmering cymbals. The song is poorly mixed, as the vocals are not so much in the face as they should be, probably because the bass is eating the other elements - making it sound boomy.","['blues', 'punchy snare', 'groovy bass', 'filtered monotone male vocal', 'shimmering cymbals', 'soft kick hits', 'groovy organ keys chords', 'boomy', 'low quality', 'poor mix']",train
disco,C:\Users\user\Downloads\gnn_bert_music_context\data\processed\graphs\disco\disco.00000.pkl,C:\Users\user\Downloads\gnn_bert_music_context\data\processed\features\disco\disco.00000.npy,NWL-P08eM-U,"A male vocalist sings this peppy rap. The tempo is medium fast with an enthusiastic and catchy guitar rhythm, drum stick clicks, congas, steady drumming and keyboard accompaniment. The song is simple, punchy; buoyant, youthful, animated, vibrant and has a catchy dance groove. This song is contemporary Hip-Hop/Rap.","['male singer', 'medium tempo', 'spirited', 'vibrant', 'buoyant', 'foreign language', 'punchy guitar rhythm', 'drum stick clicks', 'disco rap', 'punchy', 'guitar accompaniment', 'steady drumming', 'congas', 'keyboard harmony', 'energetic', 'rap', 'hip-hop', 'pop rap', 'youthful', 'spirited', 'animated', 'dance groove', 'vibrant', 'punchy guitar rhythms drum stick clicks', 'rhythmic patter']",train
classical,C:\Users\user\Downloads\gnn_bert_music_context\data\processed\graphs\classical\classical.00089.pkl,C:\Users\user\Downloads\gnn_bert_music_context\data\processed\features\classical\classical.00089.npy,WKL40jfQD3g,This composition contains a horn playing a melody with reverb on it. Then a string section comes in playing a soothing melody rising and falling in pitch. You can hear some digital clicking sounds that seem not to belong to the musical composition. This song may be playing in a fantasy adventure video-game.,"['orchestral', 'string section', 'horn', 'soothing', 'slow tempo']",train
rock,C:\Users\user\Downloads\gnn_bert_music_context\data\processed\graphs\rock\rock.00097.pkl,C:\Users\user\Downloads\gnn_bert_music_context\data\processed\features\rock\rock.00097.npy,_DHMdtRRJzE,This audio contains someone playing a complex drum groove with fill-ins on cymbals and toms. An e-guitar is playing a dangerous sounding melody along with a distorted e-guitar playing a melody in a higher key and another one in a lower key. This song may be playing live at a festival.,"['progressive rock', 'e-guitar', 'e-bass', 'acoustic drums', 'fast tempo', 'dangerous atmosphere']",train
hiphop,C:\Users\user\Downloads\gnn_bert_music_context\data\processed\graphs\hiphop\hiphop.00035.pkl,C:\Users\user\Downloads\gnn_bert_music_context\data\processed\features\hiphop\hiphop.00035.npy,JN_VJCJhC4Y,"The low quality recording features a live performance of dub song manically rapped by flat male vocals, followed by energetic drums, groovy bass and offbeat key chords. The recording is noisy and chaotic a bit, as it is probably recorded with a phone.","['low quality', 'dub', 'noisy', 'live performance', 'energetic', 'offbeat guitar melody', 'energetic drums', 'flat male vocal', 'chaotic', 'groovy bass']",train
country,C:\Users\user\Downloads\gnn_bert_music_context\data\processed\graphs\country\country.00056.pkl,C:\Users\user\Downloads\gnn_bert_music_context\data\processed\features\country\country.00056.npy,2OI4QeokeRQ,This is a country music piece. There is a female vocalist singing melodically as the lead at a medium-to-high range. A mandolin is playing the main theme while being backed by a bass guitar. The rhythmic background consists of a simple 4/4 acoustic drum beat.,"['country music', 'female vocal', 'medium-to-high pitch singing', 'mandolin', 'acoustic drums', 'bass guitar', 'touching', 'emotional', 'inspiring', 'medium tempo']",train
pop,C:\Users\user\Downloads\gnn_bert_music_context\data\processed\graphs\pop\pop.00063.pkl,C:\Users\user\Downloads\gnn_bert_music_context\data\processed\features\pop\pop.00063.npy,5iPTcL50mvw,"The low quality recording features a chiptune remix of a pop song and it consists of high pitched female vocal singing over repetitive synth melody, punchy ""4 on the floor"" kick pattern and shimmering bells melody at the very beginning of the loop. It sounds kind of addictive, fun and happy. The audio sounds like it was stretched.","['low quality', 'stretched audio', 'pop', 'high pitched female vocal', 'repetitive synth melody', 'punchy ""4 on the floor"" kick pattern', 'shimmering bells melody', 'chiptune', 'remix', 'fun', 'happy', 'addictive']",train
rock,C:\Users\user\Downloads\gnn_bert_music_context\data\processed\graphs\rock\rock.00056.pkl,C:\Users\user\Downloads\gnn_bert_music_context\data\processed\features\rock\rock.00056.npy,n4QSYx4wVQg,Quirky surf rock music featuring a retro organ playing a simple melody and twangy electric guitar with female background vocals and a male lead vocal. The mood is fun and silly.,"['quirky', 'retro organ', 'twangy electric guitar', 'surf rock', 'female background vocalists', 'charismatic male vocalists', 'fun', 'silly']",train
disco,C:\Users\user\Downloads\gnn_bert_music_context\data\processed\graphs\disco\disco.00005.pkl,C:\Users\user\Downloads\gnn_bert_music_context\data\processed\features\disco\disco.00005.npy,jx27p7k2lSw,"An e-piano is playing a melody and chords with a lot of tremolo while thin, airy synth pads are playing long evolving sounds. A male voice is singing in a higher register with effects on his voice. It sounds like a voice sample. This song may be playing in a club.","['r&b/disco', 'synthesizer pads', 'e-piano', 'male voice singing', 'atmospheric', 'slow tempo']",train
pop,C:\Users\user\Downloads\gnn_bert_music_context\data\processed\graphs\pop\pop.00094.pkl,C:\Users\user\Downloads\gnn_bert_music_context\data\processed\features\pop\pop.00094.npy,QDTCAxyXt80,This audio contains someone playing an acoustic piano along with an acoustic guitar strumming chords. Someone is playing a cajon with a fast paced groove and a tambourine. A horn takes the main melody in the midrange along with a male voice singing in a higher key. This song may be playing on the streets performed by buskers.,"['pop', 'acoustic piano', 'cajon', 'horn', 'acoustic guitar', 'male voice singing', 'tambourine', 'uptempo']",train
country,C:\Users\user\Downloads\gnn_bert_music_context\data\processed\graphs\country\country.00057.pkl,C:\Users\user\Downloads\gnn_bert_music_context\data\processed\features\country\country.00057.npy,1nUqhH8bAPk,"A country-song with guitar, acoustic drums and a almost walking bassline is playing along with a high pitched baby voice singing along to some sound effects/noise samples of some ribbon. This recording is in very poor quality. This song may be playing as a joke to pull off on someone.","['comedicsong', 'high pitched baby imitating voice singing', 'acoustic guitar', 'e-bass', 'soundeffects', 'comedic', 'poor sound-quality recording']",train
rock,C:\Users\user\Downloads\gnn_bert_music_context\data\processed\graphs\rock\rock.00038.pkl,C:\Users\user\Downloads\gnn_bert_music_context\data\processed\features\rock\rock.00038.npy,-JvB5AL59fM,An acoustic drum is playing a simple rock groove with some drum fills on the toms and snare along with a distorted e-bass and e-guitar playing the same line. Panned to the right side of the speaker you can hear a piano sound playing a little melody. A female voice is singing a happy sounding melody while male backing voices are supporting her. This song may be playing sitting in your room enjoying being at home alone.,"['rock', 'e-guitars', 'e-bass', 'acoustic drums', 'keys', 'female voice singing', 'male backing voice', 'uptempo']",train
reggae,C:\Users\user\Downloads\gnn_bert_music_context\data\processed\graphs\reggae\reggae.00006.pkl,C:\Users\user\Downloads\gnn_bert_music_context\data\processed\features\reggae\reggae.00006.npy,ZM0imDMXuw8,An acoustic drum is playing a groove that is not strongly connected to reggae rhythm. A e-bass and piano-keys are bringing the typical reggae backbeat while another synth sound is playing short plucks as a melody. The male voice is singing in a reggae-fashion and in a higher key. In the background you can hear a big organ sound coming in and playing along with the melody. The elements are spread along the speakers. This song may be playing with speakers riding on your bike.,"['reggae', 'acoustic drums', 'e-bass', 'keys', 'synth pluck sound', 'organ', 'male voices singing', 'higher register', 'medium tempo', 'uplifting energy']",train
pop,C:\Users\user\Downloads\gnn_bert_music_context\data\processed\graphs\pop\pop.00091.pkl,C:\Users\user\Downloads\gnn_bert_music_context\data\processed\features\pop\pop.00091.npy,9Qd6AdTq3Ls,This song contains percussive digital drums. In the background you can hear a string instrument playing a melody along with a digital flute sound. A keyboard is playing digital strings and brass sounds setting accents and a countermelody. The female voice is singing in the same melody as the strings. A bass is also playing the melody but at the low register. This song may be playing in a dance video-clip.,"['pop', 'digital drums', 'bass', 'digital strings and brass', 'flute sound', 'female voice singing', 'medium tempo']",train
reggae,C:\Users\user\Downloads\gnn_bert_music_context\data\processed\graphs\reggae\reggae.00037.pkl,C:\Users\user\Downloads\gnn_bert_music_context\data\processed\features\reggae\reggae.00037.npy,Ou2rEaq28PM,This is a reggae/dub music piece. There is a fat sounding bass guitar playing a groovy bass line. An electric guitar with heavy delay and reverb effects is playing a vague tune. There is a reggae acoustic drum beat in the rhythmic background. The atmosphere is trippy. This piece could be used in the soundtrack of a movie during scenes where a character would be under the influence of substances.,"['reggae', 'dub', 'electric guitar', 'heavy effects', 'bass guitar', 'acoustic drums', 'chill', 'trippy', 'groovy']",train
hiphop,C:\Users\user\Downloads\gnn_bert_music_context\data\processed\graphs\hiphop\hiphop.00007.pkl,C:\Users\user\Downloads\gnn_bert_music_context\data\processed\features\hiphop\hiphop.00007.npy,B32m9Jqqrpo,"The low quality recording features a DJ that scratches his vinyl hip hop song. The song consists of punchy snare and kick hits, bouncy hi hats and boomy bass. It is noisy, uptempo, energetic and it sounds a bit sloppy.","['low quality', 'noisy', 'dj scratching sound effect', 'hip hop', 'punchy snare', 'uptempo', 'boomy bass', 'punchy kick', 'bouncy hi hats', 'energetic', 'sloppy']",train
rock,C:\Users\user\Downloads\gnn_bert_music_context\data\processed\graphs\rock\rock.00002.pkl,C:\Users\user\Downloads\gnn_bert_music_context\data\processed\features\rock\rock.00002.npy,v6A7Iggebm4,"The low quality recording features a cover of a rock song sung by passionate female vocalists, followed by acoustic rhythm guitar chord progression and shimmering shaker. It is a bit reverberant and noisy, as they are playing in a room. It gives off happy and fun vibes.","['low quality', 'noisy', 'shimmering shaker', 'reverberant', 'passionate female vocal', 'cover', 'acoustic rhythm guitar chords progression', 'rock', 'happy', 'fun']",train
reggae,C:\Users\user\Downloads\gnn_bert_music_context\data\processed\graphs\reggae\reggae.00029.pkl,C:\Users\user\Downloads\gnn_bert_music_context\data\processed\features\reggae\reggae.00029.npy,lrk00BNiuD4,"A male vocalist sings this soft melody. The tempo is medium with smooth guitar, keyboard harmony, steady bass slide and synthesiser arrangements. The song is mellow, romantic, emotional, soothing; ambient. There is a hooting sound like a fog horn with a male voice talking over the song. This song is a R&B/Soul song.","['male singer', 'slow tempo', 'sound of horn', 'fog horn', 'super imposed male voice', 'romantic', 'emotional', 'soothing', 'pleasant', 'r&b', 'soul', 'acoustic guitar', 'keyboard harmony', 'synthesiser articulation', 'fingers snapping', 'groovy bass line', 'male voice speaking', 'reggae', 'soft melodious']",train
metal,C:\Users\user\Downloads\gnn_bert_music_context\data\processed\graphs\metal\metal.00049.pkl,C:\Users\user\Downloads\gnn_bert_music_context\data\processed\features\metal\metal.00049.npy,gCSShNsw-_A,"The song is an instrumental. The tempo is medium fast with strong metal drumming, groovy bass line, distorted guitar playing rhythm and cymbals crashing. The song is high on adrenaline and exciting. The audio quality is poor.","['instrumental music', 'death metal music', 'retro death metal hits', 'poor audio quality', 'cymbals crashing', 'fast tempo', 'groovy rhythm', 'guitar playing rhythm', 'rock drumming', 'energetic', 'adrenaline rush', 'passionate', 'head banging', 'mosh pit', 'spirited', 'percussive bass line']",train
classical,C:\Users\user\Downloads\gnn_bert_music_context\data\processed\graphs\classical\classical.00086.pkl,C:\Users\user\Downloads\gnn_bert_music_context\data\processed\features\classical\classical.00086.npy,hnlVKC7rxdg,This symphonic song features french horns playing in harmony. The notes played are descending and they finally fade away. There are no other instruments in this song. There are no voices in this song. This song can be played in a dream sequence in a movie.,"['orchestral music', 'french horn', 'symphonic music', 'slow tempo', 'horns fading away', 'instrumental', 'no voice']",train
disco,C:\Users\user\Downloads\gnn_bert_music_context\data\processed\graphs\disco\disco.00038.pkl,C:\Users\user\Downloads\gnn_bert_music_context\data\processed\features\disco\disco.00038.npy,jx27p7k2lSw,"An e-piano is playing a melody and chords with a lot of tremolo while thin, airy synth pads are playing long evolving sounds. A male voice is singing in a higher register with effects on his voice. It sounds like a voice sample. This song may be playing in a club.","['r&b/disco', 'synthesizer pads', 'e-piano', 'male voice singing', 'atmospheric', 'slow tempo']",train
reggae,C:\Users\user\Downloads\gnn_bert_music_context\data\processed\graphs\reggae\reggae.00091.pkl,C:\Users\user\Downloads\gnn_bert_music_context\data\processed\features\reggae\reggae.00091.npy,zXxJymYt8Z4,"The low quality recording features a live performance of a reggae song and it consists of a fruity male vocal preparing to sing over shimmering hi hats, snappy rimshots, funky electric guitar chords and groovy bass. As it is a live performance, there are some crowd whistling and cheering noises in the background. It sounds easygoing and exciting.","['low quality', 'reggae', 'crowd whistling', 'fruity male vocal', 'crowd cheering', 'live performance', 'playback', 'shimmering hi hats', 'snappy rimshots', 'funky electric guitar chords', 'groovy bass guitar', 'easygoing', 'exciting']",train
rock,C:\Users\user\Downloads\gnn_bert_music_context\data\processed\graphs\rock\rock.00014.pkl,C:\Users\user\Downloads\gnn_bert_music_context\data\processed\features\rock\rock.00014.npy,-T4GeTHKtJQ,"The low quality recording features a compilation of rock songs and it consists of punchy kicks, wide electric guitar melodies, distorted bass guitar, energetic crash cymbals, shimmering hi hats and harmonizing male vocals singing over it. It sounds energetic.","['low quality', 'rock', 'punchy kick', 'punchy kick', 'wide electric guitar melodies', 'distorted bass guitar', 'energetic crash cymbal', 'shimmering hi hats', 'harmonizing male vocals', 'energetic', 'compilation']",train
country,C:\Users\user\Downloads\gnn_bert_music_context\data\processed\graphs\country\country.00053.pkl,C:\Users\user\Downloads\gnn_bert_music_context\data\processed\features\country\country.00053.npy,8ntKBILZ06k,"This song is a child yodelling .The tempo is medium with an enthusiastic guitar accompaniment. The yodelling is melodic, calm, engaging, and pleasant. The song  has minimal instrumentation with vocal emphasis.","['child singer', 'fast tempo', 'yodelling', 'vocalisation', 'falsetto', 'vocal emphasis', 'country side singing', 'enthusiastic acoustic guitar accompaniment', 'vocalisation', 'no lyrics', 'austria', 'switzerland music', 'energetic', 'enthusiastic', 'pleasant', 'sweet', 'melodic']",train
blues,C:\Users\user\Downloads\gnn_bert_music_context\data\processed\graphs\blues\blues.00051.pkl,C:\Users\user\Downloads\gnn_bert_music_context\data\processed\features\blues\blues.00051.npy,40i3_JH6FYw,This is a recording of an instrumental jam. There is a blues type solo being performed on an overdriven electric guitar. The guitar has an 80s sound. This recording could be sampled for use in beat-making or as an advertisement jingle.,"['jam', 'instrumental', 'single instrument', 'overdriven electric guitar', 'guitar solo', '80s sound', 'blues']",train
disco,C:\Users\user\Downloads\gnn_bert_music_context\data\processed\graphs\disco\disco.00051.pkl,C:\Users\user\Downloads\gnn_bert_music_context\data\processed\features\disco\disco.00051.npy,Brc_nOquNbY,"A male vocalist sings this spirited rap. The tempo is fast with an animated piano accompaniment, groovy bass lines, intense drumming, cymbal rides and vocal backup. The song is youthful, vibrant, vivacious, animated, compelling ,enthusiastic and passionate . This song is contemporary Hip-Hop/Rap.","['male singer', 'fast tempo', 'rap', 'rapper', 'dance groove', 'club music', 'party music', 'funk', 'dance pop', 'dance rap', 'disco rap', 'hip-hop', 'hip-hop hits', 'energetic', 'enthusiastic', 'rhythmic patter', 'passionate emotional', 'animated piano harmony', 'vigorous drumming', 'cymbals', 'digital drumming', 'punchy bass lines', 'vocal backup', 'street vernacular', 'punk rap', 'funk rap', 'dance groove', 'youthful', 'compelling', 'persuasive']",train
pop,C:\Users\user\Downloads\gnn_bert_music_context\data\processed\graphs\pop\pop.00019.pkl,C:\Users\user\Downloads\gnn_bert_music_context\data\processed\features\pop\pop.00019.npy,rVDojJcQdE0,This recording contains two songs. Both of them have a digital drum playing along with a sub bass and a wide synthesizer lead melody. On one a male voice is singing in a higher register. on the other a female voice is singing with female backing voices. These songs may be playing in a club.,"['pop', 'two songs', 'digital drums', 'sub bass', 'synth sounds', 'male voice singing', 'higher register', 'female voice singing with backing vocals', 'medium to uptempo']",train
rock,C:\Users\user\Downloads\gnn_bert_music_context\data\processed\graphs\rock\rock.00029.pkl,C:\Users\user\Downloads\gnn_bert_music_context\data\processed\features\rock\rock.00029.npy,1PSzSTilu_s,"The low quality recording features a southern rock song that consists of flat male vocal singing over wide acoustic rhythm guitars, short electric guitar lick, smooth bass guitar, punchy snare, simple kick pattern and shimmering hi-hats. It sounds happy and fun.","['low quality', 'flat male vocal', 'wide acoustic rhythm guitar', 'short electric guitar lick', 'smooth bass guitar', 'punchy snare', 'simple kick pattern', 'shimmering hi hats', 'happy', 'fun', 'southern rock']",train
blues,C:\Users\user\Downloads\gnn_bert_music_context\data\processed\graphs\blues\blues.00031.pkl,C:\Users\user\Downloads\gnn_bert_music_context\data\processed\features\blues\blues.00031.npy,qAgZ__fk9LY,This slow blues song features a solo played on a guitar. The tempo of this song is slow. This is accompanied by percussion playing a simple beat. The bass follows the 12 bar blues pattern. The piano plays chords in the background. The mood of this song is romantic and the pattern played on the guitar is similar to a call-response theme. This song can be played in a bar.,"['slow blues song', 'instrumental', 'guitar solo', 'bass', 'simple percussion', '12 bar blues', 'piano', 'slow tempo', 'no voices']",train
metal,C:\Users\user\Downloads\gnn_bert_music_context\data\processed\graphs\metal\metal.00029.pkl,C:\Users\user\Downloads\gnn_bert_music_context\data\processed\features\metal\metal.00029.npy,TnCXmm-v3Ys,The excerpt features bells in different pitches being played/hit by what sounds to be a metallic object. The melody sounded by these bells is simple. There are no other instruments. This sounds like an amateur recording of an uncommon music instrument.,"['percussive music bells', 'simple melody', 'music instrument']",train
rock,C:\Users\user\Downloads\gnn_bert_music_context\data\processed\graphs\rock\rock.00085.pkl,C:\Users\user\Downloads\gnn_bert_music_context\data\processed\features\rock\rock.00085.npy,hKSg3zFB2dE,"The Rock song features a passionate male vocal, layered with harmonizing background male vocals, singing over electric rhythm guitar chords spread widely in the stereo image, thin snare, energetic crash, groovy bass, shimmering hi hats and punchy kick hits. The drums are very reverberant, which is probably the reason why they sound softer. It sounds addictive, thanks to those harmonizing vocals, and energetic overall.","['rock', 'passionate male vocal', 'harmonizing background male vocal', 'electric rhythm guitar chords', 'groovy bass', 'thin snare', 'energetic crash', 'shimmering hi hats', 'punchy kick hits', 'reverberant', 'addictive', 'energetic']",train
metal,C:\Users\user\Downloads\gnn_bert_music_context\data\processed\graphs\metal\metal.00055.pkl,C:\Users\user\Downloads\gnn_bert_music_context\data\processed\features\metal\metal.00055.npy,gCSShNsw-_A,"The song is an instrumental. The tempo is medium fast with strong metal drumming, groovy bass line, distorted guitar playing rhythm and cymbals crashing. The song is high on adrenaline and exciting. The audio quality is poor.","['instrumental music', 'death metal music', 'retro death metal hits', 'poor audio quality', 'cymbals crashing', 'fast tempo', 'groovy rhythm', 'guitar playing rhythm', 'rock drumming', 'energetic', 'adrenaline rush', 'passionate', 'head banging', 'mosh pit', 'spirited', 'percussive bass line']",train
rock,C:\Users\user\Downloads\gnn_bert_music_context\data\processed\graphs\rock\rock.00019.pkl,C:\Users\user\Downloads\gnn_bert_music_context\data\processed\features\rock\rock.00019.npy,BDH7Fx1APR8,This song has a repeating bassline that is accompanied by a highly distorted e-guitar playing along the low notes with the bass. The other strongly reverbed e-guitar is playing a long note melody against the beat of the drums that is playing loud and with a lot of open hihat. The male voice sounds loud and aggressive. He is screaming/singing in a higher pitched tone. This song may be played at a live rock festival.,"['punk/heavy/rock', 'acoustic drums', 'e-bass', 'e-guitars', 'male screaming /singing voice', 'medium tempo', 'energetic', 'exstatic', 'heavy']",train
metal,C:\Users\user\Downloads\gnn_bert_music_context\data\processed\graphs\metal\metal.00063.pkl,C:\Users\user\Downloads\gnn_bert_music_context\data\processed\features\metal\metal.00063.npy,YvFY7xU2kGk,"This music is an electric guitar instrumental. The tempo is medium with an enthusiastic lead on the electric guitar.no accompanying instruments are used. The music is loud, emphatic, catchy, intense and powerful like in Rock/ Metal music.","['instrumental', '’ medium tempo', 'electric guitar', 'loud', 'powerful', 'intense', 'catchy', 'no accompaniment', 'intense', 'sonic power', 'external amplification', 'fingers sliding over fret', 'string instrument', 'sound of fingers sliding over the fret', 'external amplification', 'amplified guitar', 'rock', 'metal', 'vibrations']",train
rock,C:\Users\user\Downloads\gnn_bert_music_context\data\processed\graphs\rock\rock.00007.pkl,C:\Users\user\Downloads\gnn_bert_music_context\data\processed\features\rock\rock.00007.npy,9ZUzftiN2uw,The clip features the tone of an alarm bell beeping. It beeps with a high and fuzzy tone. A button is then pressed. There is then the sound of a grungy electric guitar being played in a rock style.,"['alarm clock beeping', 'alarm clock', 'beeping', 'high pitched tone', 'ringing', 'electric guitar strumming', 'grungy electric guitar', 'rock', 'button pressing']",train
pop,C:\Users\user\Downloads\gnn_bert_music_context\data\processed\graphs\pop\pop.00042.pkl,C:\Users\user\Downloads\gnn_bert_music_context\data\processed\features\pop\pop.00042.npy,244y56-vLWE,"A male singer sings this exciting Latin dance melody. The tempo is medium fast with a saxophone solo, percussive bass line, guitar accompaniment, latin percussion, steady drumming rhythm,  and cymbal crashes. The song is exciting with the crowds going crazy. The audio quality is poor.","['live audience', 'saxophone solo', 'bass guitar solo', 'arena', 'excitement in the air', 'latin percussions', 'strong drumming rhythm', 'guitar accompaniment', 'latin pop hits', 'retro latin hits', 'crowds cheering', 'poor audio quality', 'live in concert', 'exciting', 'energetic', 'passionate', 'adrenaline rush', 'medium fast tempo', 'male singer']",train
country,C:\Users\user\Downloads\gnn_bert_music_context\data\processed\graphs\country\country.00071.pkl,C:\Users\user\Downloads\gnn_bert_music_context\data\processed\features\country\country.00071.npy,Sl9ZkYViEIs,"A male vocalist sings this melancholic country song. The tempo is slow with acoustic guitar lead and harmony with another string instrument accompanying. The song is soft, mellow, sad, pensive, melancholic and poignant with a sweet , pleasant melody. This song is a Classic Country song.","['male vocalist', 'slow tempo', 'acoustic guitar', 'simple melody', 'hillbilly music', 'banjo', 'old-time country rock', 'folk lyrics', 'country music', 'bluegrass', 'country hits', 'regional music', 'country folk songs', 'acoustic bass', 'mellow', 'soft', 'sentimental', 'nostalgic', 'pensive', 'melancholy', 'story telling']",train
rock,C:\Users\user\Downloads\gnn_bert_music_context\data\processed\graphs\rock\rock.00013.pkl,C:\Users\user\Downloads\gnn_bert_music_context\data\processed\features\rock\rock.00013.npy,PP3kNqPM434,This punk rock song features a male voice singing the main melody at a comfortable pitch. This is accompanied by percussion playing a simple rock beat. A distortion guitar plays power chords using downstrokes. The bass plays the root notes of the chords. This song is played at a moderate tempo. This song can be played at the end credits of an action movie.,"['punk rock', 'male voice', 'distortion guitar', 'percussion', 'bass', 'moderate tempo', 'upbeat song']",train
hiphop,C:\Users\user\Downloads\gnn_bert_music_context\data\processed\graphs\hiphop\hiphop.00020.pkl,C:\Users\user\Downloads\gnn_bert_music_context\data\processed\features\hiphop\hiphop.00020.npy,1V7ReAk9k-4,The hip-hop music excerpt features what sounds to be a doubled boy voice rapping. A typical hip-hop drum beat drives the pulse of the music. A sampled string sound is playing arpeggios as accompaniment. Other synth sounds can be heard playing short repeating melodies. The atmosphere is slightly tense.,"['doubled boy voice', 'rapping', 'drums', 'hip-hop genre', 'synth sounds', 'sampled strings sound']",train
pop,C:\Users\user\Downloads\gnn_bert_music_context\data\processed\graphs\pop\pop.00089.pkl,C:\Users\user\Downloads\gnn_bert_music_context\data\processed\features\pop\pop.00089.npy,YZH-PZBir3E,"This is a house remix of a pop music piece. The female vocal from the original track is being repeated as a sample. There is a strong bass and a loud electronic drum beat in the background. The piece is upbeat and energetic. It could be played at nightclubs, dance clubs and DJ performances.","['house', 'dance pop', 'remix', 'female vocal', 'repeated sample', 'strong bass', 'loud electronic drums', 'upbeat', 'energetic', 'danceable']",train
classical,C:\Users\user\Downloads\gnn_bert_music_context\data\processed\graphs\classical\classical.00093.pkl,C:\Users\user\Downloads\gnn_bert_music_context\data\processed\features\classical\classical.00093.npy,CpHRQ-f4UtA,This song contains a timpani hit going along with single notes of an upright bass. A string section is playing a simple melody in a higher key while an oboe/flute is playing the lead melody. In the background you can hear a brass section playing along with the strings rising and falling in volume. This song may be playing in a sad and mystic movie scene.,"['cinematic/orchestral', 'oboe', 'strings', 'upright bass', 'timpani', 'brass', 'marimba/xylophone', 'mystic', 'sad atmosphere']",train
metal,C:\Users\user\Downloads\gnn_bert_music_context\data\processed\graphs\metal\metal.00023.pkl,C:\Users\user\Downloads\gnn_bert_music_context\data\processed\features\metal\metal.00023.npy,v592zQpuaJA,"The low quality recording features a resonating bowl sound, followed by mellow metallic percussion. The recording is noisy and it sounds a bit harsh and disturbing.","['low quality', 'noisy', 'resonating bowl sound', 'mellow metallic percussion', 'harsh', 'disturbing']",train
pop,C:\Users\user\Downloads\gnn_bert_music_context\data\processed\graphs\pop\pop.00047.pkl,C:\Users\user\Downloads\gnn_bert_music_context\data\processed\features\pop\pop.00047.npy,N8Fg3L1Cc5E,A female singer sings this beautiful melody. The tempo is medium with a piano or keyboard accompaniment and no other instrumentation. The song is emotional and passionate like a love song. The audio quality is very poor with a lot of hissing noise and distortion.,"['female singer', 'poor audio quality', 'hissing noise', 'distorted vocals', 'pop songs', 'pop cover', 'song covers', 'piano accompaniment', 'acoustic love song', 'live performance', 'club', 'romantic', 'emotional', 'sad song', 'passionate', 'melancholic', 'with you forever', 'missing you', 'passionate', 'bad audio quality', 'medium tempo']",train
hiphop,C:\Users\user\Downloads\gnn_bert_music_context\data\processed\graphs\hiphop\hiphop.00049.pkl,C:\Users\user\Downloads\gnn_bert_music_context\data\processed\features\hiphop\hiphop.00049.npy,vqRFzhWik2c,"A male vocalist sings this catchy Hip-Hop. The tempo is medium with an acoustic guitar riff, boomy bass drops, punchy drumming, digital beats and synthesiser arrangement with enthusiastic vocal backup. The song is youthful, buoyant, punchy, groovy, pulsating with a dance groove. This song is Contemporary Hip-Hop.","['male vocalist', 'medium tempo', 'emotional', 'passioante', 'rhythmic patter', 'groovy', 'dance pop', 'dance groover', 'dj', 'club music', 'dance music', 'enthusiastic vocal backup', 'digital drums', 'punchy drums', 'drum machine', 'boomy bass line', 'acoustic guitar riff', 'synthesiser arrangement', 'hip-hop', 'rap', 'contemporary hip-hop', 'alternative']",train
rock,C:\Users\user\Downloads\gnn_bert_music_context\data\processed\graphs\rock\rock.00049.pkl,C:\Users\user\Downloads\gnn_bert_music_context\data\processed\features\rock\rock.00049.npy,7PtHb9jQCtg,This is an amateur recording of a rock music concert. There is an electric guitar playing the main tune while another electric guitar is starting to play a solo. A bass guitar can be heard in the background playing the root notes of the tune. There is a loud acoustic drum beat in the rhythmic background. The recording is a bit outdated so the quality is pretty low.,"['amateur recording', 'live performance', 'rock music', 'electric guitar', 'bass guitar', 'acoustic drums', 'fans shouting', 'screams']",train
blues,C:\Users\user\Downloads\gnn_bert_music_context\data\processed\graphs\blues\blues.00092.pkl,C:\Users\user\Downloads\gnn_bert_music_context\data\processed\features\blues\blues.00092.npy,JDWPJ1AiDKc,This recording contains a male voice talking and then playing a blues riff on a clean e-guitar. This song may be playing as part of a video tutorial.,"['blues', 'amateur recording', 'male voice talkin', 'e-guitar', 'medium tempo']",train
pop,C:\Users\user\Downloads\gnn_bert_music_context\data\processed\graphs\pop\pop.00016.pkl,C:\Users\user\Downloads\gnn_bert_music_context\data\processed\features\pop\pop.00016.npy,tdTT6rmkk9M,"Someone is playing a kick on every beat along with little fill-ins on toms, cymbals and hihat. An e-bass is playing long notes along with an acoustic guitar finger picking chords while another guitar is playing higher pitched notes in a tremolo. A male voice is singing in a higher pitch sounding grateful. An atmospheric synth pad sound is rising in the background processed with a lot of reverb. This song may be playing with headphones enjoying a beautiful day.","['pop', 'acoustic guitar', 'e-bass', 'acoustic drums', 'synth string sound', 'male voice singing', 'higher pitch', 'medium to uptempo']",train
jazz,C:\Users\user\Downloads\gnn_bert_music_context\data\processed\graphs\jazz\jazz.00008.pkl,C:\Users\user\Downloads\gnn_bert_music_context\data\processed\features\jazz\jazz.00008.npy,WK-gdfCurCg,"This music is a Jazz instrumental. The tempo is medium with a groovy bass one, smooth harmony on acoustic guitar and rim shots.The music is smooth, lively, informal, chill, ambient and atmospheric with the sound of musicians talking to each other.","['instrumental', 'medium tempo', 'jazz', 'contemporary jazz', 'call and response', 'irregular beats', 'solos', 'rim shot', 'complex harmony', 'syncopation', 'groovy bass line', 'amplified guitar harmony', 'polyrhythms', 'ambient', 'atmospheric', 'improvisation', 'lively', 'energetic', 'spirited', 'active', 'informal', 'smooth', 'polished', 'empahtic']",train
disco,C:\Users\user\Downloads\gnn_bert_music_context\data\processed\graphs\disco\disco.00030.pkl,C:\Users\user\Downloads\gnn_bert_music_context\data\processed\features\disco\disco.00030.npy,Brc_nOquNbY,"A male vocalist sings this spirited rap. The tempo is fast with an animated piano accompaniment, groovy bass lines, intense drumming, cymbal rides and vocal backup. The song is youthful, vibrant, vivacious, animated, compelling ,enthusiastic and passionate . This song is contemporary Hip-Hop/Rap.","['male singer', 'fast tempo', 'rap', 'rapper', 'dance groove', 'club music', 'party music', 'funk', 'dance pop', 'dance rap', 'disco rap', 'hip-hop', 'hip-hop hits', 'energetic', 'enthusiastic', 'rhythmic patter', 'passionate emotional', 'animated piano harmony', 'vigorous drumming', 'cymbals', 'digital drumming', 'punchy bass lines', 'vocal backup', 'street vernacular', 'punk rap', 'funk rap', 'dance groove', 'youthful', 'compelling', 'persuasive']",train
disco,C:\Users\user\Downloads\gnn_bert_music_context\data\processed\graphs\disco\disco.00052.pkl,C:\Users\user\Downloads\gnn_bert_music_context\data\processed\features\disco\disco.00052.npy,LfvdxSBCtFE,This is an 80s electronic music piece. The rhythmic background consists of a disco electronic drum beat with frequent tom fills. There is a keyboard playing the main tune while a bass and an evolving synth are in the background. The atmosphere of this piece is groovy. This piece could be used at retro-themed nightclubs and parties. It could also be used in the soundtrack of an 80s movie or a TV show.,"['electronic', 'jazz-funk', 'disco', 'electronic drums', 'keyboards', 'bass', 'evolving', '80s', 'danceable', 'groovy', 'retro', 'old-fashioned']",train
blues,C:\Users\user\Downloads\gnn_bert_music_context\data\processed\graphs\blues\blues.00049.pkl,C:\Users\user\Downloads\gnn_bert_music_context\data\processed\features\blues\blues.00049.npy,rrAIuGMTqtA,"This is a recording of an electric guitar, first with a chord being strummed and allowed to ring out, then with licks being played. The guitarist plays a blues lick with the guitar producing a clean and compressed tone.","['electric guitar', 'sustained chord strum', 'blues licks', 'chord ringing out', 'bright blues lick']",train
pop,C:\Users\user\Downloads\gnn_bert_music_context\data\processed\graphs\pop\pop.00070.pkl,C:\Users\user\Downloads\gnn_bert_music_context\data\processed\features\pop\pop.00070.npy,CXCbBSUuugs,"Pop EDM with a four on the floor kick pattern, a high male vocal with vocal harmonies, synthesizer melodies and dramatic risers for the transitions. This is a club track that sounds professionally recorded and mixed for high fidelity.","['four on the floor kick', 'edm', 'pop', 'synth riser', 'high male vocal', 'professional production', 'high fidelity', 'synth melody', 'vocal harmonies', 'club track']",train
rock,C:\Users\user\Downloads\gnn_bert_music_context\data\processed\graphs\rock\rock.00045.pkl,C:\Users\user\Downloads\gnn_bert_music_context\data\processed\features\rock\rock.00045.npy,CKO35LsM0XI,"The low quality recording features an indie rock song that consists of passionate female vocal singing over energetic drums, electric guitar solo melody and groovy bass, over which there is a flat, nasal and muffled male vocal narrating. The song sounds energetic and uplifting.","['low quality', 'flat male vocal', 'indie rock', 'passionate female vocal', 'energetic drums', 'electric guitar solo melody', 'groovy bass guitar', 'energetic', 'uplifting', 'muffled', 'nasal']",train
jazz,C:\Users\user\Downloads\gnn_bert_music_context\data\processed\graphs\jazz\jazz.00052.pkl,C:\Users\user\Downloads\gnn_bert_music_context\data\processed\features\jazz\jazz.00052.npy,XalMIYYgHt0,This song contains an acoustic piano playing a jazzy melody and chords along to a very light acoustic drum playing with brushes. An upright bass is playing its own line. On top of that a female voice is singing in a higher key and with a little reverb on her voice. This song may be playing at a jazz festival.,"['loungejazz', 'upright bass', 'acoustic piano', 'acoustic drums', 'female voice singing', 'higher key', 'slow tempo']",train
pop,C:\Users\user\Downloads\gnn_bert_music_context\data\processed\graphs\pop\pop.00044.pkl,C:\Users\user\Downloads\gnn_bert_music_context\data\processed\features\pop\pop.00044.npy,0q-80dzp6PU,"The low quality recording features an electro pop song that consists of an echoing passionate male vocal singing over groovy synth keys chord progression, punchy snare hits, followed by snare roll, wide laser synths and reversed crash riser. It sounds exciting and energetic - like a build up section of the song.","['low quality', 'electro pop', 'punchy snare', 'wide laser synth', 'snare roll', 'echoing passionate male vocal', 'groovy synth keys chord progression', 'reversed crash riser', 'exciting', 'energetic', 'build up']",train
pop,C:\Users\user\Downloads\gnn_bert_music_context\data\processed\graphs\pop\pop.00001.pkl,C:\Users\user\Downloads\gnn_bert_music_context\data\processed\features\pop\pop.00001.npy,EfUUgsioXyU,"A male vocalist sings this peppy pop.The tempo is fast with synthesiser articulation, groovy bass lines, bright digital drumming , keyboard harmony and electronic arrangements. The song is spirited, enthusiastic, energetic, lively, vibrant and youthful with a dance groove. The song is an Electro Pop/Synth Pop.","['male singer', 'fast tempo', 'high notes', 'english and foreign language', 'vibrant', 'elctro pop', 'synth pop', 'vivacious', 'buoyant', 'bouncy', 'falsetto', 'electronic music', 'edm', 'dance music', 'club music', 'dj', 'groovy', 'synthesiser articulation', 'drum machine', 'punchy digital drumming', 'keyboard harmony', 'youthful', 'energetic', 'electronic instrumentation', 'groovy bass', 'vibrant']",train
blues,C:\Users\user\Downloads\gnn_bert_music_context\data\processed\graphs\blues\blues.00016.pkl,C:\Users\user\Downloads\gnn_bert_music_context\data\processed\features\blues\blues.00016.npy,kaabXWuPWRg,"This music clip is an electric guitar solo lead instrumental. The tempo is fast with the guitarist playing a very emphatic, intense riff. No other instruments have been used. The music is loud, intense, engaging and catchy.","['electric guitar', 'instrumental', 'string instrument', 'external amplification', 'vibrations', 'skilful', 'pop', 'jazz', 'country', 'blues', 'heavy metal', 'lead instrument', 'medium tempo', 'sonic power', 'amplified  guitar', 'melodious', 'minimal instrumentation', 'rock', 'hard rock', 'intense', 'loud', 'powerful']",train
classical,C:\Users\user\Downloads\gnn_bert_music_context\data\processed\graphs\classical\classical.00025.pkl,C:\Users\user\Downloads\gnn_bert_music_context\data\processed\features\classical\classical.00025.npy,wBe5tW8iJew,The song is an instrumental. The song is slow tempo with a violin and cello playing a duet with no other instrumentation. The song is emotional and extremely heartfelt. The song is a western classical music hit.,"['violin solo', 'cello solo', 'string duet', 'heartfelt', 'duet', 'orchestra', 'opera hall', 'concert hall', 'live audience', 'string section', 'great composers', 'great vibrato', 'masterful string technique', 'virtuosos in play', 'conductor', 'live performance', 'heart strings', 'instrumental music', 'philharmonic orchestra', 'western classical music', 'emotional', 'romantic', 'passionate', 'sentimental']",train
disco,C:\Users\user\Downloads\gnn_bert_music_context\data\processed\graphs\disco\disco.00006.pkl,C:\Users\user\Downloads\gnn_bert_music_context\data\processed\features\disco\disco.00006.npy,WFPGA_BYkKU,"This song is an instrumental. The tempo is slow with the music starting with the sound of blasts,sinister melody of chimes , muddled sounds,sound of water or bubbles, and synthesised arrangements with beeps at the end of this clip.It is animated, sinister, chaotic with discordant music.","['instrumental', 'slow tempo', 'chimes', 'discordant music', 'animated', 'eerie', 'dangerous', 'sound of water', 'bubbles', 'keyboard riff', 'synthesised sounds', 'sinister chime melody', 'video game sounds', 'sound of blast', 'dissonant music', 'inharmonious']",train
blues,C:\Users\user\Downloads\gnn_bert_music_context\data\processed\graphs\blues\blues.00047.pkl,C:\Users\user\Downloads\gnn_bert_music_context\data\processed\features\blues\blues.00047.npy,nzdlPYd8XUs,"This is a bright and twangy twelve bar blues song. We hear some intricate piano playing, a bright and warm electric guitar on which chords are being played, and a groovy walking bassline. This song would be suitable in a blues bar.","['blues', 'twangy electric guitar', 'electric keyboard', 'twelve bar blues', 'major key', 'happy', 'electric guitar stabs', 'simple bluesy drum beat']",train
hiphop,C:\Users\user\Downloads\gnn_bert_music_context\data\processed\graphs\hiphop\hiphop.00044.pkl,C:\Users\user\Downloads\gnn_bert_music_context\data\processed\features\hiphop\hiphop.00044.npy,WsDb16qzA5Q,"This is a mellow, groovy hip hop beat. Its distinguishing factor is a vinyl scratching technique used by DJs. It also consists of what sounds like a brass instrument and forms a chord progression along with the bass that plays at the same cadence.","['hip hop beat', 'vinyl scratching', 'deck scratching', 'chill beats', 'jazzy drum pattern', 'brass melody']",train
classical,C:\Users\user\Downloads\gnn_bert_music_context\data\processed\graphs\classical\classical.00016.pkl,C:\Users\user\Downloads\gnn_bert_music_context\data\processed\features\classical\classical.00016.npy,nxdHojfss_A,This is a cinematic classical music piece. There is a piano playing the chords while the strings are holding the melodic background. There is a mysterious ambient synth sound coming and going. A repetitive low-to-mid frequency percussive sound effect is being played to imply the sound of whales. The atmosphere of the piece is reminiscent of both underwater and outer space at the same time. That is why it could be used in science fiction movies and shows that have an aquatic or outer space setting.,"['classical', 'instrumental', 'piano', 'strings', 'ambient synth', 'sound effects', 'cinematic', 'animal-like', 'underwater', 'outer space']",train
pop,C:\Users\user\Downloads\gnn_bert_music_context\data\processed\graphs\pop\pop.00036.pkl,C:\Users\user\Downloads\gnn_bert_music_context\data\processed\features\pop\pop.00036.npy,N0q5vPAsHLI,"The low quality recording features a lullaby that contains wide sustained strings melody, leaning more towards the left channel and arpeggiated, mellow piano melody in the right channel of the stereo image. There is a short audio pop sound in the middle of the loop. It still sounds emotional and passionate.","['low quality', 'lullaby', 'wide sustained strings melody', 'arpeggiated mellow piano melody', 'soft passionate female vocal', 'audio pop', 'passionate', 'emotional']",train
country,C:\Users\user\Downloads\gnn_bert_music_context\data\processed\graphs\country\country.00045.pkl,C:\Users\user\Downloads\gnn_bert_music_context\data\processed\features\country\country.00045.npy,P25JeM4lPGw,"The low quality recording features a live performance of a folk/country song that consists of flat female vocal singing over smooth double bass, groovy acoustic rhythm guitar, violins melody and groovy snare rhythm. It sounds a bit noisy and roomy, as it was probably recorded with a stereo microphone technique, but also energetic, uptempo and groovy.","['low quality', 'flat female vocal', 'groovy snare', 'smooth double bass', 'groovy acoustic rhythm guitar', 'violins melody', 'live performance', 'groovy', 'folk/country', 'stereo microphone technique', 'uptempo', 'energetic']",train
classical,C:\Users\user\Downloads\gnn_bert_music_context\data\processed\graphs\classical\classical.00067.pkl,C:\Users\user\Downloads\gnn_bert_music_context\data\processed\features\classical\classical.00067.npy,AElgGuUSSKE,"This piece is a compilation of an opera singer's high-pitched singing that shows how high of a pitch she can reach. For the most part, she is holding a single high note as the strings in the orchestra provide the harmonic background.","['opera', 'classical', 'orchestra', 'strings', 'female vocal', 'high-pitched singing', 'compilation', 'vocal range']",train
pop,C:\Users\user\Downloads\gnn_bert_music_context\data\processed\graphs\pop\pop.00090.pkl,C:\Users\user\Downloads\gnn_bert_music_context\data\processed\features\pop\pop.00090.npy,6ragcEJVErI,"A male vocalist sings this energetic song. The tempo is fast with a spirited piano accompaniment and ambient street noises like vehicles, people talking and breeze. There is a sound of clapping and cheering indicating that this is a live street performance. The audio quality is inferior causing static and muffled sounds.This song is a cheerful, animated, spirited, happy, chirpy and bouncy pop.","['male vocalist', 'fast tempo', 'piano harmony', 'bouncy', 'chirpy', 'animated', 'vivid', 'vivacious', 'ambient street sounds', 'inferior audio quality', 'mufffled audio', 'catchy riff', 'animated singing', 'enthusiastic paino', 'catchy vocal riff', 'clapping', 'people talking', 'cheering', 'vehicle sounds', 'live performance', 'gig', 'concert', 'street performance', 'busking', 'busker']",train
classical,C:\Users\user\Downloads\gnn_bert_music_context\data\processed\graphs\classical\classical.00070.pkl,C:\Users\user\Downloads\gnn_bert_music_context\data\processed\features\classical\classical.00070.npy,N0i99VyZCg8,This is an orchestral movie music piece. There is a brass section and a cinematic sounding strings section playing a dramatic tune. A percussive syncopation provides the rhythmic background. There is a faint high-pitched choir sound that is most likely coming from a synth. The atmosphere is full of suspense. This piece could be used in the soundtrack of a video game or a movie at a scene that implies an imminent threat or danger.,"['movie music', 'orchestra', 'brass', 'cinematic strings', 'percussion', 'choir sound', 'suspense', 'tension', 'ominous', 'danger']",train
rock,C:\Users\user\Downloads\gnn_bert_music_context\data\processed\graphs\rock\rock.00030.pkl,C:\Users\user\Downloads\gnn_bert_music_context\data\processed\features\rock\rock.00030.npy,1QFli7KSXAQ,"The Rock song features a passionate male vocalist singing over wide electric guitar melodies, groovy bass guitar, shimmering cymbals, groovy toms, punchy snare and kick hits. It sounds energetic, passionate, emotional and loud.","['rock', 'punchy kick', 'punchy snare', 'groovy toms', 'wide electric guitars melodies', 'groovy bass guitar', 'shimmering cymbals', 'passionate male vocal', 'energetic', 'passionate', 'emotional', 'loud']",train
rock,C:\Users\user\Downloads\gnn_bert_music_context\data\processed\graphs\rock\rock.00093.pkl,C:\Users\user\Downloads\gnn_bert_music_context\data\processed\features\rock\rock.00093.npy,Xxe6vTEwFvs,"The rock and roll music features a male voice singing a melody and at times singing in unison with a male backing voice. The band that accompanies the singer consists of a drum kit playing a light and simple rhythm, a bass guitar that plays in the style of walking bass, and a section of saxophones. On top of this recording one can hear a rattle that sounds close to a baby shaker toy. The recording quality is not that good, which leads me to believe it's an amateur phone recording of a speaker playing the song.","['male voice', 'male backing vocal', 'saxophones', 'bass guitar', 'drums', 'amateur recording', 'baby shaker toy', 'rock and roll genre']",train
reggae,C:\Users\user\Downloads\gnn_bert_music_context\data\processed\graphs\reggae\reggae.00039.pkl,C:\Users\user\Downloads\gnn_bert_music_context\data\processed\features\reggae\reggae.00039.npy,L0-l1LIa22g,"The low quality recording features a reggae song that consists of passionate male vocals singing over shimmering hi hats, snappy snare, punchy kick, groovy bass, brass melody and funky electric guitar chords. It sounds chill and easygoing.","['low quality', 'reggae', 'passionate male vocals', 'shimmering hi hats', 'snappy snare', 'groovy bass', 'brass melody', 'funky electric guitar chords', 'punchy kick', 'easygoing', 'chill']",train
metal,C:\Users\user\Downloads\gnn_bert_music_context\data\processed\graphs\metal\metal.00091.pkl,C:\Users\user\Downloads\gnn_bert_music_context\data\processed\features\metal\metal.00091.npy,E_kgtQ93Q1s,This is an instrumental version of a heavy metal piece. There is a distorted electric guitar and a bass guitar playing the main tune while another distorted electric guitar is playing a medium-to-high pitch solo. The acoustic drums are playing a medium tempo heavy metal beat. It is a hard-hitting piece. This piece can be used in the soundtrack of an action-filled video game. It could also be playing in the background of a rock/metal bar.,"['heavy metal', 'instrumental', 'no singer', 'distorted electric guitar', 'guitar solo', 'bass guitar', 'acoustic drums', 'loud', 'hard-hitting']",train
rock,C:\Users\user\Downloads\gnn_bert_music_context\data\processed\graphs\rock\rock.00000.pkl,C:\Users\user\Downloads\gnn_bert_music_context\data\processed\features\rock\rock.00000.npy,XjrVSk0_4vc,This song contains a digital/acoustic drum holding a simple groove with an e-bass while two distorted e-guitars are playing a melody with one being the lead. A male voice is singing in a higher register while you can hear hand clapping to the rhythm. This is an amateur recording and in poor audio-quality. This song may be playing at a live concert.,"['rock', 'amateur recording', 'e-guitars', 'e-bass', 'acoustic/digital drums', 'hands clapping', 'male voice singing', 'uptempo']",train
jazz,C:\Users\user\Downloads\gnn_bert_music_context\data\processed\graphs\jazz\jazz.00005.pkl,C:\Users\user\Downloads\gnn_bert_music_context\data\processed\features\jazz\jazz.00005.npy,R6k2BkwZt1Y,"This is the live performance of a jazz music piece. There is a trumpet solo at the forefront. The background consists of the piano, the upright bass and a jazz acoustic drum beat. The atmosphere is restless. This piece could be playing in the background at a jazz bar.","['jazz', 'jazz fusion', 'live performance', 'no singer', 'instrumental', 'trumpet solo', 'piano', 'upright bass', 'acoustic jazz drums', 'improvisation', 'complex', 'restless']",train
blues,C:\Users\user\Downloads\gnn_bert_music_context\data\processed\graphs\blues\blues.00017.pkl,C:\Users\user\Downloads\gnn_bert_music_context\data\processed\features\blues\blues.00017.npy,GT9g4uqK9G8,"The song is an instrumental blues song. The song is medium tempo with a blues harmonica playing a cool melody, walking bass line, guitar accompaniment , steady drumming rhythm and other percussion hits. The song is exciting and groovy. The song has a bad audio quality.","['blues harmonica', 'blues harp', 'harpist', 'instrumental music', 'harmonica player', 'groovy bass line', 'guitar rhythm', 'steady drumming', 'the blues', 'blues progression', 'instrumental music', 'soaring melody', 'bad audio quality', 'blue band', 'walking bass line', 'blues turn around', 'blues legends', 'medium tempo', 'adventurous', 'exciting', 'groovy', 'slow dance', 'passionate', 'spirited']",train
country,C:\Users\user\Downloads\gnn_bert_music_context\data\processed\graphs\country\country.00041.pkl,C:\Users\user\Downloads\gnn_bert_music_context\data\processed\features\country\country.00041.npy,Hc_UM8l_sTg,This song features a pedal steel guitar playing the main melody. This starts off with a slide to a high register followed by plucking low register strings. This is accompanied by percussion playing a simple beat in common time. An acoustic guitar strums chords in the background. The bass guitar plays the root notes of the chords. This song is at a slow tempo. There are no voices in this song. This is an instrumental song with a Country feel. This song can be played in a coffee shop.,"['guitar song', 'pedal steel guitar', 'simple percussion', 'acoustic guitar', 'slow tempo', 'country song', 'instrumental', 'no voices', 'relaxing music']",train
classical,C:\Users\user\Downloads\gnn_bert_music_context\data\processed\graphs\classical\classical.00049.pkl,C:\Users\user\Downloads\gnn_bert_music_context\data\processed\features\classical\classical.00049.npy,Di7Rs4QmYKI,This is a classical music piece that resembles the style of a march. It is an instrumental piece performed by a brass orchestra. The main theme is being played by the trombones while a bass line is played by the tuba. The tempo of the piece is slow and this creates an epic but solemn atmosphere. This piece would work perfectly as a movie music piece. It could be playing during the scenes of an important character dying.,"['classical music', 'march', 'instrumental', 'orchestra', 'brass', 'trombones', 'tuba', 'anthem', 'epic', 'solemn', 'melancholic', 'slow tempo', 'movie music']",train
metal,C:\Users\user\Downloads\gnn_bert_music_context\data\processed\graphs\metal\metal.00040.pkl,C:\Users\user\Downloads\gnn_bert_music_context\data\processed\features\metal\metal.00040.npy,0RgGrVklaao,"This clip is an instrumental of two separate tracks. The tempo is medium with the first clip of ambient nature sounds during a rainfall like, thunder, lightning and water flowing followed by  a rhythmic clanging of metal. The second clip is sinister music on the synthesiser followed by the buzzing of an electric circuit. The audio is dark, sinister, anticipatory, scary, suspenseful and spooky.","['instrumental', 'medium tempo', 'sound of rain', 'anticipation', 'scary', 'dark', 'buzzing electric circuit', 'intense', 'suspense', 'thunder', 'lightening', 'metal clanging rhythmically', 'storm', 'thunder storm', 'rain storm', 'heavy rain', 'electronic music', 'two tracks', 'unrelated', 'sinister', 'scary', 'spooky', 'eerie', 'electricity', 'buzzing', 'water flowing']",train
pop,C:\Users\user\Downloads\gnn_bert_music_context\data\processed\graphs\pop\pop.00074.pkl,C:\Users\user\Downloads\gnn_bert_music_context\data\processed\features\pop\pop.00074.npy,GHQlBD-6rkA,"The low quality recording features a compilation of pop songs. The first song features an echoing female vocal sining, alongside wide harmonizing female vocals, over arpeggiated solo electric guitar melody, sustained strings progression, smooth bass, soft kick hits, punchy snare, simple hi hats and shimmering open hat. At the very end of the loop, there is a short snippet of the second song that consists of flat female vocals singing over claps, synth keys melody and punchy kick. It sounds emotional and passionate, even though the mix is bad.","['low quality', 'pop', 'echoing female vocal', 'punchy snare', 'shimmering open hat', 'simple hi hats', 'wide harmonizing female vocals', 'smooth bass', 'arpeggiated electric guitar solo melody', 'sustained strings progression', 'soft kick', 'compilation', 'claps', 'punchy kick', 'flat female vocal', 'synth keys melody', 'emotional', 'passionate', 'uplifting']",train
metal,C:\Users\user\Downloads\gnn_bert_music_context\data\processed\graphs\metal\metal.00006.pkl,C:\Users\user\Downloads\gnn_bert_music_context\data\processed\features\metal\metal.00006.npy,Wu-Oh9OJIlI,The heavy metal music features a guttural male voice. The sound is aggressive and energetic. The background has a dark tonality that contrasts the heavily distorted guitars that strum chords. An aggressive drum kit plays a common heavy metal beat in the background. This is a song you could hear at a monster truck show.,"['heavy metal', 'hard rock', 'aggressive drum kit', 'heavily distorted aggressive electric guitar', 'dark ambience background', 'gurtural vocals', 'dark', 'energetic', 'mid tempo']",train
blues,C:\Users\user\Downloads\gnn_bert_music_context\data\processed\graphs\blues\blues.00073.pkl,C:\Users\user\Downloads\gnn_bert_music_context\data\processed\features\blues\blues.00073.npy,HMJe5jS0Yt4,"An electro swing, or swing house track featuring a four on the floor kick pattern, acoustic jazz piano sample playing a classic rhythm changes chord progression, a female blues singer, synthesizer risers, ambient bell sounds, a walking synth bassline and a snare on backbeat. Would be fitting music for a modern day speakeasy.","['electro swing', 'swing house', 'four on the floor', 'acoustic jazz piano sample', 'rhythm changes chord progression', 'female blues singer', 'synthesizer riser', 'ambient bell sounds', 'walking synth bassline', 'snare on backbeat']",train
jazz,C:\Users\user\Downloads\gnn_bert_music_context\data\processed\graphs\jazz\jazz.00071.pkl,C:\Users\user\Downloads\gnn_bert_music_context\data\processed\features\jazz\jazz.00071.npy,KzydTOkZty8,"The low quality recording features a bossa nova cover of a rock song and it consists of soft female vocals, alongside wide harmonizing vocals, singing over shimmering cymbals, snappy rimshots, funky electric guitar chords, smooth bass and mellow synth keys melody. It sounds jazzy and easygoing, like something you would hear as a live performance in a high end restaurant or jazz club.","['bossanova cover', 'rock', 'soft female vocal', 'wide harmonizing vocals', 'shimmering cymbals', 'snappy rimshots', 'funky electric guitar chords', 'smooth bass', 'mellow synth keys melody', 'jazzy', 'easygoing']",train
classical,C:\Users\user\Downloads\gnn_bert_music_context\data\processed\graphs\classical\classical.00041.pkl,C:\Users\user\Downloads\gnn_bert_music_context\data\processed\features\classical\classical.00041.npy,s1c8RF7lKv0,"Here we have a live recording of a song intro which is likely played by an orchestra. We hear vibrant brass instruments which create an air of importance about the moment. In the background, there are hundreds or thousands of fans screaming, and we hear a teen screaming really close to the recording device. The audio quality is low.","['fans cheering', 'live recording', 'low audio quality', 'teens screaming', 'introductory music', 'celebratory intro music', 'orchestral walk-on music']",train
metal,C:\Users\user\Downloads\gnn_bert_music_context\data\processed\graphs\metal\metal.00083.pkl,C:\Users\user\Downloads\gnn_bert_music_context\data\processed\features\metal\metal.00083.npy,4ls_8xIjBzM,"This music is instrumental. The tempo is medium with an electric guitar riff and the voice of a man giving instructions on electric guitar techniques. The music is loud, clear, amplified, vivid, emphatic and powerful. This is a tutorial/ lesson on electric guitar techniques.","['instrumental', 'medium tempo', 'male voice speaking', 'demonstration', 'electric guitar', 'stringed instrument', 'amplified instrument', 'loud', 'clear', 'rich', 'deep', 'rock', 'hard rock', 'metal', 'heavy metal', 'pop', 'powerful', 'emphatic', 'intense', 'electric guitar lesson', 'electric guitar tutorial', 'learning electric guitar', 'electric guitar techniques', 'vibrations']",train
metal,C:\Users\user\Downloads\gnn_bert_music_context\data\processed\graphs\metal\metal.00054.pkl,C:\Users\user\Downloads\gnn_bert_music_context\data\processed\features\metal\metal.00054.npy,M2iOUwFHv9Q,"A male vocalist sings this aggressive song. The tempo is medium fast with electronic music; vigorous drumming, cymbal ride; synthesiser arrangements, distorted menacing vocals and electronic music. The song is angry, aggressive, sinister, menacing, spine-chilling and chaotic. This song is a Goth Rock/Hard Metal song.","['instrumental', 'medium fast tempo', 'booming sounds', 'chaotic', 'cunfusion', 'intense', 'anger', 'threatening', 'goth rock', 'electronic instrumentation', 'synthesiser arrangements', 'vigorous drumming', 'sound of guns', 'distorted voice', 'sinister', 'eerie', 'goth', 'aggressive', 'syncopated melody', 'chaotic', 'confusion', 'video game music', 'electro pop', 'electro rock', 'cymbal rides']",train
hiphop,C:\Users\user\Downloads\gnn_bert_music_context\data\processed\graphs\hiphop\hiphop.00075.pkl,C:\Users\user\Downloads\gnn_bert_music_context\data\processed\features\hiphop\hiphop.00075.npy,SDTsifbpGMM,"The low quality recording features a DJ manically scratching a hip hop song. It is a bit reverberant, noisy and in mono, as it was probably recorded with a poor quality microphone.","['low quality', 'manic dj scratching sound effect', 'uptempo', 'hip hop', 'reverberant', 'noisy', 'mono']",train
jazz,C:\Users\user\Downloads\gnn_bert_music_context\data\processed\graphs\jazz\jazz.00099.pkl,C:\Users\user\Downloads\gnn_bert_music_context\data\processed\features\jazz\jazz.00099.npy,xL7Krm6FSWE,A male singer sings this vocals with a vocoder. The song is medium tempo with a groovy techno drumming rhythm and keyboard accompaniment. The song is passionate but an amateurish production. The audio quality is very poor.,"['vocoder', 'male singers love performance', 'poor audio quality', 'jam session', 'amateur jazz musician', 'medium tempo', 'amateur musician', 'jazz musician', 'keyboard accompaniment', 'groovy music', 'techno drumming rhythm', 'poor audio quality', 'people talking', 'unimpressive', 'excited', 'energetic', 'passionate', 'ambient room noises']",train
hiphop,C:\Users\user\Downloads\gnn_bert_music_context\data\processed\graphs\hiphop\hiphop.00087.pkl,C:\Users\user\Downloads\gnn_bert_music_context\data\processed\features\hiphop\hiphop.00087.npy,hH6thMA3640,"This is a bluegrass music piece. The acoustic guitar follows an offbeat strumming pattern, providing a rhythmic background. The violin and the banjo take turns to play rapid, upbeat solos. The atmosphere is very lively. This piece could be used at a definitively American setting such as a rodeo venue.","['bluegrass', 'instrumental', 'violin', 'banjo', 'acoustic guitar', 'american', 'folk', 'cozy', 'lively']",train
reggae,C:\Users\user\Downloads\gnn_bert_music_context\data\processed\graphs\reggae\reggae.00095.pkl,C:\Users\user\Downloads\gnn_bert_music_context\data\processed\features\reggae\reggae.00095.npy,gWRfk8nCcPs,"This reggae song features a male voice. He sings the first line and laughs at the end of the first sentence. He continues to sing the melody. The voice is accompanied by programmed percussion playing a simple beat. The bass plays the root notes of the chords. A keyboard plays chords in the background with a reggae feel. Another keyboard plays a fill in between lines. At the end, backing singers sing in harmony. This song has a holiday mood. This song can be played in a holiday movie.","['reggae song', 'male voice', 'holiday mood', 'programmed percussion', 'keyboard', 'shaker', 'moderate tempo']",train
metal,C:\Users\user\Downloads\gnn_bert_music_context\data\processed\graphs\metal\metal.00076.pkl,C:\Users\user\Downloads\gnn_bert_music_context\data\processed\features\metal\metal.00076.npy,uiHyWdYkBvY,This is a glam metal/heavy metal ballad. There is a male vocal and male back vocals singing melodically. The melody is being played on an electric guitar with a chorus effect applied alongside a bass guitar. The rhythmic background consists of a rock acoustic drum beat.The atmosphere is both hard-hitting and sentimental at the same time. This piece could be playing in the background of a rock/metal bar. It could also be included in the soundtrack of an 80s themed romance movie.,"['glam metal', 'heavy metal', 'ballad', 'male vocal', 'male back vocals', 'electric guitar', 'bass guitar', 'acoustic drums', 'hard-hitting', 'sentimental', 'medium tempo']",train
jazz,C:\Users\user\Downloads\gnn_bert_music_context\data\processed\graphs\jazz\jazz.00083.pkl,C:\Users\user\Downloads\gnn_bert_music_context\data\processed\features\jazz\jazz.00083.npy,lDCDayKyOQA,"The low quality recording features a jazz song playing on a speaker and it consists of groovy hi hats, brass melody, bells melody, punchy snare and smooth trombone. The recording is noisy and it sounds thin and like it is played in a lobby.","['low quality', 'jazz', 'speaker', 'noisy', 'groovy hi hats', 'brass melody', 'bells melody', 'thin', 'smooth trombone', 'punchy snare']",train
reggae,C:\Users\user\Downloads\gnn_bert_music_context\data\processed\graphs\reggae\reggae.00036.pkl,C:\Users\user\Downloads\gnn_bert_music_context\data\processed\features\reggae\reggae.00036.npy,ZM0imDMXuw8,An acoustic drum is playing a groove that is not strongly connected to reggae rhythm. A e-bass and piano-keys are bringing the typical reggae backbeat while another synth sound is playing short plucks as a melody. The male voice is singing in a reggae-fashion and in a higher key. In the background you can hear a big organ sound coming in and playing along with the melody. The elements are spread along the speakers. This song may be playing with speakers riding on your bike.,"['reggae', 'acoustic drums', 'e-bass', 'keys', 'synth pluck sound', 'organ', 'male voices singing', 'higher register', 'medium tempo', 'uplifting energy']",train
pop,C:\Users\user\Downloads\gnn_bert_music_context\data\processed\graphs\pop\pop.00037.pkl,C:\Users\user\Downloads\gnn_bert_music_context\data\processed\features\pop\pop.00037.npy,16TsDMjHzYU,"The low quality recording features a, what it seems like, karaoke cover of a muffled pop song that consists of some guitar melodies and rock-ish drums, over which an emotional female vocal is singing. There are some laughing and chattering crowd sound effects in the background too. It sounds fun and emotional, but also noisy and kind of chaotic.","['low quality', 'muffled pop song', 'noisy', 'laughing', 'people chattering', 'live performance', 'karaoke', 'emotional', 'fun', 'rock-ish drums', 'guitar melodies', 'emotional female vocal', 'chaotic']",train
blues,C:\Users\user\Downloads\gnn_bert_music_context\data\processed\graphs\blues\blues.00060.pkl,C:\Users\user\Downloads\gnn_bert_music_context\data\processed\features\blues\blues.00060.npy,5rjQU4vOIlw,Here we have a live recording of a musician playing the harmonica in a bluesy style. The tone is warm and rich and the mood is reminiscent of a country western film.,"['harmonica playing', 'bluesy', 'warm tone', 'live recording']",train
disco,C:\Users\user\Downloads\gnn_bert_music_context\data\processed\graphs\disco\disco.00035.pkl,C:\Users\user\Downloads\gnn_bert_music_context\data\processed\features\disco\disco.00035.npy,NWL-P08eM-U,"A male vocalist sings this peppy rap. The tempo is medium fast with an enthusiastic and catchy guitar rhythm, drum stick clicks, congas, steady drumming and keyboard accompaniment. The song is simple, punchy; buoyant, youthful, animated, vibrant and has a catchy dance groove. This song is contemporary Hip-Hop/Rap.","['male singer', 'medium tempo', 'spirited', 'vibrant', 'buoyant', 'foreign language', 'punchy guitar rhythm', 'drum stick clicks', 'disco rap', 'punchy', 'guitar accompaniment', 'steady drumming', 'congas', 'keyboard harmony', 'energetic', 'rap', 'hip-hop', 'pop rap', 'youthful', 'spirited', 'animated', 'dance groove', 'vibrant', 'punchy guitar rhythms drum stick clicks', 'rhythmic patter']",train
rock,C:\Users\user\Downloads\gnn_bert_music_context\data\processed\graphs\rock\rock.00079.pkl,C:\Users\user\Downloads\gnn_bert_music_context\data\processed\features\rock\rock.00079.npy,CKkbZCb9Y18,"A rock backing track is being played containing a e-bass, acoustic drums and a clean e-guitar playing a melody on top. In the foreground you can hear sounds that do not belong to the song. Chainsaws slashing things, monster sounds and female voices screaming like being in a fight. This is an amateur recording. This song may be playing in a violent videogame.","['rock', 'e-bass', 'acoustic drums', 'e-guitar', 'chainsaw noises', 'female voice', 'monster noises', 'amateur recording', 'violent sounds']",train
disco,C:\Users\user\Downloads\gnn_bert_music_context\data\processed\graphs\disco\disco.00075.pkl,C:\Users\user\Downloads\gnn_bert_music_context\data\processed\features\disco\disco.00075.npy,NWL-P08eM-U,"A male vocalist sings this peppy rap. The tempo is medium fast with an enthusiastic and catchy guitar rhythm, drum stick clicks, congas, steady drumming and keyboard accompaniment. The song is simple, punchy; buoyant, youthful, animated, vibrant and has a catchy dance groove. This song is contemporary Hip-Hop/Rap.","['male singer', 'medium tempo', 'spirited', 'vibrant', 'buoyant', 'foreign language', 'punchy guitar rhythm', 'drum stick clicks', 'disco rap', 'punchy', 'guitar accompaniment', 'steady drumming', 'congas', 'keyboard harmony', 'energetic', 'rap', 'hip-hop', 'pop rap', 'youthful', 'spirited', 'animated', 'dance groove', 'vibrant', 'punchy guitar rhythms drum stick clicks', 'rhythmic patter']",train
rock,C:\Users\user\Downloads\gnn_bert_music_context\data\processed\graphs\rock\rock.00017.pkl,C:\Users\user\Downloads\gnn_bert_music_context\data\processed\features\rock\rock.00017.npy,1QFli7KSXAQ,"The Rock song features a passionate male vocalist singing over wide electric guitar melodies, groovy bass guitar, shimmering cymbals, groovy toms, punchy snare and kick hits. It sounds energetic, passionate, emotional and loud.","['rock', 'punchy kick', 'punchy snare', 'groovy toms', 'wide electric guitars melodies', 'groovy bass guitar', 'shimmering cymbals', 'passionate male vocal', 'energetic', 'passionate', 'emotional', 'loud']",train
jazz,C:\Users\user\Downloads\gnn_bert_music_context\data\processed\graphs\jazz\jazz.00047.pkl,C:\Users\user\Downloads\gnn_bert_music_context\data\processed\features\jazz\jazz.00047.npy,8oUI02eK3SM,This song contains a male voice singing in the midrange while backing voices are supported with vocals in the higher register. Someone is playing a complex jazzlike groove on the drums. An e-guitar is playing a loud arpeggio melody panned to the right side of the speakers along with an e-bass. This song may be playing live at a jazz festival.,"['funk/r&b/jazz', 'acoustic piano', 'e-bass', 'e-guitar', 'male voice singing', 'backing voices', 'uptempo']",train
disco,C:\Users\user\Downloads\gnn_bert_music_context\data\processed\graphs\disco\disco.00076.pkl,C:\Users\user\Downloads\gnn_bert_music_context\data\processed\features\disco\disco.00076.npy,l6LUPlmua6I,This is a funk/disco music piece. There is a male vocalist singing melodically in the lead. The melody is being played by the keyboard with the backing of the electric guitar and the bass guitar. The rhythm is being played by the acoustic drums. The atmosphere is groovy. This piece could be played at a retro-themed party at a dance club.,"['funk', 'disco', 'male vocal', 'melodic singing', 'keyboard', 'electric guitar', 'bass guitar', 'acoustic drums', 'groovy', 'easygoing', 'danceable']",train
classical,C:\Users\user\Downloads\gnn_bert_music_context\data\processed\graphs\classical\classical.00062.pkl,C:\Users\user\Downloads\gnn_bert_music_context\data\processed\features\classical\classical.00062.npy,KxjiEi2Eywk,"The song is an instrumental. The tempo is slow with a lion playing an emotional solo, string section harmony, strong drumming rhythm and a steady bass line. The song is emotional and inspiring. The audio quality is poor.","['instrumental music', 'violin playing emotionally', 'never say die', 'string section harmony', 'slow tempo', 'steady drumming rhythm', 'echoes', 'keyboard harmony', 'philharmonic orchestra', 'strong bass line', 'inspiring', 'motivational', 'poor audio quality', 'poignant', 'spirited', 'passionate', 'documentary soundtrack', 'movie soundtrack', 'never give up']",train
classical,C:\Users\user\Downloads\gnn_bert_music_context\data\processed\graphs\classical\classical.00009.pkl,C:\Users\user\Downloads\gnn_bert_music_context\data\processed\features\classical\classical.00009.npy,jjYXRmE19lQ,"This music is instrumental. The tempo is fast with an enthralling harpsichord melody. The music is an energetic, high-powered, vibrant, vivacious and melodious western classical.","['instrumental', 'fast tempo', 'harpsichord', 'renaissance music', 'western classical', 'concert', 'enthralling', 'ethereal', 'harpsichord solo', 'dual keyboard', 'sharp sounds', 'melodious']",train
pop,C:\Users\user\Downloads\gnn_bert_music_context\data\processed\graphs\pop\pop.00086.pkl,C:\Users\user\Downloads\gnn_bert_music_context\data\processed\features\pop\pop.00086.npy,UDS6PrY9ZIM,"This pop song features a female voice singing the main melody. At the highest pitch, her voice goes into falsetto. This is accompanied by percussion playing a simple beat in common time. An electric guitar plays a repetitive two note phrase in the background. Another guitar player fills in the background. The bass plays the root notes of the chords. This song can be played in a romantic movie.","['slow pop song', 'romantic mood', 'female voice', 'guitar', 'bass', 'simple percussion', 'slow tempo']",train
classical,C:\Users\user\Downloads\gnn_bert_music_context\data\processed\graphs\classical\classical.00087.pkl,C:\Users\user\Downloads\gnn_bert_music_context\data\processed\features\classical\classical.00087.npy,QlaW568SeDc,"This music is a celestial instrumental. The tempo is slow with a symphonic harmony of the Vibraphones. The music is soft, gentle, and mellifluous with an ethereal, delicate, exquisite, elegant and beautiful sound.","['instrumental', 'slow tempo', 'melodious', 'celestial', 'ethereal', 'calming', 'vibraphone symphony', 'delicate', 'exquisite', 'calming', 'melancholy', 'dainty', 'vibraphone', 'percussion instrument']",train
disco,C:\Users\user\Downloads\gnn_bert_music_context\data\processed\graphs\disco\disco.00059.pkl,C:\Users\user\Downloads\gnn_bert_music_context\data\processed\features\disco\disco.00059.npy,u6tgeRXOxnU,"A male vocalist sings this energetic rap. The tempo is fast with electronic music and synthesiser arrangements with digital drum rhythm and boomy bass. The song is upbeat, energetic, buoyant, punchy and youthful with a bright dance groove. This song is an EDM/Synth pop.","['male singer', 'fast tempo', 'synth pop', 'punchy', 'atmospheric music', 'vibrant', 'edm', 'drum machine', 'synthesiser arrangements', 'digital drumming', 'reverb', 'rhythmic patter', 'vigorous rhythmic speech', 'pop rap', 'disco rap', 'dance pop', 'energetic', 'enthusiastic', 'punch', 'youthful', 'bouncy', 'hip-hop', 'rap', 'dj', 'punk rap', 'club music']",train
country,C:\Users\user\Downloads\gnn_bert_music_context\data\processed\graphs\country\country.00038.pkl,C:\Users\user\Downloads\gnn_bert_music_context\data\processed\features\country\country.00038.npy,9-R70gSqvrc,A full sounding male voice is singing mid range with kind of a radio effect on his voice. Two banjos are strumming chords with one playing the lead melody on top. One is panned to the right side of the speakers. An acoustic drum is playing a four on the floor groove with a kick on every beat and an e-bass is playing his own melody along. In the background you can hear the sound of a photo taken. This song may be playing in an advertisement for a product.,"['country/rock', 'banjo', 'male voice singing', 'mid-range', 'foto shot sound', 'acoustic drums', 'e-bass', 'uptempo']",train
country,C:\Users\user\Downloads\gnn_bert_music_context\data\processed\graphs\country\country.00073.pkl,C:\Users\user\Downloads\gnn_bert_music_context\data\processed\features\country\country.00073.npy,adYFXYPqo2M,"This is a country music piece. There is a male vocalist singing in a preaching manner. The melody is being played by a violin, a banjo and an electric guitar while an upright bass is playing in the background. The rhythmic background consists of an accentuated acoustic drum beat. The atmosphere is lively and hard-hitting. This piece could be used in the soundtrack of a historical crime movie taking place in the US.","['country music', 'male vocal', 'preach-like singing', 'violin', 'banjo', 'electric guitar', 'upright bass', 'acoustic drums', 'lively', 'hard-hitting']",train
rock,C:\Users\user\Downloads\gnn_bert_music_context\data\processed\graphs\rock\rock.00044.pkl,C:\Users\user\Downloads\gnn_bert_music_context\data\processed\features\rock\rock.00044.npy,gjJWbtCShqo,"This slow rock song starts off with a male voice that pauses after one word. This is accompanied by percussion playing a marching beat. Synth strings play chords in the background. Bass notes follow the root notes of the chords. After the voice pauses, a repetitive melody is played on the synth and the chords change on the other instruments. The percussion continues to play the marching beat. This song can be played in a war scene in a movie.","['slow rock song', 'male voice', 'synth sounds', 'marching beat', 'programmed percussion', 'slow tempo', 'melancholic mood', 'repetitive melody']",train
country,C:\Users\user\Downloads\gnn_bert_music_context\data\processed\graphs\country\country.00044.pkl,C:\Users\user\Downloads\gnn_bert_music_context\data\processed\features\country\country.00044.npy,D9TuP8PKD6M,A marimba playing the main melody along with a little brass-section playing another melody along. The e-bass is playing along with the drums holding a country-like rhythm. This song may be playing at a park with little food trucks.,"['latin/folklore/country', 'e-bass', 'marimba', 'brass', 'acoustic drums', 'medium tempo']",train
reggae,C:\Users\user\Downloads\gnn_bert_music_context\data\processed\graphs\reggae\reggae.00008.pkl,C:\Users\user\Downloads\gnn_bert_music_context\data\processed\features\reggae\reggae.00008.npy,OB7GyVqufwQ,A digital drum is playing a reggaeton groove along with some acoustic percussion while someone is playing a turkish baglama. A male voice is singing/shouting. This is an amateur recording. This song may be playing outside busking with a band.,"['oriental music', 'turkish baglama', 'acoustic/digital percussion', 'male voice singing/shouting', 'medium to uptempo']",train
country,C:\Users\user\Downloads\gnn_bert_music_context\data\processed\graphs\country\country.00062.pkl,C:\Users\user\Downloads\gnn_bert_music_context\data\processed\features\country\country.00062.npy,1nUqhH8bAPk,"A country-song with guitar, acoustic drums and a almost walking bassline is playing along with a high pitched baby voice singing along to some sound effects/noise samples of some ribbon. This recording is in very poor quality. This song may be playing as a joke to pull off on someone.","['comedicsong', 'high pitched baby imitating voice singing', 'acoustic guitar', 'e-bass', 'soundeffects', 'comedic', 'poor sound-quality recording']",train
metal,C:\Users\user\Downloads\gnn_bert_music_context\data\processed\graphs\metal\metal.00056.pkl,C:\Users\user\Downloads\gnn_bert_music_context\data\processed\features\metal\metal.00056.npy,xLQF7S41XLE,These are sounds from a movie. There is a metal object falling to pieces on the ground. There is a cinematic string sequence that gives a dramatic atmosphere to the track. There is also a feeling of suspense. This could be playing in the soundtrack of an action-filled movie.,"['sound effects', 'little pieces of metal', 'cinematic strings', 'dramatic', 'suspense', 'movie music']",train
reggae,C:\Users\user\Downloads\gnn_bert_music_context\data\processed\graphs\reggae\reggae.00020.pkl,C:\Users\user\Downloads\gnn_bert_music_context\data\processed\features\reggae\reggae.00020.npy,kTBlMy4dtC0,"A male singer sings this cheerful children’s song.  The song is medium tempo with reggae inspired drumming rhythm, guitar accompaniment, groovy bass line and keyboard harmony. The song is exciting and cheerful. The song is a children’s dance song.","['reggae music', 'male singer', 'children’s song', 'groovy drum rhythm', 'guitar accompaniment', 'barking sounds', 'animated movie', 'movie soundtrack', 'groovy bas slime', 'reggae drum rhythm', 'reggae band', 'drum rolls', 'exciting', 'positive', 'cheerful', 'dance rhythm', 'kindergarten songs']",train
reggae,C:\Users\user\Downloads\gnn_bert_music_context\data\processed\graphs\reggae\reggae.00035.pkl,C:\Users\user\Downloads\gnn_bert_music_context\data\processed\features\reggae\reggae.00035.npy,-kpR93atgd8,An acoustic drum is playing along with a bassline giving the song a ska/reggae feeling. The e-guitar strumming on the offbeat supports that feeling while a keyboard is playing a bell-sounding chord. Bongos are setting little accents at the end. A saxophone is playing a melody along. This song may be playing at a festival outside while the sun is shining.,"['ska', 'saxophone', 'e-guitar', 'acoustic drums', 'percussion', 'keys', 'e-bass', 'fast tempo', 'uplifting energy']",train
classical,C:\Users\user\Downloads\gnn_bert_music_context\data\processed\graphs\classical\classical.00088.pkl,C:\Users\user\Downloads\gnn_bert_music_context\data\processed\features\classical\classical.00088.npy,X2gHQb5ubco,A female opera singer sings this climatic high pitched finish. The song is medium tempo with a string section accompaniment and a rhythm Section. The song is dramatic and high on adrenaline. The audio quality is very poor.,"['female singer', 'opera singer', 'opera hall', 'rhythm section', 'philharmonic orchestra', 'poor audio quality', 'composer', 'conductor', 'operatic theme', 'high pitched vocals', 'bad audio quality', 'song ending', 'dramatic finish', 'building tension', 'climactic', 'string section crescendo', 'movie soundtrack', 'medium tempo']",train
metal,C:\Users\user\Downloads\gnn_bert_music_context\data\processed\graphs\metal\metal.00010.pkl,C:\Users\user\Downloads\gnn_bert_music_context\data\processed\features\metal\metal.00010.npy,f5eMUCSZCjc,"The low quality recording features a metal song that consists of wide aggressive, distorted electric guitars, distorted bass, clean electric guitar solo melody, energetic crash cymbals, punchy snare, double pedal kick and throaty male vocal talking and screaming over it. There are some energetic snare rolls that serve as a breakbeat and transition to the next section. It sounds energetic, aggressive and manic. Putting the vocal so low in the mix, makes it a low quality sound.","['low quality', 'metal', 'wide aggressive distorted electric guitars', 'solo clean electric guitar melody', 'distorted bass guitar', 'throaty male vocal', 'energetic crash cymbals', 'punchy snare', 'snare rolls', 'double pedal kick', 'energetic', 'manic', 'aggressive']",train
pop,C:\Users\user\Downloads\gnn_bert_music_context\data\processed\graphs\pop\pop.00038.pkl,C:\Users\user\Downloads\gnn_bert_music_context\data\processed\features\pop\pop.00038.npy,H6qzijVEqZQ,This is a pop funk piece used as a jingle for an ad. There is a male vocalist singing melodically while the electric guitar is playing a catchy tune with the bass guitar playing a groovy bass line. A normal tempo acoustic drum beat provides the rhythmic background. There are a couple of sound effects in the end. The piece has an easygoing atmosphere. It is the perfect match for a jingle. It could also be used in DJ sets or remixes.,"['pop funk', 'jingle', 'male vocal', 'melodic singing', 'electric guitar', 'bass guitar', 'acoustic drums', 'funky', 'easygoing', 'normal tempo', 'sound effects', 'breath', 'stamp', 'generic', 'easygoing']",train
rock,C:\Users\user\Downloads\gnn_bert_music_context\data\processed\graphs\rock\rock.00034.pkl,C:\Users\user\Downloads\gnn_bert_music_context\data\processed\features\rock\rock.00034.npy,PP3kNqPM434,This punk rock song features a male voice singing the main melody at a comfortable pitch. This is accompanied by percussion playing a simple rock beat. A distortion guitar plays power chords using downstrokes. The bass plays the root notes of the chords. This song is played at a moderate tempo. This song can be played at the end credits of an action movie.,"['punk rock', 'male voice', 'distortion guitar', 'percussion', 'bass', 'moderate tempo', 'upbeat song']",train
reggae,C:\Users\user\Downloads\gnn_bert_music_context\data\processed\graphs\reggae\reggae.00077.pkl,C:\Users\user\Downloads\gnn_bert_music_context\data\processed\features\reggae\reggae.00077.npy,kTBlMy4dtC0,"A male singer sings this cheerful children’s song.  The song is medium tempo with reggae inspired drumming rhythm, guitar accompaniment, groovy bass line and keyboard harmony. The song is exciting and cheerful. The song is a children’s dance song.","['reggae music', 'male singer', 'children’s song', 'groovy drum rhythm', 'guitar accompaniment', 'barking sounds', 'animated movie', 'movie soundtrack', 'groovy bas slime', 'reggae drum rhythm', 'reggae band', 'drum rolls', 'exciting', 'positive', 'cheerful', 'dance rhythm', 'kindergarten songs']",train
rock,C:\Users\user\Downloads\gnn_bert_music_context\data\processed\graphs\rock\rock.00089.pkl,C:\Users\user\Downloads\gnn_bert_music_context\data\processed\features\rock\rock.00089.npy,4Y5VcH7iK3Q,Instrumental surf rock with a lead electric guitar playing the melody and a rhythm electric guitar strumming chords. Ride cymbals are loud in the mix and spring reverb is used as an effect. The electric bass is playing a walking pattern.,"['instrumental', 'surf rock', 'ride cymbal', 'spring reverb', 'rhythm electric guitar strumming', 'lead electric guitar melody', 'walking bassline']",train
pop,C:\Users\user\Downloads\gnn_bert_music_context\data\processed\graphs\pop\pop.00072.pkl,C:\Users\user\Downloads\gnn_bert_music_context\data\processed\features\pop\pop.00072.npy,VlgOLOoctm0,This is a lullaby version of a pop music piece. The main tune is played by a lyre which creates a medieval aura in the song. There is also a xylophone playing in the background with a supporting tune. A cello can be heard playing staccato notes for the bassline. An occasional bell percussion that sounds similar to a sleigh bell can be heard in the background. This could both be played in wholesome social media content and also due to its soothing nature in playlists meant to be played at bedtime for babies.,"['lullaby', 'melodic', 'instrumental', 'cover', 'medieval sound', 'lyre', 'cello', 'xylophone', 'bells', 'calming', 'soothing', 'sleep-inducing']",train
jazz,C:\Users\user\Downloads\gnn_bert_music_context\data\processed\graphs\jazz\jazz.00037.pkl,C:\Users\user\Downloads\gnn_bert_music_context\data\processed\features\jazz\jazz.00037.npy,tuoBmxts5Xo,"The low quality recording features a live performance of a jazz song that consists of a tenor sax solo melody playing over mellow piano chords, sustained strings, groovy bass, snappy rimshots, shimmering hi hats and punchy kicks. It sounds emotional, passionate and soulful.","['low quality', 'live performance', 'jazz', 'tenor sax solo melody', 'groovy bass', 'mellow piano chords', 'shimmering hi hats', 'punchy kick', 'snappy rimshots', 'sustained strings', 'passionate', 'emotional', 'soulful']",train
jazz,C:\Users\user\Downloads\gnn_bert_music_context\data\processed\graphs\jazz\jazz.00063.pkl,C:\Users\user\Downloads\gnn_bert_music_context\data\processed\features\jazz\jazz.00063.npy,Nqb7nw58q08,"The song is an instrumental. The song is medium tempo with a groovy drumming rhythm,  percussive bass line and cool electric guitar riff played repeatedly. The song is exciting and energetic. The song has smooth jazz or funk jazz roots.","['electric guitar lead', 'live performance', 'live band', 'guitar band', 'exciting', 'instrumental music', 'adrenaline rush', 'energetic', 'electric guitar riff', 'live audience', 'entertaining', 'funk jazz', 'groovy drumming rhythm', 'percussive bass line', 'cymbals crashing', 'improvisational music', 'jazz funk', 'smooth jazz', 'groovy music', 'medium fast tempo']",train
disco,C:\Users\user\Downloads\gnn_bert_music_context\data\processed\graphs\disco\disco.00011.pkl,C:\Users\user\Downloads\gnn_bert_music_context\data\processed\features\disco\disco.00011.npy,9PMoI31ncIs,This is a house music piece. There is a synth with a crisp sound playing the melody while a lot of turntable scratches can be heard in the background. An electronic drum beat with lots of snare beat repeat sounds provide the rhythm. The atmosphere is energetic and upbeat. This piece could be played at nightclubs or dance clubs.,"['house', 'disco music', 'no singer', 'electronic', 'synth', 'turntable', 'electronic drums', 'energetic', 'dance', 'upbeat', 'club music']",train
country,C:\Users\user\Downloads\gnn_bert_music_context\data\processed\graphs\country\country.00090.pkl,C:\Users\user\Downloads\gnn_bert_music_context\data\processed\features\country\country.00090.npy,RlcIJsgtU58,"The Country Pop song features an echoing male vocal singing over offbeat acoustic rhythm guitar, punchy ""4 on the floor"" kick pattern and smooth bass. It sounds emotional, easygoing and passionate.","['country pop', 'offbeat acoustic rhythm guitar', 'punchy ""4 on the floor"" kick pattern', 'smooth bass', 'echoing male vocal', 'emotional', 'passionate', 'easygoing']",train
disco,C:\Users\user\Downloads\gnn_bert_music_context\data\processed\graphs\disco\disco.00025.pkl,C:\Users\user\Downloads\gnn_bert_music_context\data\processed\features\disco\disco.00025.npy,u0lm58cet1g,"This is a pop/disco music piece. There is a male vocalist singing melodically in the lead while the main tune is being played by the saxophone. In the rhythmic background, there is an electronic drum beat with percussive elements surrounding it. The atmosphere is energetic and danceable. This piece could be playing in the background at a dance club during a retro-themed night.","['pop music', 'disco', 'male vocal', 'melodic singing', 'saxophone', 'electronic drums', 'percussion', 'energetic', 'danceable', 'upbeat']",train
blues,C:\Users\user\Downloads\gnn_bert_music_context\data\processed\graphs\blues\blues.00056.pkl,C:\Users\user\Downloads\gnn_bert_music_context\data\processed\features\blues\blues.00056.npy,GT9g4uqK9G8,"The song is an instrumental blues song. The song is medium tempo with a blues harmonica playing a cool melody, walking bass line, guitar accompaniment , steady drumming rhythm and other percussion hits. The song is exciting and groovy. The song has a bad audio quality.","['blues harmonica', 'blues harp', 'harpist', 'instrumental music', 'harmonica player', 'groovy bass line', 'guitar rhythm', 'steady drumming', 'the blues', 'blues progression', 'instrumental music', 'soaring melody', 'bad audio quality', 'blue band', 'walking bass line', 'blues turn around', 'blues legends', 'medium tempo', 'adventurous', 'exciting', 'groovy', 'slow dance', 'passionate', 'spirited']",train
reggae,C:\Users\user\Downloads\gnn_bert_music_context\data\processed\graphs\reggae\reggae.00064.pkl,C:\Users\user\Downloads\gnn_bert_music_context\data\processed\features\reggae\reggae.00064.npy,gz-4W-uEzhc,"The Reggae song features harmonizing male vocals singing over wooden percussion, punchy snare and kick hits, claps, groovy bass, offbeat piano chords, followed by flat male vocals. It sounds energetic, happy, fun, groovy and funky.","['reggae', 'wooden percussions', 'punchy snare', 'claps', 'punchy kick', 'groovy bass', 'offbeat piano chords', 'harmonizing male vocals', 'flat male vocal', 'energetic', 'groovy', 'funky', 'happy', 'fun']",train
reggae,C:\Users\user\Downloads\gnn_bert_music_context\data\processed\graphs\reggae\reggae.00099.pkl,C:\Users\user\Downloads\gnn_bert_music_context\data\processed\features\reggae\reggae.00099.npy,Xaq-segSEsQ,"A male vocalist sings this energetic Nigerian song. The tempo is fast and upbeat with keyboard harmony and Afro beats of conga, clave, drums and akuba. The music is upbeat, catchy, spirited, energetic, youthful and pulsating with a dance groove. This song is a Reggae song.","['male singer', 'fast tempo', 'nigerian music', 'world music', 'propulsive percussion', 'upstroke rhythm guitar', 'dominant music', 'pleasant', 'catchy', 'youthful', 'dance groove', 'happy', 'cheerful', 'carefree', 'conga', 'clave', 'akuba', 'bright drumming', 'reggae', 'ugandan song', 'foreign language', 'afro beats', 'reggae', 'inspirational', 'reflective']",train
classical,C:\Users\user\Downloads\gnn_bert_music_context\data\processed\graphs\classical\classical.00050.pkl,C:\Users\user\Downloads\gnn_bert_music_context\data\processed\features\classical\classical.00050.npy,P007re8_iyY,This orchestral song starts with a melody played on a reed instrument backed by strings and the triangle. This is followed by the horn section playing a descending run. The violin plays a solo after the horn section. The violins are backed by the bass played on viola or cello. The mood of this song is comedic. This song can be played in a movie scene where a criminal is planning a cunning tactic.,"['orchestral music', 'reed instrument sound', 'brass section', 'no voices', 'instrumental', 'no percussion', 'triangle', 'staccato violins', 'moderate tempo', 'comedic mood']",train
blues,C:\Users\user\Downloads\gnn_bert_music_context\data\processed\graphs\blues\blues.00055.pkl,C:\Users\user\Downloads\gnn_bert_music_context\data\processed\features\blues\blues.00055.npy,hzznbzry5R8,"The song is an instrumental. The song is medium tempo, with an acoustic guitar playing blues, strong drumming rhythm, walking bass line and keyboard harmony. The song is exciting and has a dance rhythm. The audio quality is poor.","['acoustic guitar lead', 'country blues music', 'poor audio quality', 'instrumental music', 'blues legends', 'blues legends', 'live performance', 'live audience', 'live in concert', 'country blues band', 'retro blues hits', 'bad audio quality', 'strong walking bass', 'blues guitar', 'steady rock drumming', 'exciting', 'enthusiastic', 'retro blues', 'country blues hits', 'emotional', 'enthusiastic', 'groovy music', 'blues dance music']",train
blues,C:\Users\user\Downloads\gnn_bert_music_context\data\processed\graphs\blues\blues.00033.pkl,C:\Users\user\Downloads\gnn_bert_music_context\data\processed\features\blues\blues.00033.npy,FNnKFUkFJ5M,This blues song features a solo played on a harmonica. It starts off with the harmonica playing three descending notes. This is followed by the same three notes but the first note is played twice followed by the remaining two notes. This is accompanied by a guitar playing a rock and roll strumming pattern. The bass plays the root note of the chord. A piano plays in the background. There are no voices in this song. This song can be played in a bar scene in a movie.,"['harmonica song', 'acoustic guitar', 'piano song', 'no voices', 'bass', 'instrumental', 'no percussion', 'no voices', 'blues song', 'slow tempo']",train
blues,C:\Users\user\Downloads\gnn_bert_music_context\data\processed\graphs\blues\blues.00081.pkl,C:\Users\user\Downloads\gnn_bert_music_context\data\processed\features\blues\blues.00081.npy,Ypuv3htJlpg,This is an amateur recording of a harmonica solo being performed over a blues/rock-n-roll music piece. The piece is instrumental. The harmonica plays a melodic solo in the style of blues. The backing track consists of the electric guitar and the bass guitar playing a simple tune while the medium tempo acoustic drums are playing a basic blues rock beat. The atmosphere is easygoing. This piece could be playing from the radio during a road trip in a movie.,"['amateur recording', 'blues', 'rock-n-roll', 'instrumental', 'harmonica solo', 'backing track', 'electric guitar', 'bass guitar', 'acoustic drums', 'easygoing']",train
reggae,C:\Users\user\Downloads\gnn_bert_music_context\data\processed\graphs\reggae\reggae.00046.pkl,C:\Users\user\Downloads\gnn_bert_music_context\data\processed\features\reggae\reggae.00046.npy,DvN5813H7Bo,This is a reggae music piece. There is a male vocalist singing in a laid-back manner. The keyboard is playing the main tune. The electric guitar is being strummed in a staccato off-beat pattern. There is a groovy bass line being played by the bass guitar. The rhythmic background consists of a reggae acoustic drum beat. The atmosphere is chill and trippy. This piece could be used in the soundtrack of a romance movie with a tropical setting.,"['reggae', 'male vocal', 'laid-back singing', 'keyboard', 'electric guitar', 'bass guitar', 'acoustic drums', 'chill', 'trippy', 'groovy']",train
rock,C:\Users\user\Downloads\gnn_bert_music_context\data\processed\graphs\rock\rock.00072.pkl,C:\Users\user\Downloads\gnn_bert_music_context\data\processed\features\rock\rock.00072.npy,D8-x1T8M4gk,This is a rock and roll piece used as an accompaniment for a dance. There is a male vocal singing at a low-to-medium pitch. The main melody is being played by an electric guitar while the bass guitar is repeating a bass line with a groovy pattern in the background. The acoustic drums are playing an upbeat 4/4 rock and roll beat. There is a raw feeling to it. The tune is catchy. This piece could be playing in the background of a sports bar or a rock bar. It could also work well at sports venues.,"['rock and roll', 'dance', 'male vocal', 'low-to-medium pitch singing', 'electric guitar', 'bass guitar', 'loud', 'raw', 'catchy', 'upbeat']",train
rock,C:\Users\user\Downloads\gnn_bert_music_context\data\processed\graphs\rock\rock.00012.pkl,C:\Users\user\Downloads\gnn_bert_music_context\data\processed\features\rock\rock.00012.npy,UDg9vuBDtVU,"The song is an instrumental. The song is medium tempo with a groovy bass line, guitar playing accompaniment along with piano and a steady drumming rhythm with cymbal hits. The song is meditative and nostalgic. The song is a new age rock inspired tune.","['guitar playing rhythm', 'piano accompaniment', 'meditation playlist', 'new age', 'subtle drum play', 'cymbal hits', 'medium tempo', 'instrumental music', 'groovy rhythm', 'melancholic', 'old memories', 'groovy', 'nostalgia', 'emotional', 'exciting', 'positive', 'inspiring', 'healing music', 'sustained bass line']",train
classical,C:\Users\user\Downloads\gnn_bert_music_context\data\processed\graphs\classical\classical.00028.pkl,C:\Users\user\Downloads\gnn_bert_music_context\data\processed\features\classical\classical.00028.npy,eZNnuRvrZDU,"The Classical song features wide sustained strings and subtle mellow piano chords. It sounds sad and emotional - like something you would hear in the video games, as a background music for a sad scene.","['wide sustained strings melody', 'mellow piano chords', 'sad', 'emotional', 'classical']",train
rock,C:\Users\user\Downloads\gnn_bert_music_context\data\processed\graphs\rock\rock.00091.pkl,C:\Users\user\Downloads\gnn_bert_music_context\data\processed\features\rock\rock.00091.npy,R-aMYx9f0Ho,"This song is an instrumental. The tempo is medium with an interesting electric guitar riff and subtle keyboard followed by energetic drumming, Funky bass lines and keyboard arrangement. The song gradually builds up and is catchy, youthful, upbeat, melodious, captivating and groovy. This song is Soft Rock.","['instrumental', 'amplified guitar riff', 'intense', 'captivating', 'groovy', 'burgeoning harmony', 'youthful', 'catchy', 'upbeat', 'engaging', 'captivating', 'steady drumming', 'funky bass line', 'keyboard accompaniment', 'rock', 'classic rock', 'retro rock']",train
classical,C:\Users\user\Downloads\gnn_bert_music_context\data\processed\graphs\classical\classical.00023.pkl,C:\Users\user\Downloads\gnn_bert_music_context\data\processed\features\classical\classical.00023.npy,fE7tbn6Fnw4,The low quality recording features a classical song that consists of a harpsichord melody played over strings and brass melody. It sounds emotional and passionate.,"['low quality', 'classical', 'strings melody', 'harpsichord melody', 'brass melody', 'passionate', 'emotional']",train
reggae,C:\Users\user\Downloads\gnn_bert_music_context\data\processed\graphs\reggae\reggae.00016.pkl,C:\Users\user\Downloads\gnn_bert_music_context\data\processed\features\reggae\reggae.00016.npy,GkB_BkyVyPs,"The low quality recording features a live performance of a reggae song that consists of shimmering cymbals, addictive brass melody and muffled male vocal singing over it. It is noisy and in mono, and it sounds thin, harsh, muddy, messy and energetic.","['low quality', 'shimmering cymbals', 'noisy', 'mono', 'addictive brass melody', 'muffled male vocal', 'live performance', 'reggae', 'loud', 'thin', 'harsh', 'muddy', 'messy', 'energetic']",train
jazz,C:\Users\user\Downloads\gnn_bert_music_context\data\processed\graphs\jazz\jazz.00043.pkl,C:\Users\user\Downloads\gnn_bert_music_context\data\processed\features\jazz\jazz.00043.npy,tBKOvAiNOQE,This is a jazz music piece. There is a piano and a trombone playing a groovy tune. The atmosphere is lively. This piece could be used as an opening theme for a nighttime talk show or a historical YouTube channel.,"['jazz', 'no singer', 'instrumental', 'piano', 'trombone', 'lively', 'playful', 'theme music']",train
blues,C:\Users\user\Downloads\gnn_bert_music_context\data\processed\graphs\blues\blues.00099.pkl,C:\Users\user\Downloads\gnn_bert_music_context\data\processed\features\blues\blues.00099.npy,ZLDQ8-8AyI4,"The low quality recording features a live performance of a blues song that consists of nasal male vocal singing over acoustic rhythm guitar chord progression and smooth double bass. There are also some crowd talking noises. It sounds groovy and kind of dull, since it is probably recorded with a phone.","['low quality', 'acoustic', 'live performance', 'blues', 'acoustic rhythm guitar chord progression', 'smooth double bass', 'crowd talking', 'nasal male vocal', 'groovy', 'dull']",train
metal,C:\Users\user\Downloads\gnn_bert_music_context\data\processed\graphs\metal\metal.00045.pkl,C:\Users\user\Downloads\gnn_bert_music_context\data\processed\features\metal\metal.00045.npy,OcdrbkDm2LQ,"The Soul Instrumental features an addictive marimba melody, shimmering shakers, punchy kick hits, syncopated snare and tinny metallic percussive elements. It sounds narrow because it is recorded with one mono room microphone and therefore it is a low quality recording.","['soul', 'low quality', 'instrumental', 'marimba melody', 'shimmering shakers', 'tinny metallic percussive elements', 'punchy kick', 'syncopate snare hits', 'low quality', 'mono', 'room microphone']",train
country,C:\Users\user\Downloads\gnn_bert_music_context\data\processed\graphs\country\country.00035.pkl,C:\Users\user\Downloads\gnn_bert_music_context\data\processed\features\country\country.00035.npy,crToMuDxmL8,"This music is a lively country music instrumental. The tempo is fast and upbeat with a banjo, and an instrument that sounds like a fiddle. The instrument is like pedal steel being played like a fiddle.the music is vibrant, vigorous, vivacious, cheerful, happy, sunny, happy and upbeat. This music is classic Country Pop.","['instrumental', 'banjo', 'pedal steel guitar', 'fiddle', 'country music', 'country folk music', 'regional music', 'upbeat', 'energetic', 'cheerful', 'pleasant', 'joyful', 'sunny', 'celebratory']",train
disco,C:\Users\user\Downloads\gnn_bert_music_context\data\processed\graphs\disco\disco.00064.pkl,C:\Users\user\Downloads\gnn_bert_music_context\data\processed\features\disco\disco.00064.npy,x1S2oreZBWU,This is an R&B/disco funk music piece. There are multiple layers of a female vocalist singing melodically. The melody is being played by the electric guitar while the bass guitar is playing a groovy bass line. There is a funky acoustic drum beat in the background. The atmosphere is hip and the piece is very danceable. The piece could be playing for a 70s night at a dance club.,"['r&b', 'disco funk', 'female vocal', 'melodic singing', 'electric guitar', 'bass guitar', 'acoustic drums', 'groovy', 'hip', 'danceable']",train
country,C:\Users\user\Downloads\gnn_bert_music_context\data\processed\graphs\country\country.00088.pkl,C:\Users\user\Downloads\gnn_bert_music_context\data\processed\features\country\country.00088.npy,-0SdAVK79lg,This song features an electric guitar as the main instrument. The guitar plays a descending run in the beginning then plays an arpeggiated chord followed by a double stop hammer on to a higher note and a descending slide followed by a descending chord run. The percussion plays a simple beat using rim shots. The percussion plays in common time. The bass plays only one note on the first count of each bar. The piano plays backing chords. There are no voices in this song. The mood of this song is relaxing. This song can be played in a coffee shop.,"['guitar song', 'piano backing', 'simple percussion', 'relaxing melody', 'slow tempo', 'bass', 'country feel', 'instrumental', 'no voice']",train
hiphop,C:\Users\user\Downloads\gnn_bert_music_context\data\processed\graphs\hiphop\hiphop.00077.pkl,C:\Users\user\Downloads\gnn_bert_music_context\data\processed\features\hiphop\hiphop.00077.npy,O5IulN0n6d0,"A male rapper sings this cool melody with a backup singer in vocal harmony. The song is medium tempo with a groovy bass, keyboard playing harmony, stringed Asian instrument and a steady drumming rhythm. The song is story telling and passionate. The song is in poor audio quality and is a rap music video.","['amateur audio quality', 'rap music', 'emotional', 'korean rap', 'youthful', 'passionate', 'street smart', 'dance rhythm', 'keyboard harmony', 'cool and sophisticated', 'male rap singer', 'asian stringed instruments', 'keybiard harmony', 'vocal harmony', 'backup singers', 'steady drumming rhythm', 'groovy bass line', 'story telling', 'asian rap hits', 'engaging', 'energetic', 'passionate', 'rap hits', 'rap artist']",train
disco,C:\Users\user\Downloads\gnn_bert_music_context\data\processed\graphs\disco\disco.00028.pkl,C:\Users\user\Downloads\gnn_bert_music_context\data\processed\features\disco\disco.00028.npy,Q7oWXOByo28,This electropop song features a female voice singing a repetitive melody. The voice seems like it is coming from a distance. This is accompanied by programmed percussion playing a disco beat. The kick is played at every count. The bass plays a funky bass line using octaves and filler notes in between. There are synth layers that are played in this song. One synth layer plays a piano-sounding loop only with chords. Another synth layer plays an ascending and descending loop according to the chords being played. This song has a happy mood and can be played in a club.,"['electropop', 'dance music', 'female voice', 'repetitive vocal melody', 'distant sounding voice', 'disco music', 'funky bass', 'programmed percussion', 'fast tempo', 'synth sounds', 'happy mood', 'club song']",train
country,C:\Users\user\Downloads\gnn_bert_music_context\data\processed\graphs\country\country.00019.pkl,C:\Users\user\Downloads\gnn_bert_music_context\data\processed\features\country\country.00019.npy,F8wGRd9332s,Someone is strumming chords on a guitar while someone else is playing a melody using a harmonica. This song sounds like sitting around  a bonfire.,"['country/pop', 'amateur recording', 'acoustic guitar', 'harmonica', 'medium tempo']",train
metal,C:\Users\user\Downloads\gnn_bert_music_context\data\processed\graphs\metal\metal.00011.pkl,C:\Users\user\Downloads\gnn_bert_music_context\data\processed\features\metal\metal.00011.npy,YvFY7xU2kGk,"This music is an electric guitar instrumental. The tempo is medium with an enthusiastic lead on the electric guitar.no accompanying instruments are used. The music is loud, emphatic, catchy, intense and powerful like in Rock/ Metal music.","['instrumental', '’ medium tempo', 'electric guitar', 'loud', 'powerful', 'intense', 'catchy', 'no accompaniment', 'intense', 'sonic power', 'external amplification', 'fingers sliding over fret', 'string instrument', 'sound of fingers sliding over the fret', 'external amplification', 'amplified guitar', 'rock', 'metal', 'vibrations']",train
rock,C:\Users\user\Downloads\gnn_bert_music_context\data\processed\graphs\rock\rock.00004.pkl,C:\Users\user\Downloads\gnn_bert_music_context\data\processed\features\rock\rock.00004.npy,zWJC_qr2610,"The low quality recording features a live performance of a rock song and it features passionate male vocals, alongside harmonizing male vocals, singing over arpeggiated electric guitar melody, boomy bass guitar, punchy kick and snare hits and shimmering open hats. It sounds noisy and messy, as the frequencies are clashing with each other, but it is still groovy and emotional regardless.","['low quality', 'rock', 'live performance', 'arpeggiated electric guitar melody', 'passionate male vocal', 'harmonizing male vocals', 'boomy bass guitar', 'shimmering open hats', 'punchy kick', 'punchy snare', 'messy', 'noisy', 'groovy', 'emotional']",train
country,C:\Users\user\Downloads\gnn_bert_music_context\data\processed\graphs\country\country.00065.pkl,C:\Users\user\Downloads\gnn_bert_music_context\data\processed\features\country\country.00065.npy,xKEJ6fVhb8w,This song contains someone playing a bass drum instrument along with someone playing a triangle. A female voice is shouting while a flute is playing the main melody in a very high key. This song may be playing at a theater performance in an Asian country.,"['asian/traditional', 'percussions', 'female voice shouting', 'flute', 'very high key', 'amateur recording', 'uptempo']",train
classical,C:\Users\user\Downloads\gnn_bert_music_context\data\processed\graphs\classical\classical.00039.pkl,C:\Users\user\Downloads\gnn_bert_music_context\data\processed\features\classical\classical.00039.npy,axb48YrvRmw,Classical music features a variety of string instruments that play a bright melody. The sound is big and orchestral. A clarinet plays a high-pitched melody in the foreground.  The atmosphere of the song is positive and happy.,"['classical music', 'strings', 'violins', 'clarinets', 'cello', 'happy', 'positive', 'orchestral', 'no vocals']",train
classical,C:\Users\user\Downloads\gnn_bert_music_context\data\processed\graphs\classical\classical.00019.pkl,C:\Users\user\Downloads\gnn_bert_music_context\data\processed\features\classical\classical.00019.npy,dbBlYyaFKTQ,"The low quality recording features a classical song that consists of a brass solo melody played over sustained brass melody and short flute lick. It sounds emotional, joyful and the recording is noisy.","['low quality', 'noisy', 'classical', 'flute lick', 'brass solo melody', 'sustained brass melody', 'emotional', 'joyful']",train
blues,C:\Users\user\Downloads\gnn_bert_music_context\data\processed\graphs\blues\blues.00024.pkl,C:\Users\user\Downloads\gnn_bert_music_context\data\processed\features\blues\blues.00024.npy,HFVM5pVTwkM,"The Blues/Pop song features groovy hi hats, punchy snare and kick hits, tinny snare rolls in-between snare hits, addictive brass melody and smooth bass at the very end of the loop. It sounds a bit repetitive, but still addictive and energetic.","['blues/pop', 'groovy hi hats', 'punchy snare', 'tinny snare rolls', 'addictive brass melody', 'punchy kick', 'smooth bass', 'energetic', 'addictive', 'repetitive']",train
classical,C:\Users\user\Downloads\gnn_bert_music_context\data\processed\graphs\classical\classical.00013.pkl,C:\Users\user\Downloads\gnn_bert_music_context\data\processed\features\classical\classical.00013.npy,TWm_2QncYXg,"The song is an instrumental. The song is medium tempo with a percussive tabla rhythm, groovy bass line and a guitar strumming rhythm and playing lead. The song is Indian classical fusion with a poor audio quality.","['indian classical music', 'hindustani music', 'improvisational', 'energetic', 'exciting', 'passionate', 'spirited', 'live audience', 'ambient noises', 'dance rhythm', 'guitar lead', 'poor audio quality', 'poor audio quality', 'tabla percussions', 'groovy rhythm', 'guitar strumming', 'instrumental music', 'percussive bass line', 'fusion music']",train
disco,C:\Users\user\Downloads\gnn_bert_music_context\data\processed\graphs\disco\disco.00061.pkl,C:\Users\user\Downloads\gnn_bert_music_context\data\processed\features\disco\disco.00061.npy,lXrypwLQO3U,"The Disco song features a passionate female vocalist singing over a funky electric guitar melody, groovy bass, punchy kick and claps. It sounds passionate, funky and groovy - like something you would hear in clubs during the 80s.","['disco', 'low quality', 'passionate female vocal', 'funky electric guitar melody', 'groovy bass', 'punchy kick', 'claps', 'passionate', 'funky', 'groovy']",train
hiphop,C:\Users\user\Downloads\gnn_bert_music_context\data\processed\graphs\hiphop\hiphop.00079.pkl,C:\Users\user\Downloads\gnn_bert_music_context\data\processed\features\hiphop\hiphop.00079.npy,_43OOP6UEw0,This is a rap music piece played behind a rollerskating video. The sound of the skaters can be heard faintly throughout the recording. There is a male voice rapping at the forefront while other voices can be heard singing melodically in the background and ad-libbing occasionally. There is a mild keyboard playing the tune while a loud electronic drum beat is playing the rhythm. The atmosphere of this piece is groovy and urban.,"['rap music', 'hip-hop', 'male vocals', 'rapping', 'ad-lib', 'keyboard', 'electronic drums', 'aggressive', 'loud', 'groovy', 'urban sounds', 'skating', 'medium tempo']",train
metal,C:\Users\user\Downloads\gnn_bert_music_context\data\processed\graphs\metal\metal.00077.pkl,C:\Users\user\Downloads\gnn_bert_music_context\data\processed\features\metal\metal.00077.npy,u_TfWvyYY0Y,"This instrumental is a Heavy Metal instrumental. The tempo is fast with hard hitting drumming, furious and vigorous amplified keyboard playing a harmony, electric bass guitar and electric guitar accompaniment. The music is intense, grim, compelling, passionate, powerful and harmonious. The vibe of the music is serious, sinister, grim and steely. This is used in Hard Rock/Heavy Metal.","['instrumental', 'hard rock', 'heavy metal', 'intense keyboard', 'electronic guitar lead', 'amplified guitar harmony', 'grim', 'intense', 'rock music', 'distorted guitars', 'emphatic rhythm', 'dense bass lines', 'powerful', 'emphatic', 'compelling', 'hard hitting  drums']",train
pop,C:\Users\user\Downloads\gnn_bert_music_context\data\processed\graphs\pop\pop.00023.pkl,C:\Users\user\Downloads\gnn_bert_music_context\data\processed\features\pop\pop.00023.npy,IN71kMOAk_k,This song is sung by a female choir and then a single male voice along with the melody of an e-piano. In the background someone is playing lower tuned percussion and some chimes and wooden sounds. This song may be playing at a band rehearsal.,"['pop', ""percussion's"", 'female choir', 'male voice singing', 'electric piano', 'chimes', 'uptempo']",train
blues,C:\Users\user\Downloads\gnn_bert_music_context\data\processed\graphs\blues\blues.00098.pkl,C:\Users\user\Downloads\gnn_bert_music_context\data\processed\features\blues\blues.00098.npy,XUD-9HkQuTE,"A female singer sings this soulful song. The song is slow tempo with piano accompaniment, strong bass line and groovy jazz drumming. The song is soulful and emotional. The song is a blues jazz song.","['female singer', 'soul music', 'jazz music', 'blues music', 'jazz and blues', 'slow tempo', 'black gospel music influences', 'special someone', 'dream of you', 'missing you', 'percussive bass line', 'jazz drumming rhythm', 'piano accompaniment', 'emotional', 'love song', 'story telling', 'love you so badly', 'together forever']",train
country,C:\Users\user\Downloads\gnn_bert_music_context\data\processed\graphs\country\country.00000.pkl,C:\Users\user\Downloads\gnn_bert_music_context\data\processed\features\country\country.00000.npy,lwQVcLxFBIQ,A male voice is singing in the mid range accompanied by acoustic drums with a groove on the ride cymbal and a bass playing a simple line. In the background you can hear a keyboard playing short chords while a trumpet is playing its own melody at the end of the singer's phrases.  This song may be playing in a repair workshop.,"['country/rock', 'acoustic drums', 'male voice singing', 'e-bass', 'trumpet', 'keys', 'medium tempo', 'uplifting mood']",train
disco,C:\Users\user\Downloads\gnn_bert_music_context\data\processed\graphs\disco\disco.00065.pkl,C:\Users\user\Downloads\gnn_bert_music_context\data\processed\features\disco\disco.00065.npy,Cd7JefC6-Zw,"This music is a youthful instrumental. The tempo is fast with a DJ using a turntable to manipulate sounds and music on a turntable using vinyl records. The music has a repetitive, catchy vocal riff , thumping beats and scratching sounds.","['instrumental', 'fast tempo', 'turn table', 'thumping beats', 'catchy vocal riff', 'repetitive', 'rotating platform', 'phonograph record', 'vinyl disc', 'disco', 'club music', 'catchy riff', 'dj', 'dj mixer', 'scratching']",train
rock,C:\Users\user\Downloads\gnn_bert_music_context\data\processed\graphs\rock\rock.00077.pkl,C:\Users\user\Downloads\gnn_bert_music_context\data\processed\features\rock\rock.00077.npy,oPiyXhxRGe4,This is an amateur cover of a grunge rock music piece. Both the recording and the playing are of poor quality. There is a male vocalist singing in a grunt-like manner as the lead. A crunchy riff is being played by the distorted electric guitar and the bass guitar while the acoustic drums are playing a simple rock beat. The atmosphere is rebellious and noisy.,"['cover', 'amateur recording', 'poor quality', 'grunge rock', 'male vocal', 'grunt-like singing', 'distorted electric guitar', 'bass guitar', 'acoustic drums', 'rebellious', 'aggressive', 'noisy']",train
metal,C:\Users\user\Downloads\gnn_bert_music_context\data\processed\graphs\metal\metal.00065.pkl,C:\Users\user\Downloads\gnn_bert_music_context\data\processed\features\metal\metal.00065.npy,5hyRWertUbI,"A trashy, lo-fi sounding experimental techno track with a steady tempo and shrill, metallic sounds. The mood is cold and distant. Everything sounds a little broken.","['shrill', 'metallic', 'steady tempo', 'experimental', 'electronic', 'techno', 'harsh', 'lo-fi', 'trashy', 'distorted', 'cold', 'broken', 'distant']",train
reggae,C:\Users\user\Downloads\gnn_bert_music_context\data\processed\graphs\reggae\reggae.00011.pkl,C:\Users\user\Downloads\gnn_bert_music_context\data\processed\features\reggae\reggae.00011.npy,QHNREJJRTS4,This reggae song features a male voice singing the main melody. This is accompanied by percussion playing a simple reggae beat. The bass plays notes in reggae style. A guitar plays fills in the beginning and in between lines. Hand claps are played in groups of two and one in an alternating pattern. This song can be played in a romantic movie.,"['reggae song', 'male voice', 'guitar', 'bass', 'simple percussion', 'moderate tempo', 'romantic mood', 'hand claps']",train
classical,C:\Users\user\Downloads\gnn_bert_music_context\data\processed\graphs\classical\classical.00063.pkl,C:\Users\user\Downloads\gnn_bert_music_context\data\processed\features\classical\classical.00063.npy,WrpWb-Zumnc,This is a classical music piece from a movie soundtrack. There is a brass section holding a single chord while a saxophone and then a trumpet plays a solo in the lead. The rhythmic background is provided with a crescendo movement played by a timpani. The atmosphere is dramatic. This piece can be used in the soundtrack of a drama movie during scenes of elevated tension.,"['classical music', 'movie soundtrack', 'instrumental', 'brass section', 'saxophone solo', 'trumpet solo', 'varying pitch', 'timpani', 'rising pattern', 'dramatic', 'tension']",train
jazz,C:\Users\user\Downloads\gnn_bert_music_context\data\processed\graphs\jazz\jazz.00079.pkl,C:\Users\user\Downloads\gnn_bert_music_context\data\processed\features\jazz\jazz.00079.npy,vNPx6RS8PiM,This song contains someone playing a bass-ukulele along to a piano playing jazzy chords along with a soft jazz piano. The main melody is being played by an alto saxophone. This song may be playing in a jazz lounge bar.,"['jazz', 'bass-ukulele', 'piano', 'saxophone', 'jazz piano', 'uptempo']",train
reggae,C:\Users\user\Downloads\gnn_bert_music_context\data\processed\graphs\reggae\reggae.00070.pkl,C:\Users\user\Downloads\gnn_bert_music_context\data\processed\features\reggae\reggae.00070.npy,ZM0imDMXuw8,An acoustic drum is playing a groove that is not strongly connected to reggae rhythm. A e-bass and piano-keys are bringing the typical reggae backbeat while another synth sound is playing short plucks as a melody. The male voice is singing in a reggae-fashion and in a higher key. In the background you can hear a big organ sound coming in and playing along with the melody. The elements are spread along the speakers. This song may be playing with speakers riding on your bike.,"['reggae', 'acoustic drums', 'e-bass', 'keys', 'synth pluck sound', 'organ', 'male voices singing', 'higher register', 'medium tempo', 'uplifting energy']",train
metal,C:\Users\user\Downloads\gnn_bert_music_context\data\processed\graphs\metal\metal.00022.pkl,C:\Users\user\Downloads\gnn_bert_music_context\data\processed\features\metal\metal.00022.npy,60y9j_Dc-Xs,"This music is instrumental. The tempo is medium with a sharp melody of the xylophone. It is melodic, reverberating,    minimalist with a festive ring to it.","['instrumental', 'medium tempo', 'sharp sounds', 'xylophonist', 'metalophone', 'festive', 'xylophone', 'resounding', 'reverberating', 'percussive instrument', 'bells', 'metallic sounds']",train
metal,C:\Users\user\Downloads\gnn_bert_music_context\data\processed\graphs\metal\metal.00027.pkl,C:\Users\user\Downloads\gnn_bert_music_context\data\processed\features\metal\metal.00027.npy,Ime3FHuQG4k,"The low quality recording features a live performance of a metal song and it consists of energetic male vocal singing over energetic drums, distorted bass guitar and electric guitar riff. It sounds crushed, energetic, distorted and noisy, as it was probably recorded with a phone.","['low quality', 'crushed', 'metal', 'live performance', 'energetic male vocal', 'electric guitar chords', 'distorted bass guitar', 'energetic drums', 'distorted', 'noisy']",train
classical,C:\Users\user\Downloads\gnn_bert_music_context\data\processed\graphs\classical\classical.00015.pkl,C:\Users\user\Downloads\gnn_bert_music_context\data\processed\features\classical\classical.00015.npy,fAHYe-qmFnU,This clip starts with the sound of scribbling on a piece of paper. This is followed by an epic orchestral song. This has a string section playing notes on a high register. The bass plays the root notes of the chords. The bass drum plays strokes. Male voices sing in baritone like a choir.,"['orchestral music', 'sounds of scribbling', 'victorious music', 'bass drum']",train
reggae,C:\Users\user\Downloads\gnn_bert_music_context\data\processed\graphs\reggae\reggae.00085.pkl,C:\Users\user\Downloads\gnn_bert_music_context\data\processed\features\reggae\reggae.00085.npy,XKp670Yh0E0,"This is the opening of a reggae song played live during a performance. There is a saxophone playing a solo as the lead. An electric guitar and a bass guitar play the tune in the background. The acoustic drums follow a basic, repetitive reggae beat. The song could be played at a bar or a coffee house.","['reggae', 'live performance', 'concert', 'saxophone', 'electric guitar', 'bass guitar', 'acoustic drums', 'relaxing']",train
metal,C:\Users\user\Downloads\gnn_bert_music_context\data\processed\graphs\metal\metal.00031.pkl,C:\Users\user\Downloads\gnn_bert_music_context\data\processed\features\metal\metal.00031.npy,IJcLW4arT6s,"The low quality recording features a background sound ambience and atmosphere of a video game that consists of clothes movement, loud wind, exhale, background industrial impacts, metallic impact and wooden impact sound effects. It sounds like an action act, judging by the exhale and some metallic and wooden impacts.","['loud wind sound effects', 'clothes movement sound effects', 'exhale sound effect', 'background industrial impacts', 'metallic impact sound effect', 'wooden impact sound effect', 'video game ambience', 'low quality']",train
hiphop,C:\Users\user\Downloads\gnn_bert_music_context\data\processed\graphs\hiphop\hiphop.00096.pkl,C:\Users\user\Downloads\gnn_bert_music_context\data\processed\features\hiphop\hiphop.00096.npy,E3iPiZlT6f8,The song features a steelpan that creates the main melody. The sounds are bright and have a positive atmosphere. The track fits the afrobeat genre. In the background there are drums that play a mix between hip-hop and afrobeat patterns. A percussion synth creates a counter melody that contrasts the whole instrumental. This is a song you would play at a beach party in the caribbean at night.,"['steelpan', 'afrobeat', 'upbeat', 'chill', 'smooth', 'bright', 'positive', 'no vocals', 'fast tempo', 'danceable', 'percussion synth']",train
classical,C:\Users\user\Downloads\gnn_bert_music_context\data\processed\graphs\classical\classical.00042.pkl,C:\Users\user\Downloads\gnn_bert_music_context\data\processed\features\classical\classical.00042.npy,8zcogfmAD_o,"A woman talks before the beginning of the music track. The song is instrumental with a trumpet playing a swing melody accompanied by a brass band and jazz orchestra. The tempo is medium with a walking bass line, piano accompaniment, steady rhythm and clapping percussion. The song is a classic swing jazz tune.","['woman talks', 'trumpet melody', 'jazz music', 'walking bass line', 'new orleans', 'video soundtrack', 'big band orchestra', 'brass instruments', 'piano accompaniment', 'trombones', 'jazz music', 'vintage jazz', 'retro jazz hits', 'swing music', 'steady drumming rhythm', 'clapping rhythm', 'jazz classics', 'swing era', 'instrumental music']",train
classical,C:\Users\user\Downloads\gnn_bert_music_context\data\processed\graphs\classical\classical.00081.pkl,C:\Users\user\Downloads\gnn_bert_music_context\data\processed\features\classical\classical.00081.npy,0ONdm4sW47c,"This is a classical music piece that is being performed on the acoustic guitar. The acoustic guitar is being played in a gentle manner. The tune is in major key which gives the piece an optimistic aura. There is a tender atmosphere to the piece. This piece could be playing in the background at a classy restaurant. It could also be used in the soundtrack of a feelgood movie, especially during the scenes in which the characters are finding pleasure in simple things.","['classical music', 'instrumental', 'acoustic guitar', 'gentle playing', 'tender', 'optimistic', 'delicate', 'major key']",train
classical,C:\Users\user\Downloads\gnn_bert_music_context\data\processed\graphs\classical\classical.00051.pkl,C:\Users\user\Downloads\gnn_bert_music_context\data\processed\features\classical\classical.00051.npy,2Ic1zm9mBjk,"The song is an instrumental. The song is medium tempo with a sitar playing solo, tabla playing percussively and other Indian percussion instruments. The song is emotional and poignant. The audio quality is very ordinary.","['classical hindustani music', 'sitar playing', 'sitarist', 'ethic indian instruments', 'double time percussion rhythm', 'groovy', 'himdustani music hits', 'live performance', 'tabla playing percussively', 'medium tempo', 'love performance', 'concert hall', 'instrumentals music', 'replacing', 'passionate', 'emotional', 'romantic', 'nostalgia', 'poor audio quality', 'ambient noises']",train
hiphop,C:\Users\user\Downloads\gnn_bert_music_context\data\processed\graphs\hiphop\hiphop.00055.pkl,C:\Users\user\Downloads\gnn_bert_music_context\data\processed\features\hiphop\hiphop.00055.npy,JHvLuYk6TfI,This folk song features a kora being played in waltz time. This starts off with the strings being plucked in waltz time followed by a descending run. The waltz plucking is played twice more followed by another descending run. There are no other instruments in this song. There are no voices in this song. This is an instrumental song. This song can be sampled and played in a hip-hop song.,"['kora song', 'no other instruments', 'no voices', 'instrumental', 'waltz time', 'moderate tempo', 'folk song']",train
blues,C:\Users\user\Downloads\gnn_bert_music_context\data\processed\graphs\blues\blues.00030.pkl,C:\Users\user\Downloads\gnn_bert_music_context\data\processed\features\blues\blues.00030.npy,RJViDdqUYyo,"This music is instrumental. The tempo is medium with an intense electric upright double bass harmony. The music is dense, deep, powerful, full bodied and vibrant.","['instrumental', 'medium tempo', 'intense bass', 'dense', 'rich', 'double elcetric bass', 'classic acoustic string instrument', 'jazz', 'blues', 'rock and roll', 'intense', 'full bodied']",train
reggae,C:\Users\user\Downloads\gnn_bert_music_context\data\processed\graphs\reggae\reggae.00073.pkl,C:\Users\user\Downloads\gnn_bert_music_context\data\processed\features\reggae\reggae.00073.npy,9Tl2l3bsLpE,People are playing the same groove on a lot of percussive instruments. In the background you can hear shakers. Someone is strumming chords with an effect on an e-guitar and someone is playing fill-ins on acoustic drums. This song may be playing at a local live concert from a music school.,"['amateur recording', 'reggae', 'shaker', 'bongos', 'djembe', 'congas', 'bongos', 'acoustic drums', 'e-guitar', 'medium to uptempo']",train
reggae,C:\Users\user\Downloads\gnn_bert_music_context\data\processed\graphs\reggae\reggae.00089.pkl,C:\Users\user\Downloads\gnn_bert_music_context\data\processed\features\reggae\reggae.00089.npy,msnm_tYXcYw,This audio contains someone playing a melody on steeldrums along to a backing track containing an e-bass playing a melody along with an e-guitar. A kick is being played on every beat. This song may be played on the streets by a busker.,"['amateur recording', 'reggae', 'backing track', 'e-bass', 'acoustic drums', 'steel drums', 'e-guitar', 'medium to uptempo']",train
rock,C:\Users\user\Downloads\gnn_bert_music_context\data\processed\graphs\rock\rock.00035.pkl,C:\Users\user\Downloads\gnn_bert_music_context\data\processed\features\rock\rock.00035.npy,U6SYfguaJtk,This song contains male voices singing/shouting while an acoustic drum is playing an elevating pattern on the toms. You can hear hands clapping to the beat. A brass section/saxophones are playing a repeating melody creating tension. Then the song breaks into the next part with a piano playing along with the melody. This song may be playing at a live concert.,"['rock&roll', 'e-guitars', 'piano', 'e-bass saxophones/brass', 'acoustic drums', 'male voices singing/shouting', 'uplifting energy', 'uptempo']",train
rock,C:\Users\user\Downloads\gnn_bert_music_context\data\processed\graphs\rock\rock.00057.pkl,C:\Users\user\Downloads\gnn_bert_music_context\data\processed\features\rock\rock.00057.npy,merGvga39Yo,The song is an instrumental. The tempo is medium fast with a guitar playing lead with a guitar effects pedal producing a distorted grunge tone. The song is energetic and passionate with no other instrumentation. The song audio quality is very poor.,"['instrumental music', 'guitar playing', 'audio units', 'tech gear demos', 'demo video', 'rock music', 'amateur recording', 'poor audio quality', 'guitar effects pedal', 'amplification', 'guitar distortion', 'guitar rhythm', 'groovy music', 'grunge tones', 'poor audio quality', 'effects pedal demonstration', 'energetic', 'youthful', 'passionate', 'spirited', 'solo', 'soloist', 'home studio', 'amateur recording', 'rock music', 'medium tempo']",train
jazz,C:\Users\user\Downloads\gnn_bert_music_context\data\processed\graphs\jazz\jazz.00004.pkl,C:\Users\user\Downloads\gnn_bert_music_context\data\processed\features\jazz\jazz.00004.npy,p2jnUySmuvA,This is a Hawaiian folk music rendition of a jazz music piece. There is a male vocalist singing melodically in the lead. The simple tune is being played by a mellow sounding ukulele. There is a peaceful and relaxing atmosphere. This piece could be playing in the background of a coffee shop. It could also be included in the soundtrack of a feelgood movie/TV series. Another good use would be in the background of wholesome social media content.,"['hawaiian folk', 'world music', 'male vocal', 'melodic singing', 'ukulele', 'gentle', 'peaceful', 'calming', 'relaxing', 'easygoing']",train
metal,C:\Users\user\Downloads\gnn_bert_music_context\data\processed\graphs\metal\metal.00001.pkl,C:\Users\user\Downloads\gnn_bert_music_context\data\processed\features\metal\metal.00001.npy,Cwbtn_h6TP8,"A female singer sings this screaming metal melody. The song is medium tempo with a steady metal drumming rhythm, steady bass line and a distorted guitar playing rhythm. The song is rebellious and passionate. The audio quality is very poor.","['poor audio quality', 'death metal', 'retro death metal hits', 'female singer', 'screaming vocals', 'haunting', 'rebellious', 'poor audio quality', 'live audience', 'live performance', 'teenage age angst', 'rebellious', 'passionate', 'emotional', 'poor audio quality', 'deteriorated audio', 'steady drumming rhythm', 'distorted guitar rhythm', 'percussive bass line', 'ambient room noise', 'medium tempo']",train
classical,C:\Users\user\Downloads\gnn_bert_music_context\data\processed\graphs\classical\classical.00076.pkl,C:\Users\user\Downloads\gnn_bert_music_context\data\processed\features\classical\classical.00076.npy,iUxy2s5d60o,A saxophonist plays a phrase on the alto sax and explains the movement. The song is medium tempo with no other instrumentation. The audio quality is poor and serves as an online music tutorial.,"['saxophonist', 'saxophone', 'alto saxophone', 'groovy', 'classical music', 'flourishes', 'music tutorial', 'song tutorial', 'bad audio quality', 'music tutor', 'song walk through', 'amateur recording', 'medium tempo', 'sax solo', 'no other instrumentation', 'high gain volume', 'youtube saxophone lessons']",train
disco,C:\Users\user\Downloads\gnn_bert_music_context\data\processed\graphs\disco\disco.00095.pkl,C:\Users\user\Downloads\gnn_bert_music_context\data\processed\features\disco\disco.00095.npy,fhs7AkJsYao,"This is an instrumental rock-sounding gear showcase jam. There is an electric guitar playing improvised disconnected riffs with varying accentuations. There is an echo delay pedal being used on the guitar that makes the notes being played echo repeatedly in a fading manner. Due to the usage of numerous riffs, an electric guitar sample could be lifted from this piece to be used in a beat.","['jam', 'rock', 'improvisation', 'no singer', 'instrumental', 'single instrument', 'electric guitar', 'guitar solo', 'echo delay', 'effect pedal', 'gear showcase']",train
rock,C:\Users\user\Downloads\gnn_bert_music_context\data\processed\graphs\rock\rock.00065.pkl,C:\Users\user\Downloads\gnn_bert_music_context\data\processed\features\rock\rock.00065.npy,a4jcJ7QZ-OQ,"This is a rock music piece consisting of three instruments. There is a distorted electric lead guitar playing a solo that is increasing from medium to high pitch. The bass guitar is providing tune in the background. There is a loud acoustic drum beat that includes a lot of fills. The song has a vigorous, high energy feel to it. This piece could be played at rock bars.","['rock music', 'electric guitar', 'guitar solo', 'distorted guitar', 'bass guitar', 'acoustic drums', 'loud', 'energetic', 'rebellious']",train
classical,C:\Users\user\Downloads\gnn_bert_music_context\data\processed\graphs\classical\classical.00048.pkl,C:\Users\user\Downloads\gnn_bert_music_context\data\processed\features\classical\classical.00048.npy,OxxRnDpN9cc,This classical sonata features a harpsichord playing a melody. This is accompanied by a cello playing the bass notes. There are no other instruments in this song. There is no voice in this song. This song can be played as a lullaby.,"['classical sonata', 'instrumental', 'no voices', 'harpsichord', 'cello', 'no percussion', 'no other instruments', 'slow tempo']",train
classical,C:\Users\user\Downloads\gnn_bert_music_context\data\processed\graphs\classical\classical.00037.pkl,C:\Users\user\Downloads\gnn_bert_music_context\data\processed\features\classical\classical.00037.npy,F9LJIyqQFe8,This audio contains marching drums with a kick and snare rolls. A brass section starts to play a melody in the low to mid range up to the higher register. In the background you can hear a strong wind that seems not to be part of the song. This song may be playing in a pirate movie-scene.,"['cinematic', 'orchestral', 'brass composition', 'background wind noise', 'marching drums', 'dangerous', 'dramatic', 'slow tempo']",train
reggae,C:\Users\user\Downloads\gnn_bert_music_context\data\processed\graphs\reggae\reggae.00001.pkl,C:\Users\user\Downloads\gnn_bert_music_context\data\processed\features\reggae\reggae.00001.npy,Ex0ukzO5z9M,"The low quality recording features a reggae song that consists of passionate male vocal singing over groovy bass, simple hi hats and punchy snare. There are some loud stuttering low frequency audio crackly noises in the recording, which makes it a bit uncomfortable to listen. It sounds groovy and chill regardless.","['low quality', 'noisy', 'reggae', 'passionate male vocal', 'loud stuttering low frequency audio crackle', 'groovy bass', 'simple hi hat', 'punchy snare', 'groovy', 'chill']",train
reggae,C:\Users\user\Downloads\gnn_bert_music_context\data\processed\graphs\reggae\reggae.00034.pkl,C:\Users\user\Downloads\gnn_bert_music_context\data\processed\features\reggae\reggae.00034.npy,-kpR93atgd8,An acoustic drum is playing along with a bassline giving the song a ska/reggae feeling. The e-guitar strumming on the offbeat supports that feeling while a keyboard is playing a bell-sounding chord. Bongos are setting little accents at the end. A saxophone is playing a melody along. This song may be playing at a festival outside while the sun is shining.,"['ska', 'saxophone', 'e-guitar', 'acoustic drums', 'percussion', 'keys', 'e-bass', 'fast tempo', 'uplifting energy']",train
reggae,C:\Users\user\Downloads\gnn_bert_music_context\data\processed\graphs\reggae\reggae.00047.pkl,C:\Users\user\Downloads\gnn_bert_music_context\data\processed\features\reggae\reggae.00047.npy,C5MhO2HM2Wg,The drums are just playing the hihat and the kick on the second beat which is typical for reggae. The  keys are playing one chord on the offbeat. A guitar is playing some repeating chords along while the bass is playing a simple rhythmic pattern to support the drums. The female voice is singing with some reverb on her voice. This song may be playing on a sunny day at home with open windows mixed with the noises of a lovely small town.,"['reggae', 'acoustic drums', 'white noise', 'bass', 'keys', 'guitar', 'female voice singing', 'slower tempo', 'relaxing mood']",train
rock,C:\Users\user\Downloads\gnn_bert_music_context\data\processed\graphs\rock\rock.00036.pkl,C:\Users\user\Downloads\gnn_bert_music_context\data\processed\features\rock\rock.00036.npy,yj4xorgrbV4,This audio contains acoustic drums playing a groove with a lot of cymbal hits. An e-bass is holding the groove while a distorted e-guitar is playing a solo in a higher register. In the background you can hear another e-guitar playing something like an arpeggio melody in the mid-range. This song may be playing in the rehearsal band room practicing drumming to a backing song.,"['post-rock', 'acoustic drums', 'e-guitars', 'e-bass', 'uptempo', 'slightly agressive']",train
rock,C:\Users\user\Downloads\gnn_bert_music_context\data\processed\graphs\rock\rock.00008.pkl,C:\Users\user\Downloads\gnn_bert_music_context\data\processed\features\rock\rock.00008.npy,UoGXR3V5Mro,This is a low quality recording of a sped up song. The song features voices that have reached a high pitch of singing due to the sped up tempo. This is accompanied by percussion playing at a fast tempo. Distortion guitars are playing power chords but are now at a higher pitch due to speeding up the song. The bass plays the root notes of the chords. The song has a quirky mood. It can be used in a comedy movie.,"['punk rock', 'sped up song', 'cartoon voices', 'distortion guitars', 'low quality recording', 'fast paced drumming', 'fast tempo']",train
country,C:\Users\user\Downloads\gnn_bert_music_context\data\processed\graphs\country\country.00083.pkl,C:\Users\user\Downloads\gnn_bert_music_context\data\processed\features\country\country.00083.npy,GuQFhmGqdog,"A female vocalist sings this rather vigorous country song. The tempo is fast with vocalisation. The vocalist is yodelling vigorously and rhythmically to the accompaniment of an animated banjo, fiddle, resonator and mandolin harmony, vibrant drumming and.","['female vocalist', 'fast tempo', 'falsetto', 'high notes', 'resonator', 'people clapping', 'cheering', 'breeze', 'ambient nature sounds', 'energetic vocals', 'spirited drumming', 'vigorous banjo accompaniment', 'mandolin', 'fiddle', 'dobro', 'rapid singing', 'energetic', 'vocalisation', 'spirited', 'enthusiastic', 'normal voice to falsetto', 'rapid change in pitch']",train
blues,C:\Users\user\Downloads\gnn_bert_music_context\data\processed\graphs\blues\blues.00091.pkl,C:\Users\user\Downloads\gnn_bert_music_context\data\processed\features\blues\blues.00091.npy,AJw-x30L46E,This blues instrumental rock song features an acoustic guitar being aggressively strummed. There are no other instruments in this song. There are no voices in this song. The tempo of this song is fast. The rhythm of this song comprises fast upstrokes and downstrokes. Some of the strums are muted and the main rhythm is played with a mix of open and palm muted techniques.,"['blues rock', 'fast tempo', 'acoustic guitar', 'no voice', 'instrumental', 'no percussion', 'minimal instruments', 'aggressive guitar playing', 'palm muting']",train
hiphop,C:\Users\user\Downloads\gnn_bert_music_context\data\processed\graphs\hiphop\hiphop.00013.pkl,C:\Users\user\Downloads\gnn_bert_music_context\data\processed\features\hiphop\hiphop.00013.npy,zNgRUFOj3HI,"The low quality recording features a DJ scratching the vinyl of a hip hop instrumental that consists of punchy kick and snare hits and sustained filter modulated bass. The recording is muffled, noisy, mono and muddy, as it was probably recorded with a phone.","['low quality', 'dj scratching', 'hip hop', 'sustained filter mod bass', 'punchy kick', 'punchy snare', 'muffled', 'noisy', 'mono', 'muddy']",train
jazz,C:\Users\user\Downloads\gnn_bert_music_context\data\processed\graphs\jazz\jazz.00041.pkl,C:\Users\user\Downloads\gnn_bert_music_context\data\processed\features\jazz\jazz.00041.npy,iBH5X5SKirU,This jazz song features a guitar solo. This is accompanied by percussion playing a simple beat. An acoustic guitar strums chords on each count of the bar. The bass plays the root notes of the chords. There are no voices in this song. The song has a happy mood. This song can be played in a coffee shop.,"['jazz song', 'acoustic guitar', 'guitar solo', 'bass guitar', 'instrumental', 'no voices', 'percussion', 'moderate tempo', 'easy listening', 'happy mood']",train
reggae,C:\Users\user\Downloads\gnn_bert_music_context\data\processed\graphs\reggae\reggae.00017.pkl,C:\Users\user\Downloads\gnn_bert_music_context\data\processed\features\reggae\reggae.00017.npy,nW6Naj6eeI4,"This audio contains acoustic drums playing something like a reggae groove along with an e-bass. A e-guitar strumming chords, piano, organ saxophones and trumpets are playing a short melody on the backbeat giving this song its reggae feeling. In-between the instruments are playing a short loud melody to break into the next part. The instruments are spread across the sides of the speakers. This audio may be playing in an urban coffee shop.","['cuban ska', 'e-guitar', 'trumpets', 'saxophones', 'organ', 'piano', 'acoustic drums', 'e-bass', 'upbeat', 'energetic']",train
blues,C:\Users\user\Downloads\gnn_bert_music_context\data\processed\graphs\blues\blues.00045.pkl,C:\Users\user\Downloads\gnn_bert_music_context\data\processed\features\blues\blues.00045.npy,2gc1L3g1itU,"This audio contains someone playing blues on an e-piano. This audio is in poor audio quality, you can hear white noise from the recording. This song may be playing piano at home.","['amateur recording', 'blues', 'e-piano', 'uptempo']",train
hiphop,C:\Users\user\Downloads\gnn_bert_music_context\data\processed\graphs\hiphop\hiphop.00019.pkl,C:\Users\user\Downloads\gnn_bert_music_context\data\processed\features\hiphop\hiphop.00019.npy,m4Dj_vTsAt0,"The low quality recording features a hip hop song that consists of synth keys melody, punchy kick, punchy muffled snare, shimmering open hat and shakers and short toms roll. It sounds groovy and easygoing, like something you would listen to when riding a car.","['low quality', 'hip hop', 'synth keys melody', 'punchy kick', 'shimmering shakers', 'punchy muffled snare', 'shimmering open hat', 'short toms roll', 'groovy', 'easygoing']",train
rock,C:\Users\user\Downloads\gnn_bert_music_context\data\processed\graphs\rock\rock.00010.pkl,C:\Users\user\Downloads\gnn_bert_music_context\data\processed\features\rock\rock.00010.npy,HtCkwxfAmzw,This indie rock song features a piano playing the main melody. This is accompanied by percussion playing a simple beat. It seems like the hi-hat is substituted by the tambourine. A distortion guitar plays power chords. The bass follows the root notes of the chords. There are no voices in this song. The song is upbeat and the mood is happy. This song can be used in the end credits of a romantic movie.,"['indie rock', 'no voices', 'distortion guitar', 'keyboard melody', 'bass notes', 'simple percussion', 'moderate tempo', 'upbeat', 'happy feel', 'instrumental']",train
country,C:\Users\user\Downloads\gnn_bert_music_context\data\processed\graphs\country\country.00061.pkl,C:\Users\user\Downloads\gnn_bert_music_context\data\processed\features\country\country.00061.npy,9HQNvz4eZPU,"The song is an instrumental. The tempo is slow with a female operatic singer singing, piano accompaniment, bells singing, trumpets playing harmony, various percussion hits and strong bass line. The song is full of tension and sounds ominous like an impending gun fight.","['instrumental music', 'female opera singer', 'bells ringing', 'music box tones', 'movie soundtrack', 'guitar lead', 'duel music', 'country music', 'slow tempo', 'trumpets playing harmony', 'guitar lead', 'slow burn', 'gunslingers', 'eerie', 'ominous', 'building tension', 'operatic drama', 'dramatic music', 'emotional', 'spirited', 'passionate', 'movie theme song', 'soundtrack', 'piano accompaniment']",train
reggae,C:\Users\user\Downloads\gnn_bert_music_context\data\processed\graphs\reggae\reggae.00068.pkl,C:\Users\user\Downloads\gnn_bert_music_context\data\processed\features\reggae\reggae.00068.npy,msnm_tYXcYw,This audio contains someone playing a melody on steeldrums along to a backing track containing an e-bass playing a melody along with an e-guitar. A kick is being played on every beat. This song may be played on the streets by a busker.,"['amateur recording', 'reggae', 'backing track', 'e-bass', 'acoustic drums', 'steel drums', 'e-guitar', 'medium to uptempo']",train
pop,C:\Users\user\Downloads\gnn_bert_music_context\data\processed\graphs\pop\pop.00011.pkl,C:\Users\user\Downloads\gnn_bert_music_context\data\processed\features\pop\pop.00011.npy,9aE33JEIGOg,"A female vocalist sings this soft melody. The song is slow tempo with a mellow electric guitar harmony, soft keyboard accompaniment , a soft lilting flute melody and subtle bass line. There is no use of percussion. The song is soft, mellow, emotional, nostalgic and sentimental . This song is Soft pop.","['female singer', 'slow tempo', 'mellow electric guitar', 'soft lilting flute', 'keyboard accompaniment', 'subtle bass lines', 'vocal emphasis', 'minimal music', 'soft pop', 'mellow', 'soothing', 'emotional', 'sentimental', 'nostalgic', 'melancholic']",train
classical,C:\Users\user\Downloads\gnn_bert_music_context\data\processed\graphs\classical\classical.00069.pkl,C:\Users\user\Downloads\gnn_bert_music_context\data\processed\features\classical\classical.00069.npy,nxdHojfss_A,This is a cinematic classical music piece. There is a piano playing the chords while the strings are holding the melodic background. There is a mysterious ambient synth sound coming and going. A repetitive low-to-mid frequency percussive sound effect is being played to imply the sound of whales. The atmosphere of the piece is reminiscent of both underwater and outer space at the same time. That is why it could be used in science fiction movies and shows that have an aquatic or outer space setting.,"['classical', 'instrumental', 'piano', 'strings', 'ambient synth', 'sound effects', 'cinematic', 'animal-like', 'underwater', 'outer space']",train
hiphop,C:\Users\user\Downloads\gnn_bert_music_context\data\processed\graphs\hiphop\hiphop.00004.pkl,C:\Users\user\Downloads\gnn_bert_music_context\data\processed\features\hiphop\hiphop.00004.npy,bNW18IztiZY,"The low quality recording features a trap song playing in the background that contains stuttering snares, scratching effects and male vocals that occasionally change the pitch, while there are male exciting screams, hyping it out. The recording is very noisy, mostly from the wind and it sounds like it was recorded with a phone.","['low quality', 'trap', 'male exciting screams', 'wind', 'noisy', 'scratching sound effects', 'stuttering snares', 'pitch bend male vocals']",train
country,C:\Users\user\Downloads\gnn_bert_music_context\data\processed\graphs\country\country.00046.pkl,C:\Users\user\Downloads\gnn_bert_music_context\data\processed\features\country\country.00046.npy,qVT6GX1KHUY,"This music is a Country song instrumental. The tempo is medium with a pedal steel  guitar lead harmony with steady drumming and keyboard accompaniment. The music is a simple,minimalist, sweet, dulcet, sentimental, nostalgic, soothing, pleasant and mellifluous , classic Country music instrumental.","['instrumental', 'medium tempo', 'keyboard accompaniment', 'minimalist', 'dulcet', 'auto harp', 'steel guitar', 'pedal steel guitar', 'steady drumming', 'country song', 'country song instrumental', 'country instrument', 'bluegrass', 'regional music', 'folk music', 'pleasant', 'nostalgic', 'sentimental', 'soothing', 'mellifluous']",train
jazz,C:\Users\user\Downloads\gnn_bert_music_context\data\processed\graphs\jazz\jazz.00013.pkl,C:\Users\user\Downloads\gnn_bert_music_context\data\processed\features\jazz\jazz.00013.npy,nlWXsfjHeA8,"A male vocalist sings this Jazz melody. The tempo is medium with a jazz style piano and drumming, groovy bass line, tambourine beats and vocal backup. The harmony is syncopated and complex. It is ambient, atmospheric, punchy, emphatic and enjoyable.","['male vocalist', 'medium tempo', 'jazz', 'jazz piano', 'jazz drumming', 'groovy bass line', 'vocal backup', 'syncopated harmony', 'complex chords', 'improvisation', 'deliberate dissonance', 'tambourine beats', 'blue notes', 'polyrhythms', 'ambient', 'atmospheric', 'emphatic']",train
blues,C:\Users\user\Downloads\gnn_bert_music_context\data\processed\graphs\blues\blues.00025.pkl,C:\Users\user\Downloads\gnn_bert_music_context\data\processed\features\blues\blues.00025.npy,aLnBwjLUZao,"This blues song features a male voice singing the main melody at a comfortable pitch. This is accompanied by percussion playing a simple rock beat in common time. An overdriven guitar plays a blues riff. After one bar, the guitar and bass pause while the percussion and voice continues. The bass plays the root notes of the chords. The mood of this song is happy. This song can be played in a bar scene in a movie.","['rock song', 'blues song', 'male voice', 'low quality audio', 'overdriven guitar', 'percussion', 'bass', 'happy mood', 'moderate tempo']",train
disco,C:\Users\user\Downloads\gnn_bert_music_context\data\processed\graphs\disco\disco.00084.pkl,C:\Users\user\Downloads\gnn_bert_music_context\data\processed\features\disco\disco.00084.npy,TakkuFZJsis,"A male rapper sings this groovy melody. The song is medium tempo with a steady drumming rhythm, groovy bass line, a melancholic flute countermelody, keyboard harmony and guitar accompaniment. The song is exciting and passionate. The song is a modern Russian rap song with a story telling nature.","['male rapper', 'russian rap music', 'medium tempo', 'purposeful', 'inspiring', 'underground music', 'youthful', 'discotheque', 'hardship', 'flute countermelody', 'guitar accompaniment', 'groovy bass line', 'steady drumming rhythm', 'steady drumming rhythm', 'keyboard harmony', 'poignant', 'melancholic', 'emotional', 'russian hit songs', 'euro pop', 'groovy music', 'dance music', 'dance mix', 'dance club', 'people dancing', 'passionate', 'story telling']",train
country,C:\Users\user\Downloads\gnn_bert_music_context\data\processed\graphs\country\country.00024.pkl,C:\Users\user\Downloads\gnn_bert_music_context\data\processed\features\country\country.00024.npy,fWfQxB2pVrc,This folk song features a harmonica playing the main melody. This is accompanied by an acoustic guitar strumming chords. There are no other instruments in this song. This is an instrumental song. There are no voices in this song. The mood of this song is upbeat and happy. This song can be played in a movie scene involving a highway drive.,"['harmonica', 'acoustic guitar', 'country song', 'folk song', 'no voices', 'instrumental', 'no percussion', 'no other instruments', 'moderate tempo', 'upbeat']",train
classical,C:\Users\user\Downloads\gnn_bert_music_context\data\processed\graphs\classical\classical.00075.pkl,C:\Users\user\Downloads\gnn_bert_music_context\data\processed\features\classical\classical.00075.npy,b9rgWct9ivI,This is a series of clips - a compilation. The compilation is separated by the telephone beep tone. One of the clips is orchestral strings playing a motif that would be used when something shocking or suspenseful happens. The other clip contains a jazzy saxophone motif. There is also a sultry woman speaking sassily with some upbeat percussion under her vocal.,"['telephone beep tone', 'saxophone', 'shocking strings playing', 'repeated telephone beep tone', 'talking woman', 'disjointed', 'upbeat pop clip']",train
classical,C:\Users\user\Downloads\gnn_bert_music_context\data\processed\graphs\classical\classical.00055.pkl,C:\Users\user\Downloads\gnn_bert_music_context\data\processed\features\classical\classical.00055.npy,ohikUtjUN7c,This is a live performance of a Hindustani classical music piece. There is a male vocalist singing passionately in the lead. The melody is being played by a gentle harmonium tune. The rhythmic background is provided by the tabla percussion. The atmosphere is vibrant. This piece could be used in the soundtrack of a movie with a North Indian setting.,"['hindustani classical music', 'live performance', 'male vocal', 'passionate singing', 'harmonium', 'tabla', 'vibrant', 'profound']",train
metal,C:\Users\user\Downloads\gnn_bert_music_context\data\processed\graphs\metal\metal.00021.pkl,C:\Users\user\Downloads\gnn_bert_music_context\data\processed\features\metal\metal.00021.npy,zixIuxzCCvs,"This is the live recording of a heavy metal music piece. The male vocalist in the lead has a powerful wide-ranged vocal. There is an overdriven electric guitar that is playing a repeated riff with a bass guitar supporting it in the background. The rhythm is provided by a loud, fast-paced metal beat on the acoustic drums. The atmosphere is hard-hitting and energetic. The piece could be playing in the background of a rock/metal bar.","['heavy metal', 'live performance', 'male vocal', 'powerful singing', 'electric guitar', 'bass guitar', 'loud acoustic drums', 'hard-hitting', 'energetic', 'loud', 'invigorating', 'fast tempo']",train
country,C:\Users\user\Downloads\gnn_bert_music_context\data\processed\graphs\country\country.00095.pkl,C:\Users\user\Downloads\gnn_bert_music_context\data\processed\features\country\country.00095.npy,nyjXFx0GSX8,"We hear the bright ringing of two metal objects clanging against each other. This is the bright metallic sound of steel ringing. In the distance, we faintly hear a country rock song. Specifically, we hear a country rock guitar riff being played in the background. There is also the sound of a non-steel object being placed on a surface.","['steel hammering', 'metal ringing sound', 'distant country rock music', 'distant electric guitar riff', 'metal clanging', 'bright tinny ringing sound']",train
country,C:\Users\user\Downloads\gnn_bert_music_context\data\processed\graphs\country\country.00050.pkl,C:\Users\user\Downloads\gnn_bert_music_context\data\processed\features\country\country.00050.npy,eOmQbJljnqE,"The low quality song features a country song that consists of an acoustic rhythm guitar chord progression over which a mellow male vocal is singing. The recording got noisy at the end of the loop, which sounded like a microphone was turned on. It sounds vintage, warm, happy and fun.","['low quality', 'noisy', 'acoustic rhythm guitar', 'mellow male vocal', 'happy', 'fun', 'country']",train
reggae,C:\Users\user\Downloads\gnn_bert_music_context\data\processed\graphs\reggae\reggae.00023.pkl,C:\Users\user\Downloads\gnn_bert_music_context\data\processed\features\reggae\reggae.00023.npy,yVWk3yq3Abc,"The low quality recording features a reggae song that consists of wide harmonizing low male vocals singing over groovy bass, muffled snare, shimmering hi hats, tinny percussive elements and offbeat piano chords. The recording is noisy and it sounds easygoing and chill.","['reggae', 'low quality', 'wide harmonizing low male vocals', 'offbeat piano chords', 'groovy bass', 'muffled snare', 'tinny percussive elements', 'shimmering hi hats', 'noisy', 'easygoing', 'chill']",train
pop,C:\Users\user\Downloads\gnn_bert_music_context\data\processed\graphs\pop\pop.00018.pkl,C:\Users\user\Downloads\gnn_bert_music_context\data\processed\features\pop\pop.00018.npy,hYlSisv-VRU,"A male vocalist sings this powerful pop. The tempo is medium fast with an emphatic and  groovy bass line, lively trumpet harmony, piano accompaniment, electric guitar rhythm, tambourine beats and infectious drums. The song is lively,spirited, engaging, vivacious,passionate, compelling and ambient with powerful vocals . This Song is an R&B/Funk.","['male vocalist', 'medium fast tempo', 'lively trumpets', 'emphatic bass lines', 'ambient', 'seasoned vocals', 'powerful vocals', 'electric guitar harmony', 'piano accompaniment', 'tambourine beats', 'infectious drumming', 'funk', 'r&b', 'soul', 'passionate', 'energetic', 'ambient  emphatic']",train
blues,C:\Users\user\Downloads\gnn_bert_music_context\data\processed\graphs\blues\blues.00077.pkl,C:\Users\user\Downloads\gnn_bert_music_context\data\processed\features\blues\blues.00077.npy,vtVfl5Ff5lw,The track is an upbeat blues song that features falsetto and raspy male vocals. A drum kit plays an energetic and happy beat. A bass guitar follows the rhythm and adds a bouncy vibe to the song. The overall sound of the instruments is bright and happy. A guitar follows the bass and the drum kit.,"['blues', 'upbeat', 'falsetto male vocals', 'raspy male vocals', 'fast tempo', 'blues drum kit', 'positive', 'happy', 'bright male vocals', 'bouncy bass']",train
blues,C:\Users\user\Downloads\gnn_bert_music_context\data\processed\graphs\blues\blues.00065.pkl,C:\Users\user\Downloads\gnn_bert_music_context\data\processed\features\blues\blues.00065.npy,9Rx57dlJtIA,"The low quality recording features a blues song that consists of a passionate male vocal singing over acoustic guitar melody in the left channel, muted acoustic guitar melody in the right channel of the stereo image, groovy bass, mellow snare and shimmering cymbals. It sounds passionate and emotional.","['low quality', 'poor quality mix', 'blues', 'passionate male vocal', 'acoustic guitar melody', 'muted acoustic guitar melody', 'groovy bass', 'mellow snare', 'shimmering cymbals', 'passionate', 'emotional']",train
jazz,C:\Users\user\Downloads\gnn_bert_music_context\data\processed\graphs\jazz\jazz.00070.pkl,C:\Users\user\Downloads\gnn_bert_music_context\data\processed\features\jazz\jazz.00070.npy,e6lTl9JIW5Y,"The low quality recording features a jazz performance that consists of saxophone solo melody played over shimmering cymbals, followed by trombone melody and walking double bass. It sounds warm, but dark, due to the poor quality microphone it was recorded with.","['low quality', 'mono', 'noisy', 'shimmering cymbals', 'trombone melody', 'saxophone solo melody', 'walking double bass', 'jazz', 'warm', 'dark']",train
classical,C:\Users\user\Downloads\gnn_bert_music_context\data\processed\graphs\classical\classical.00012.pkl,C:\Users\user\Downloads\gnn_bert_music_context\data\processed\features\classical\classical.00012.npy,S8WTaKLpmmg,This is a symphonic black metal music piece. There is a male vocal singing using the guttural technique in the lead. The main tune is being played by a distorted electric guitar while orchestral elements such as the flute and brass elements. The bass guitar can be heard in the background. The rhythmic background is provided by a loud and rapid acoustic drum beat. The atmosphere is violent and ominous. This piece can be used in the soundtrack of a horror video game.,"['symphonic black metal', 'male vocal', 'guttural singing', 'distorted electric guitar', 'flute', 'brass', 'bass guitar', 'acoustic drums', 'aggressive', 'violent', 'ominous']",train
disco,C:\Users\user\Downloads\gnn_bert_music_context\data\processed\graphs\disco\disco.00078.pkl,C:\Users\user\Downloads\gnn_bert_music_context\data\processed\features\disco\disco.00078.npy,NWL-P08eM-U,"A male vocalist sings this peppy rap. The tempo is medium fast with an enthusiastic and catchy guitar rhythm, drum stick clicks, congas, steady drumming and keyboard accompaniment. The song is simple, punchy; buoyant, youthful, animated, vibrant and has a catchy dance groove. This song is contemporary Hip-Hop/Rap.","['male singer', 'medium tempo', 'spirited', 'vibrant', 'buoyant', 'foreign language', 'punchy guitar rhythm', 'drum stick clicks', 'disco rap', 'punchy', 'guitar accompaniment', 'steady drumming', 'congas', 'keyboard harmony', 'energetic', 'rap', 'hip-hop', 'pop rap', 'youthful', 'spirited', 'animated', 'dance groove', 'vibrant', 'punchy guitar rhythms drum stick clicks', 'rhythmic patter']",train
jazz,C:\Users\user\Downloads\gnn_bert_music_context\data\processed\graphs\jazz\jazz.00011.pkl,C:\Users\user\Downloads\gnn_bert_music_context\data\processed\features\jazz\jazz.00011.npy,IGyDtKAU1u8,"This is a jazz music piece. It is an instrumental piece. The saxophone and the trumpet are playing the melody. The piano, the electric guitar and the bass guitar are accompanying them in the background. The tempo is slow. The atmosphere is chill. This piece could be playing in the background at a coffee shop.","['jazz music', 'instrumental', 'saxophone', 'trumpet', 'electric guitar', 'piano', 'bass guitar', 'acoustic drums', 'slow tempo', 'chill']",train
jazz,C:\Users\user\Downloads\gnn_bert_music_context\data\processed\graphs\jazz\jazz.00032.pkl,C:\Users\user\Downloads\gnn_bert_music_context\data\processed\features\jazz\jazz.00032.npy,wXmIm6Bq3Tc,The music features a mix between jazz and soul music. The instrumental is easygoing and fun. A male singer with a seductive and appealing voice sings a fun melody. A saxophone plays a melody in the background that adds texture to the instrumental. The music is a live recording of a performance.,"['jazz fusion', 'r&b/soul', 'easygoing', 'appealing male vocals', 'seductive saxophone', 'mid tempo', 'fun', 'jazzy drum kit', 'live music']",train
disco,C:\Users\user\Downloads\gnn_bert_music_context\data\processed\graphs\disco\disco.00024.pkl,C:\Users\user\Downloads\gnn_bert_music_context\data\processed\features\disco\disco.00024.npy,PBMfPDei93s,"A female singer sings this passionate melody backed up by singers in vocal harmony. The tempo is slow with a strong bass line, steady percussive rhythm and keyboard accompaniment. The song is emotional and spirited. The song is a modern hip hop hit.","['female singer', 'hip hop music', 'backup singers', 'modern hip hop hits', 'slow tempo', 'groovy bass line', 'steady percussive rhythm', 'keyboard accompaniment', 'story telling', 'emotional', 'motivational', 'inspiring', 'groovy rhythm', 'hip hop dance music', 'emotional', 'romantic', 'love song', 'high spirits', 'self discovery']",train
reggae,C:\Users\user\Downloads\gnn_bert_music_context\data\processed\graphs\reggae\reggae.00028.pkl,C:\Users\user\Downloads\gnn_bert_music_context\data\processed\features\reggae\reggae.00028.npy,uTfLf1Y8hhM,A female voice is singing soulfully. She gets support from several backing vocals singing harmonies along. A tambourine is holding the rhythm along with a bassline and a e-guitar giving the song a reggae feeling. This song may be playing in a car. This is an amateur recording.,"['r&b/reggae/soul', 'female soul voice', 'backing voices', 'tambourine', 'e-bass', 'e-guitar', 'medium to uptempo', 'relaxing vibe']",train
blues,C:\Users\user\Downloads\gnn_bert_music_context\data\processed\graphs\blues\blues.00088.pkl,C:\Users\user\Downloads\gnn_bert_music_context\data\processed\features\blues\blues.00088.npy,V5xL8hLFY58,"The Country Blues song features a flat male vocal singing over acoustic guitar melody, accordion and a sustained brass section melody. It sounds very noisy, vintage and therefore nostalgic and sentimental - like something you would hear in an old movie.","['country blues', 'noisy', 'vintage', 'low quality', 'nostalgic', 'mono', 'flat male vocal', 'acoustic guitar melody', 'accordion melody', 'sustained brass section', 'nostalgic', 'sentimental']",train
disco,C:\Users\user\Downloads\gnn_bert_music_context\data\processed\graphs\disco\disco.00043.pkl,C:\Users\user\Downloads\gnn_bert_music_context\data\processed\features\disco\disco.00043.npy,LfvdxSBCtFE,This is an 80s electronic music piece. The rhythmic background consists of a disco electronic drum beat with frequent tom fills. There is a keyboard playing the main tune while a bass and an evolving synth are in the background. The atmosphere of this piece is groovy. This piece could be used at retro-themed nightclubs and parties. It could also be used in the soundtrack of an 80s movie or a TV show.,"['electronic', 'jazz-funk', 'disco', 'electronic drums', 'keyboards', 'bass', 'evolving', '80s', 'danceable', 'groovy', 'retro', 'old-fashioned']",train
jazz,C:\Users\user\Downloads\gnn_bert_music_context\data\processed\graphs\jazz\jazz.00010.pkl,C:\Users\user\Downloads\gnn_bert_music_context\data\processed\features\jazz\jazz.00010.npy,KjMRf4egAyA,A female singer sings this soulful melody. The song is slow tempo with a guitar playing a subtle bass line and no other instrumentation. The song is romantic and emotional. The song is soul music with jazz and black gospel influences. The audio quality is poor as it is recorded casually at home.,"['female singer', 'soulful singing', 'guitar bass line', 'slow tempo', 'home video', 'ambient room noises', 'poor audio quality', 'jazz music', 'no percussion instruments', 'subtle bass line', 'emotional', 'romantic', 'love song', 'vocal vibrato', 'soul music', 'black gospel influences', 'guitar accompaniment', 'passionate', 'madly in love', 'together forever']",train
country,C:\Users\user\Downloads\gnn_bert_music_context\data\processed\graphs\country\country.00006.pkl,C:\Users\user\Downloads\gnn_bert_music_context\data\processed\features\country\country.00006.npy,fEfe8jznp5Q,This recording is full of digital game noises along with short instrumentation sounds. Then a country song starts to play a composition in a very bad quality along with duck sounds. Nature sounds like water and birds chirping can be noticed. This recording is of poor audio quality and may be playing for a simple videogame.,"['cinematic', 'background sounds', 'gamesounds', 'amateur recording', 'uplifting']",train
reggae,C:\Users\user\Downloads\gnn_bert_music_context\data\processed\graphs\reggae\reggae.00033.pkl,C:\Users\user\Downloads\gnn_bert_music_context\data\processed\features\reggae\reggae.00033.npy,9Tl2l3bsLpE,People are playing the same groove on a lot of percussive instruments. In the background you can hear shakers. Someone is strumming chords with an effect on an e-guitar and someone is playing fill-ins on acoustic drums. This song may be playing at a local live concert from a music school.,"['amateur recording', 'reggae', 'shaker', 'bongos', 'djembe', 'congas', 'bongos', 'acoustic drums', 'e-guitar', 'medium to uptempo']",train
hiphop,C:\Users\user\Downloads\gnn_bert_music_context\data\processed\graphs\hiphop\hiphop.00006.pkl,C:\Users\user\Downloads\gnn_bert_music_context\data\processed\features\hiphop\hiphop.00006.npy,Mv90uA0tmgc,This is a video game theme in the style of jazz music. There is a male vocalist singing gibberish while imitating a brass instrument. The vibraphone is playing the main melody. There is a piano playing chords in a syncopated manner. The bass guitar is playing a groovy bass line. The rhythmic background consists of an acoustic jazz drum beat. The atmosphere is dreamy and cheerful. This piece could be playing in the soundtrack of an animation movie during a dream sequence.,"['video game theme', 'jazz', 'male vocal', 'gibberish singing', 'vibraphone', 'piano', 'upright bass', 'acoustic jazz drums', 'dreamy', 'complex', 'cheerful']",train
pop,C:\Users\user\Downloads\gnn_bert_music_context\data\processed\graphs\pop\pop.00039.pkl,C:\Users\user\Downloads\gnn_bert_music_context\data\processed\features\pop\pop.00039.npy,L2-EGNKzUAQ,"The Pop song features a passionate male vocal, alongside wide harmonizing background vocals, singing over clapping, shimmering cymbals, groovy bass and soft kick hits. It sounds addictive, happy and joyful.","['pop', 'passionate male vocal', 'wide harmonizing background vocals', 'clapping', 'shimmering cymbals', 'groovy bass', 'soft kick hits', 'addictive', 'happy', 'joyful']",train
hiphop,C:\Users\user\Downloads\gnn_bert_music_context\data\processed\graphs\hiphop\hiphop.00031.pkl,C:\Users\user\Downloads\gnn_bert_music_context\data\processed\features\hiphop\hiphop.00031.npy,KnZeEWVHaLc,"The low quality recording features a metallic scraping sound effect, soft scratching sound effect, water leaking sound effect, breathy flute melody and birds chirping sound effects. It sounds relaxing and calming.","['low quality', 'metallic scraping sound effect', 'soft scratching sound effect', 'water leaking sound effect', 'breathy flute melody', 'birds chirping sound effect', 'relaxing', 'calming']",train
reggae,C:\Users\user\Downloads\gnn_bert_music_context\data\processed\graphs\reggae\reggae.00030.pkl,C:\Users\user\Downloads\gnn_bert_music_context\data\processed\features\reggae\reggae.00030.npy,ZM0imDMXuw8,An acoustic drum is playing a groove that is not strongly connected to reggae rhythm. A e-bass and piano-keys are bringing the typical reggae backbeat while another synth sound is playing short plucks as a melody. The male voice is singing in a reggae-fashion and in a higher key. In the background you can hear a big organ sound coming in and playing along with the melody. The elements are spread along the speakers. This song may be playing with speakers riding on your bike.,"['reggae', 'acoustic drums', 'e-bass', 'keys', 'synth pluck sound', 'organ', 'male voices singing', 'higher register', 'medium tempo', 'uplifting energy']",train
jazz,C:\Users\user\Downloads\gnn_bert_music_context\data\processed\graphs\jazz\jazz.00055.pkl,C:\Users\user\Downloads\gnn_bert_music_context\data\processed\features\jazz\jazz.00055.npy,OdLCoLVRCmk,This jazz song features a saxophone solo. This is accompanied by percussion playing at a fast tempo. The overall tempo of this song is moderate. The double bass plays on the off beats. A piano plays jazz chords in the background. There are no voices in this song. This song can be played in a luxury bar.,"['jazz song', 'saxophone song', 'no voices', 'piano', 'fast paced drums', 'double bass', 'moderate tempo song']",train
hiphop,C:\Users\user\Downloads\gnn_bert_music_context\data\processed\graphs\hiphop\hiphop.00040.pkl,C:\Users\user\Downloads\gnn_bert_music_context\data\processed\features\hiphop\hiphop.00040.npy,jtwRKyQ8-lg,This is a hip-hop/dancehall music piece. There is a repeating female vocal sample in the lead. The piano is playing the chords of the song. There is a groovy bass guitar in the background. The rhythm is provided by an acoustic drum beat with a lot of rhythmic sound effects applied to give it more of a swing feel. The atmosphere of the piece is chill and urban. This piece could be the opening theme of a sit-com taking place in the big city.,"['hip-hop', 'dancehall', 'female vocal sample', 'piano', 'bass guitar', 'acoustic drums', 'rhythmic effects', 'chill', 'groovy', 'urban']",train
pop,C:\Users\user\Downloads\gnn_bert_music_context\data\processed\graphs\pop\pop.00050.pkl,C:\Users\user\Downloads\gnn_bert_music_context\data\processed\features\pop\pop.00050.npy,52GYcHTcCgs,The male voice is singing/talking over an electric bass playing a harmonic bassline while the acoustic drums is playing a light groove almost just on the lightly open hi hat and some kick hits. This song may be playing at a musician's bar.,"['pop/rock', 'e-bass', 'acoustic guitar', 'male mid range voice singing/talking', 'medium tempo']",train
classical,C:\Users\user\Downloads\gnn_bert_music_context\data\processed\graphs\classical\classical.00074.pkl,C:\Users\user\Downloads\gnn_bert_music_context\data\processed\features\classical\classical.00074.npy,8iPpgyEh8WM,"This is a modern classical instrumental piece. The melody is played by an orchestra with the strings section as the lead, the piano playing an arpeggio and the bass guitar carrying the background. There is a light percussive element resembling a tambourine keeping the rhythmic background. The piece has a melodic, story-telling mood to it which would make it the perfect choice to use in a movie soundtrack, especially a romantic movie.","['instrumental', 'orchestra', 'strings', 'piano', 'bass guitar', 'percussion', 'story-telling mood', 'melodic', 'romance']",train
hiphop,C:\Users\user\Downloads\gnn_bert_music_context\data\processed\graphs\hiphop\hiphop.00089.pkl,C:\Users\user\Downloads\gnn_bert_music_context\data\processed\features\hiphop\hiphop.00089.npy,Ac4M-EkdkDs,"The Trap song features a very short snippet of hard 808 bass, shimmering hi hats, punchy snare and synth keys melody after which comes the second part of the loop where there is a wide filtered stuttering down sweep sound effect. It sounds like an interlude in the middle of the song.","['trap', 'wide filtered stuttering down sweep sound effect', 'hard 808 bass', 'shimmering hi hats', 'punchy snare', 'synth keys melody']",train
classical,C:\Users\user\Downloads\gnn_bert_music_context\data\processed\graphs\classical\classical.00017.pkl,C:\Users\user\Downloads\gnn_bert_music_context\data\processed\features\classical\classical.00017.npy,EZJzzWEDtQo,This audio contains someone playing a horn solo in a room full of reverb. This song may be playing in an orchestra.,"['orchestra', 'horn solo', 'slower tempo']",train
blues,C:\Users\user\Downloads\gnn_bert_music_context\data\processed\graphs\blues\blues.00064.pkl,C:\Users\user\Downloads\gnn_bert_music_context\data\processed\features\blues\blues.00064.npy,KikHXfUanJk,We hear a twangy electric guitar on which some arpeggiated chords are played. The music style is a bluesy country rock style.,"['twangy electric guitar arpeggios', 'country rock', 'country blues', 'southern']",train
jazz,C:\Users\user\Downloads\gnn_bert_music_context\data\processed\graphs\jazz\jazz.00059.pkl,C:\Users\user\Downloads\gnn_bert_music_context\data\processed\features\jazz\jazz.00059.npy,AmAThmRphk0,"The Jazz song features a passionate solo acoustic guitar melody and acoustic rhythm guitar chords, followed by simple double bass. It sounds smooth and elegant, something you would hear in fancy restaurants or good jazz clubs.","['jazz', 'passionate solo acoustic guitar melody', 'acoustic rhythm guitar chords', 'simple double bass', 'smooth', 'elegant']",train
classical,C:\Users\user\Downloads\gnn_bert_music_context\data\processed\graphs\classical\classical.00008.pkl,C:\Users\user\Downloads\gnn_bert_music_context\data\processed\features\classical\classical.00008.npy,hnlVKC7rxdg,This symphonic song features french horns playing in harmony. The notes played are descending and they finally fade away. There are no other instruments in this song. There are no voices in this song. This song can be played in a dream sequence in a movie.,"['orchestral music', 'french horn', 'symphonic music', 'slow tempo', 'horns fading away', 'instrumental', 'no voice']",train
blues,C:\Users\user\Downloads\gnn_bert_music_context\data\processed\graphs\blues\blues.00008.pkl,C:\Users\user\Downloads\gnn_bert_music_context\data\processed\features\blues\blues.00008.npy,C7WAx3n57Hk,"This song contains acoustic drums holding a steady groove with a complex fill in at the end of the phrase. An e-bass and e-guitar are playing the same notes, just the e-guitar is strumming a chord. The male voice is singing loud and in a higher register. This song may be playing in a garage workshop.","['rock&roll/blues', 'e-guitar', 'e-bass', 'acoustic drums', 'male voice singing', 'higher register', 'uptempo']",train
disco,C:\Users\user\Downloads\gnn_bert_music_context\data\processed\graphs\disco\disco.00058.pkl,C:\Users\user\Downloads\gnn_bert_music_context\data\processed\features\disco\disco.00058.npy,5LX2Unga1p4,"A digital drum with a strong snare that sounds like a slap is playing along with an e-bass that is being slapped, playing a funky bassline. A e-guitar is strumming two funky chords along. A female voice is rapping with a lot of confidence in the attitude and then another female voice is singing accompanied by female backing voices. The file is of poorer audio-quality. This song may be playing in a disco.","['soul/r&b/rap/pop', 'e-guitar', 'digital drums', 'slapped e-bass', 'female voice singing', 'backing vocals', 'medium tempo', 'upbeat', 'amateur recording']",train
country,C:\Users\user\Downloads\gnn_bert_music_context\data\processed\graphs\country\country.00042.pkl,C:\Users\user\Downloads\gnn_bert_music_context\data\processed\features\country\country.00042.npy,dzPPmuFUicc,"The low quality recording features a country song that consists of a passionate male vocal singing over arpeggiated acoustic guitar melody, acoustic rhythm guitar chords, mandoline guitar melody and groovy bass. It sounds passionate, joyful and emotional.","['low quality', 'country', 'groovy bass', 'arpeggiated acoustic guitar melody', 'acoustic rhythm guitar chords', 'mandoline melody', 'passionate', 'joyful', 'emotional']",train
country,C:\Users\user\Downloads\gnn_bert_music_context\data\processed\graphs\country\country.00026.pkl,C:\Users\user\Downloads\gnn_bert_music_context\data\processed\features\country\country.00026.npy,dNK9bD3LNCc,"The low quality recording features a live performance of a country song that consists of a steel guitar melody, acoustic rhythm guitar chords and a walking bass guitar. There are some crowd noises in the background by which we can conclude that it is a live performance.","['low quality', 'country', 'live performance', 'walking bass guitar', 'acoustic rhythm guitar chords', 'acoustic steel guitar melody', 'crowd noises']",train
metal,C:\Users\user\Downloads\gnn_bert_music_context\data\processed\graphs\metal\metal.00016.pkl,C:\Users\user\Downloads\gnn_bert_music_context\data\processed\features\metal\metal.00016.npy,QvwD7NEg3Mw,"A male vocalist sings this energetic Rock song. The tempo is fast with intense drumming, vigorous electric guitar, funky bass and keyboard harmony. The song is a vibrant, enthusiastic, youthful, animated, spirited, buoyant and electrifying Heavy Metal/Rock. There are sounds of people cheering, clapping and singing along, indicating that this is a live performance.","['male vocalist', 'fast tempo', 'enthusiastic', 'string instruments', 'amplified instruments', 'sonic power', 'infectious drumming', 'live performance', 'gig', 'intense electric guitar feedback', 'amplified guitar harmony', 'keyboard accompaniment', 'emphatic vocals', 'concert', 'live performance', 'hard rock', 'heavy metal', 'rock', 'crowd cheering', 'clapping', 'singing along', 'fans', 'enthusiastic', 'youthful', 'electrifying', 'compelling']",train
country,C:\Users\user\Downloads\gnn_bert_music_context\data\processed\graphs\country\country.00060.pkl,C:\Users\user\Downloads\gnn_bert_music_context\data\processed\features\country\country.00060.npy,rfa-iUp5UQc,This is an intricate country guitar performance. The guitarist plays slide guitar. The playing is complex. There is a tambourine as a percussive element on every beat. It's a live recording.,"['country', 'country guitar', 'acoustic guitar', 'slide guitar', 'acoustic guitar arpeggio', 'tambourine', 'live recording', 'intricate guitar playing']",train
blues,C:\Users\user\Downloads\gnn_bert_music_context\data\processed\graphs\blues\blues.00022.pkl,C:\Users\user\Downloads\gnn_bert_music_context\data\processed\features\blues\blues.00022.npy,Qe71m678qEU,This amateur recording features an overdriven guitar playing the main melody. This is a low quality recording and the volumes of the instruments are not professionally mixed. The overdriven guitar is loud. A piano plays a couple of notes in the beginning. The guitar is accompanied by percussion playing a simple beat in the background. The bass plays a blues style bassline. The tempo of this song is slow. The song is based on blues style.,"['amateur recording', 'blues melody', 'overdriven guitar', 'vibrato', 'blues bassline', 'simple percussion', 'slow tempo', 'no voice', 'instrumental', 'piano notes']",train
reggae,C:\Users\user\Downloads\gnn_bert_music_context\data\processed\graphs\reggae\reggae.00027.pkl,C:\Users\user\Downloads\gnn_bert_music_context\data\processed\features\reggae\reggae.00027.npy,icomsHXY8YA,"The low quality recording features a reggae song sung by emotional male vocalists, followed by percussive elements, groovy bass, offbeat electric guitar and organ chords. There are some crowd noises in the background. The audio is crackling, making it low quality, but regardless it sounds easygoing.","['low quality', 'reggae', 'crowd noises', 'distorted', 'emotional male vocal', 'percussive elements', 'groovy bass', 'audio crackles', 'offbeat electric guitar chords', 'offbeat organ chords', 'easygoing']",train
rock,C:\Users\user\Downloads\gnn_bert_music_context\data\processed\graphs\rock\rock.00075.pkl,C:\Users\user\Downloads\gnn_bert_music_context\data\processed\features\rock\rock.00075.npy,3zPvfVmL0nE,This audio contains someone playing a drum with a big kick drum and snare sound playing cymbals along with a tambourine. In the background you can hear an electric organ playing long minor chords while a distorted e-guitar is playing a solo sounding as someone singing. This song may be playing live at a festival.,"['rock&roll', 'acoustic drums', 'e-guitar', 'tambourine', 'organ', 'medium to uptempo']",train
reggae,C:\Users\user\Downloads\gnn_bert_music_context\data\processed\graphs\reggae\reggae.00092.pkl,C:\Users\user\Downloads\gnn_bert_music_context\data\processed\features\reggae\reggae.00092.npy,JFGNmPzPXeA,Someone is playing an acoustic drum groove with a snare that uses reverb. An e-bass is playing a sub bassline. An e-guitar is strumming short rhythmic chords on the backbeat giving this music its reggae vibe. A keyboard is playing a sound in the mid range and another keyboard responds with a countermelody playing a melody using a brass sound. In the background you can hear people talking. This song may be playing live at a festival.,"['amateur recording', 'reggae', 'acoustic drums', 'e-guitar', 'e-bass', 'piano', 'medium tempo', 'laid back energy']",train
metal,C:\Users\user\Downloads\gnn_bert_music_context\data\processed\graphs\metal\metal.00013.pkl,C:\Users\user\Downloads\gnn_bert_music_context\data\processed\features\metal\metal.00013.npy,Xn0wIqnt_44,"This music is an electronic instrumental. The tempo is fast with heavily synthesised arrangements and intense drumming with a male voice speaking over the music. The music is intense, vigorous,animated, futuristic  and vital. It sounds like video game music and the male voice seems to be reviewing Video Games.","['instrumental music', 'vigorous', 'animated', 'spirited', 'enthusiastic', 'intense drumming', 'last tempo heavy metal', 'hard rock', 'electronic music', 'video game music', 'male voice speaking', 'intense', 'electronic music', 'techno music', 'futuristic', 'review', 'informative']",train
hiphop,C:\Users\user\Downloads\gnn_bert_music_context\data\processed\graphs\hiphop\hiphop.00058.pkl,C:\Users\user\Downloads\gnn_bert_music_context\data\processed\features\hiphop\hiphop.00058.npy,Vfcfj4OIJXE,This is an instrumental hip-hop music piece. It is meant to be used as a rap beat. There is a fuzzy synth bass playing a groovy bass line with a mellow sounding keyboard playing alongside it. There is a loud electronic drum beat in the rhythmic background. This piece has a crisp and urban atmosphere. It could either be used as a rap beat or it could take place in the soundtrack of a crime movie/TV show with a modern city setting.,"['instrumental hip-hop', 'electronic', 'rap beat', 'synth bass', 'keyboard', 'electronic drums', 'crisp', 'urban', 'groovy', 'modern', 'hip']",train
jazz,C:\Users\user\Downloads\gnn_bert_music_context\data\processed\graphs\jazz\jazz.00042.pkl,C:\Users\user\Downloads\gnn_bert_music_context\data\processed\features\jazz\jazz.00042.npy,pYaegEQ_wtI,"The low quality recording features a compilation of bright trumpet melodies. The recording is noisy, in mono and it sounds passionate and jazzy.","['low quality', 'mono', 'noisy', 'bright trumpet melody', 'jazzy', 'passionate', 'compilation']",train
jazz,C:\Users\user\Downloads\gnn_bert_music_context\data\processed\graphs\jazz\jazz.00012.pkl,C:\Users\user\Downloads\gnn_bert_music_context\data\processed\features\jazz\jazz.00012.npy,0ZNFJz-eZTU,"The low quality recording features a jazz song cover that consists of a passionate saxophone melody played over soft hi hats and kick hits, snappy rimshots, smooth bass, organ keys chords and mellow piano chords. It sounds emotional, passionate and reverberant - as it was probably recorded in a medium size room.","['snappy rimshots', 'soft hi hats', 'soft kick', 'cover', 'smooth bass', 'organ keys chords', 'mellow piano chords', 'passionate saxophone melody', 'passionate', 'emotional', 'jazz', 'low quality', 'reverberant']",train
reggae,C:\Users\user\Downloads\gnn_bert_music_context\data\processed\graphs\reggae\reggae.00044.pkl,C:\Users\user\Downloads\gnn_bert_music_context\data\processed\features\reggae\reggae.00044.npy,zfkPKRn8ah8,"This is a dancehall music piece. There is a male vocalist singing at a medium-to-high pitch with a Jamaican accent. In the background, there is a keyboard playing the main melody. The atmosphere of the piece is vibrant. This piece could be used at beach parties and summer/vacation themed movies or TV shows.","['dancehall', 'reggae', 'dub', 'jamaican', 'male vocal', 'medium-to-high pitch singing', 'keyboard', 'chill', 'vibrant', 'lively']",train
hiphop,C:\Users\user\Downloads\gnn_bert_music_context\data\processed\graphs\hiphop\hiphop.00028.pkl,C:\Users\user\Downloads\gnn_bert_music_context\data\processed\features\hiphop\hiphop.00028.npy,VAqPLAgn9NI,This is a Hungarian hip-hop music piece. There is a male vocal rapping in the Hungarian language. There is a piano sample in the melodic background. There is also a strong bass sound. The rhythmic background has an electronic drum beat. The atmosphere is gloomy and urban. This piece could be used in the soundtrack of a crime movie or a TV series that takes place in Hungary.,"['hungarian hip-hop', 'rap', 'male vocal', 'rapping', 'piano sample', 'strong bass', 'electronic drums', 'hip', 'gloomy', 'urban']",train
blues,C:\Users\user\Downloads\gnn_bert_music_context\data\processed\graphs\blues\blues.00014.pkl,C:\Users\user\Downloads\gnn_bert_music_context\data\processed\features\blues\blues.00014.npy,TZlFTbvfKPE,This is the live performance of a blues rock piece. There is an electric guitar playing the melody with a bass guitar playing in the background. The acoustic drums are playing a rock beat. There is a groovy atmosphere to this piece. It could be playing in the background of a rock bar.,"['live performance', 'blues rock', 'hard rock', 'electric guitar', 'bass guitar', 'acoustic drums', 'groovy']",train
pop,C:\Users\user\Downloads\gnn_bert_music_context\data\processed\graphs\pop\pop.00082.pkl,C:\Users\user\Downloads\gnn_bert_music_context\data\processed\features\pop\pop.00082.npy,-i9gpG3vPwA,"This audio clip is an electronic instrumental of two different tracks with medium fast tempo. The first tempo has an amplified piano playing an emphatic harmony along with digital drums. The second track has emphatic digital drums and electronic /synthesised music arrangement. Both the tracks are melodious, pleasant, harmonic, futuristic, captivating and engaging with a dance groove.","['instrumental', 'two tracks', 'electronic music', 'harmonic', 'futuristic', 'engaging', 'captivating', 'dance groove', 'electro pop', 'unrelated tracks', 'synthesiser articulation', 'funky drumming', 'enthusiastic digital drum rhythm', 'keyboard harmony', 'dance pop', 'edm', 'pleasant', 'ambient', 'amplified paino', 'surround sound']",train
metal,C:\Users\user\Downloads\gnn_bert_music_context\data\processed\graphs\metal\metal.00035.pkl,C:\Users\user\Downloads\gnn_bert_music_context\data\processed\features\metal\metal.00035.npy,SLq-Co_szYo,"This song is an upbeat pop song. The tempo is medium fast with energetic drumming, groovy bass lines, keyboard harmony, synthesiser arrangements and female vocal riff. The song is fresh, youthful, perky, catchy, cheerful and energetic. There are sounds of wind, breeze and some metal clanking. This song sounds like a Jingle.","['sound of wind', 'energetic drumming', 'cheerful', 'energetic', 'catchy', 'perky', 'metallic sound', 'ambient nature music', 'punchy basslines', 'keyboard harmony', 'synthesiser arrangements', 'whooshing sound', 'windy', 'breezy', 'catchy vocal riff', 'female choral harmony', 'perky', 'peppy', 'cheerful', 'energetic', 'melodious', 'pop', 'jingle']",train
disco,C:\Users\user\Downloads\gnn_bert_music_context\data\processed\graphs\disco\disco.00033.pkl,C:\Users\user\Downloads\gnn_bert_music_context\data\processed\features\disco\disco.00033.npy,SxYnb9_qDtk,"A male vocalist sings this spirited rap. The tempo is medium with keyboard accompaniment, digital drums,electric guitar riff and synthesiser arrangements with vocal backup. The song is passionate, compelling, strong telling, chanting, persuasive and youthful. This song is Contemporary Rap-Hip-Hop.","['male vocalist', 'medium tempo', 'rap', 'rap hits', 'digital drum', 'youthful', 'street rapper', 'disco rap', 'hip-hop', 'hip-hop hits', 'rhythmic patter', 'electronic music', 'drum machine', 'synthesiser arrangements', 'vocal backup', 'passionate', 'engaging', 'compelling', 'persuasive', 'street vernacular', 'slangy lyrics', 'chanting', 'recurring beat', 'amplified guitar']",train
rock,C:\Users\user\Downloads\gnn_bert_music_context\data\processed\graphs\rock\rock.00018.pkl,C:\Users\user\Downloads\gnn_bert_music_context\data\processed\features\rock\rock.00018.npy,w5EbmsPfGSo,A drum is playing a lot of crash hits with fast and accurate snare rolls along to a backing track that contains an e-guitar playing a riff in a lower key. This song may be playing at a studio practicing.,"['punkrock', 'acoustic piano', 'atmospheric sound', 'e-guitar', 'uptempo', 'aggressive', 'amateur recording']",train
reggae,C:\Users\user\Downloads\gnn_bert_music_context\data\processed\graphs\reggae\reggae.00087.pkl,C:\Users\user\Downloads\gnn_bert_music_context\data\processed\features\reggae\reggae.00087.npy,cmJj7SxQEp8,This reggae song features a male voice singing the main melody. This is accompanied by percussion playing a reggae beat. The bass plays a single note on the fourth count of each bar. There are no other instruments in this song. This song can be played in a club as a dance song.,"['reggae', 'male voice', 'percussion', 'bass notes', 'no other instruments', 'moderate tempo dance music']",train
classical,C:\Users\user\Downloads\gnn_bert_music_context\data\processed\graphs\classical\classical.00053.pkl,C:\Users\user\Downloads\gnn_bert_music_context\data\processed\features\classical\classical.00053.npy,rQcecqZtGvE,This orchestral song features a brass band. The main melody is played on the trumpet. The bass is played on a tuba. There are other brass instruments playing in harmony in the background. There is no percussion in this song. There is no voice in this song. The mood of this song is victorious. This song can be played when a champion takes the podium in a classic event such as fencing or an equestrian event.,"['brass band', 'symphonic song', 'orchestral song', 'low quality recording', 'trumpet', 'tuba', 'no percussion', 'moderate tempo', 'no other instruments', 'instrumental', 'no voices', 'victorious mood']",train
disco,C:\Users\user\Downloads\gnn_bert_music_context\data\processed\graphs\disco\disco.00023.pkl,C:\Users\user\Downloads\gnn_bert_music_context\data\processed\features\disco\disco.00023.npy,j8z9a9A8LV4,"A male voice speaks in a menacing voice over a pop song in the background. The song is fast tempo with synthesiser articulation , digital arrangements and electronic sounds with subtle male vocals. The music is upbeat, energetic, enthusiastic, youthful, chilling, vibrating, exciting and pulsating. This song is a hit by Dance Pop.","['male vocalist', 'fast tempo', 'famous song', 'thrilling', 'vibrating', 'pulsating', 'electrifying', 'youthful', 'chilling', 'super hit song', 'male voice superimposed over song', 'rock', 'classic rock', 'dance pop', 'dance rock', 'disco pop', 'funk', 'pop soul', 'synth funk', 'terror', 'horror', 'hit', 'king of pop', 'synthesiser articulation', 'digital music', 'electronic music', 'pulsating', 'electrifying', 'pop hit']",train
jazz,C:\Users\user\Downloads\gnn_bert_music_context\data\processed\graphs\jazz\jazz.00092.pkl,C:\Users\user\Downloads\gnn_bert_music_context\data\processed\features\jazz\jazz.00092.npy,lDCDayKyOQA,"The low quality recording features a jazz song playing on a speaker and it consists of groovy hi hats, brass melody, bells melody, punchy snare and smooth trombone. The recording is noisy and it sounds thin and like it is played in a lobby.","['low quality', 'jazz', 'speaker', 'noisy', 'groovy hi hats', 'brass melody', 'bells melody', 'thin', 'smooth trombone', 'punchy snare']",train
country,C:\Users\user\Downloads\gnn_bert_music_context\data\processed\graphs\country\country.00040.pkl,C:\Users\user\Downloads\gnn_bert_music_context\data\processed\features\country\country.00040.npy,sVF7NNvdoJc,"The low quality recording features a traditional song that consists of reverberant, fruity male vocal singing over wooden & percussive elements, sizzling triangle hits, sustained strings melody, plucked strings melody and breathy flute melody. It sounds soulful, passionate, emotional, calming and relaxing - like something you would hear in a small village in a foreign country, full of joy and innocence.","['low quality', 'reverberant fruity male vocal', 'wooden percussive elements', 'sizzling triangle', 'plucked strings melody', 'sustained strings melody', 'breathy flute melody', 'soulful', 'passionate', 'emotional', 'calming', 'relaxing', 'joyful']",train
classical,C:\Users\user\Downloads\gnn_bert_music_context\data\processed\graphs\classical\classical.00001.pkl,C:\Users\user\Downloads\gnn_bert_music_context\data\processed\features\classical\classical.00001.npy,nnc6m1pBJ4c,"This is a Hindi film music piece. Initially, there is a female voice crying. Afterwards, an orchestra made up of a flute, a string element, a sitar and a piano starts playing an emotional tune. The atmosphere of the piece is heart-touching. It could be used in the soundtracks of Bollywood movies during heartbreaking scenes.","['hindi film music', 'female voice', 'crying', 'flute', 'strings', 'sitar', 'piano', 'sentimental', 'emotional', 'heart-touching']",train
disco,C:\Users\user\Downloads\gnn_bert_music_context\data\processed\graphs\disco\disco.00062.pkl,C:\Users\user\Downloads\gnn_bert_music_context\data\processed\features\disco\disco.00062.npy,KoAGZ_dB8MM,"A female singer sings this eerie melody. The song is medium tempo with a rolling bells keyboard harmony, and other ambient echo tones and harp tones. The song is haunting and unsettling. The audio quality is very poor and not enjoyable.","['female singer', 'faint vocals', 'eerie', 'haunting', 'emotional', 'poor audio quality', 'discomforting effect', 'poignant', 'unsettling', 'offbeat', 'quirky', 'amateur music production', 'haunting harmony', 'horror film soundtrack', 'no percussions', 'harp accompaniment', 'keyboard harmony', 'medium tempo']",train
jazz,C:\Users\user\Downloads\gnn_bert_music_context\data\processed\graphs\jazz\jazz.00087.pkl,C:\Users\user\Downloads\gnn_bert_music_context\data\processed\features\jazz\jazz.00087.npy,f8QGA4vN6HY,"The song is an instrumental. The tempo is fast with a groovy jazz drumming rhythm with good brush works, strong bass line, piano accompaniment and various percussion hits. The song is groovy and energetic. The song is jazz fusion.","['jazz music', 'groovy bass line', 'jazz fusion', 'dance rhythm', 'dj', 'modern jazz hits', 'documentary soundtrack', 'dancing all night', 'sophisticated', 'piano accompaniment', 'brush work', 'fast tempo', 'instrumental music', 'relaxing', 'passionate', 'techno jazz line', 'funk music', 'entertaining']",train
reggae,C:\Users\user\Downloads\gnn_bert_music_context\data\processed\graphs\reggae\reggae.00052.pkl,C:\Users\user\Downloads\gnn_bert_music_context\data\processed\features\reggae\reggae.00052.npy,L0-l1LIa22g,"The low quality recording features a reggae song that consists of passionate male vocals singing over shimmering hi hats, snappy snare, punchy kick, groovy bass, brass melody and funky electric guitar chords. It sounds chill and easygoing.","['low quality', 'reggae', 'passionate male vocals', 'shimmering hi hats', 'snappy snare', 'groovy bass', 'brass melody', 'funky electric guitar chords', 'punchy kick', 'easygoing', 'chill']",train
hiphop,C:\Users\user\Downloads\gnn_bert_music_context\data\processed\graphs\hiphop\hiphop.00032.pkl,C:\Users\user\Downloads\gnn_bert_music_context\data\processed\features\hiphop\hiphop.00032.npy,KnZeEWVHaLc,"The low quality recording features a metallic scraping sound effect, soft scratching sound effect, water leaking sound effect, breathy flute melody and birds chirping sound effects. It sounds relaxing and calming.","['low quality', 'metallic scraping sound effect', 'soft scratching sound effect', 'water leaking sound effect', 'breathy flute melody', 'birds chirping sound effect', 'relaxing', 'calming']",train
pop,C:\Users\user\Downloads\gnn_bert_music_context\data\processed\graphs\pop\pop.00035.pkl,C:\Users\user\Downloads\gnn_bert_music_context\data\processed\features\pop\pop.00035.npy,g4xhZgKwiNo,"A male vocalist sings this classic song. The tempo is slow with guitar accompaniment. The song has minimal instruments and is mellow, soft, sentimental, emotional, nostalgic, calming, soothing and mellifluous with vocal emphasis. This song is classic pop.","['male vocalist', 'slow tempo', 'vocal emphasis', 'acoustic guitar accompaniment', 'minimal instruments', 'edelweiss', 'sound of music', 'classic song', 'lucid guitar lead', 'soft', 'mellow', 'serene', 'calming', 'soothing', 'emphatic vocals', 'nostalgia', 'sentimental’']",train
blues,C:\Users\user\Downloads\gnn_bert_music_context\data\processed\graphs\blues\blues.00076.pkl,C:\Users\user\Downloads\gnn_bert_music_context\data\processed\features\blues\blues.00076.npy,V5xL8hLFY58,"The Country Blues song features a flat male vocal singing over acoustic guitar melody, accordion and a sustained brass section melody. It sounds very noisy, vintage and therefore nostalgic and sentimental - like something you would hear in an old movie.","['country blues', 'noisy', 'vintage', 'low quality', 'nostalgic', 'mono', 'flat male vocal', 'acoustic guitar melody', 'accordion melody', 'sustained brass section', 'nostalgic', 'sentimental']",train
country,C:\Users\user\Downloads\gnn_bert_music_context\data\processed\graphs\country\country.00013.pkl,C:\Users\user\Downloads\gnn_bert_music_context\data\processed\features\country\country.00013.npy,0S5zWt91Bwo,"This song contains acoustic guitars being strummed fast, a mandolin playing the lead melody in a higher pitch and an upright bass providing an almost walking bassline. This song may be playing in the countryside while having a BBQ.","['amateur recording', 'acoustic guitars', 'mandolin', 'upright bass', 'uptempo', 'cheerful']",train
rock,C:\Users\user\Downloads\gnn_bert_music_context\data\processed\graphs\rock\rock.00041.pkl,C:\Users\user\Downloads\gnn_bert_music_context\data\processed\features\rock\rock.00041.npy,RTQJe028VdU,The drums are playing a complex groove full of tom hits and fill-ins. On every big hit a synth is playing a sound while e-guitars and another instrument are playing a countermelody. The song sounds like someone being chased by something fast and dangerous. This song may be playing in a game of a tv-show.,"['progressive rock', 'acoustic drums', 'e-guitar', 'synth hits', 'uptempo', 'chaotic']",train
pop,C:\Users\user\Downloads\gnn_bert_music_context\data\processed\graphs\pop\pop.00030.pkl,C:\Users\user\Downloads\gnn_bert_music_context\data\processed\features\pop\pop.00030.npy,W_MZo88gzrA,"The low quality recording features a live performance of a pop song that consists of passionate female vocals, alongside background harmonizing vocals, singing over energetic drums, groovy, thin bass, mellow synth pad and addictive synth lead melody. Even though the recording is noisy and in mono, it sounds energetic, happy and fun.","['low quality', 'mono', 'noisy', 'pop', 'live performance', 'energetic drums', 'groovy thin bass', 'mellow synth pad', 'addictive synth lead melody', 'passionate female vocal', 'background harmonizing vocals', 'energetic', 'happy', 'fun']",train
reggae,C:\Users\user\Downloads\gnn_bert_music_context\data\processed\graphs\reggae\reggae.00021.pkl,C:\Users\user\Downloads\gnn_bert_music_context\data\processed\features\reggae\reggae.00021.npy,gWRfk8nCcPs,"This reggae song features a male voice. He sings the first line and laughs at the end of the first sentence. He continues to sing the melody. The voice is accompanied by programmed percussion playing a simple beat. The bass plays the root notes of the chords. A keyboard plays chords in the background with a reggae feel. Another keyboard plays a fill in between lines. At the end, backing singers sing in harmony. This song has a holiday mood. This song can be played in a holiday movie.","['reggae song', 'male voice', 'holiday mood', 'programmed percussion', 'keyboard', 'shaker', 'moderate tempo']",train
jazz,C:\Users\user\Downloads\gnn_bert_music_context\data\processed\graphs\jazz\jazz.00069.pkl,C:\Users\user\Downloads\gnn_bert_music_context\data\processed\features\jazz\jazz.00069.npy,BjIksWR4oKw,This is a jazz music piece used as an accompaniment for a tap dancing contest. It is an old recording. There is a brass section and a piano that are playing the melody while the upright bass is playing a simple bass line. The rhythmic background consists of acoustic drums and the tapping of the shoes to the ground. There is a lively atmosphere. This piece is used in the background of comedic social media content or advertisement jingles.,"['jazz music', 'tap dancing', 'shoes', 'brass section', 'piano', 'upright bass', 'acoustic drums', 'lively', 'jolly', 'upbeat', 'old recording']",train
pop,C:\Users\user\Downloads\gnn_bert_music_context\data\processed\graphs\pop\pop.00049.pkl,C:\Users\user\Downloads\gnn_bert_music_context\data\processed\features\pop\pop.00049.npy,kZBFQAQI7Pg,"A male vocalist sings this energetic song. The tempo is fast with boomy bass lines, steady drumming, keyboard harmony and enthusiastic electric guitar riff with vocal backup. The audio quality is very bad and the song is muffled and muddy. This song is a live performance with ambient sounds of people clapping and cheering.","['male vocalist', 'fast tempo', 'boomy bass', 'enthusiastic', 'insistent', 'recurring vocal riff', 'youthful', 'engaging', 'enthusiastic', 'classic pop', 'electric guitar riff', 'female vocal backup', 'steady drumming', 'incoherent music', 'inferior audio quality', 'muddled sounds', 'live performance', 'concert', 'amateur recording', 'keyboard accompaniment']",train
jazz,C:\Users\user\Downloads\gnn_bert_music_context\data\processed\graphs\jazz\jazz.00067.pkl,C:\Users\user\Downloads\gnn_bert_music_context\data\processed\features\jazz\jazz.00067.npy,9UCLvFqkFxk,This is a jazz music piece. There is a saxophone playing a jazzy solo for the melody. There is an upright bass playing in the background. The rhythmic background consists of a slow tempo acoustic drum beat that is played with brushes. The atmosphere is mellow. This piece could be playing in the background of a classy restaurant or a coffee shop.,"['jazz', 'instrumental', 'saxophone', 'upright bass', 'acoustic drums', 'brushes', 'mellow', 'gentle', 'slow tempo']",train
disco,C:\Users\user\Downloads\gnn_bert_music_context\data\processed\graphs\disco\disco.00072.pkl,C:\Users\user\Downloads\gnn_bert_music_context\data\processed\features\disco\disco.00072.npy,vx5iuWuE2Ng,This song contains acoustic drums playing a groove along with an e-bass and a tambourine. A brass section is playing along with the drum fills  and the bongos. A piano is playing a melody together with a guitar strumming chords in the mid range. The male singer sounds loud and soulful. This song may be playing in a rollerblade disco.,"['r&b/soul', 'e-bass', 'brass section', 'e-guitar', 'bongos', 'acoustic drums', 'male voice singing', 'tambourine', 'piano', 'medium to uptempo']",train
rock,C:\Users\user\Downloads\gnn_bert_music_context\data\processed\graphs\rock\rock.00086.pkl,C:\Users\user\Downloads\gnn_bert_music_context\data\processed\features\rock\rock.00086.npy,0wzsE67O5tE,"The song is an instrumental. The tempo is medium with an acoustic guitar playing lead, electric guitar accompaniment and a groovy bass line and no percussion instruments. The song is spirited and energetic. The audio quality is quite poor and the song has rock music influences.","['acoustic guitar lead', 'instrumental music', 'entertaining', 'cool solo', 'relaxing playlist', 'electric guitar harmony', 'poor audio quality', 'virtuoso playing', 'medium tempo', 'groovy bass line', 'guitar rhythm', 'exciting', 'energetic', 'rock music influences', 'soloist', 'medium tempo home music video', 'retro rock covers']",train
jazz,C:\Users\user\Downloads\gnn_bert_music_context\data\processed\graphs\jazz\jazz.00066.pkl,C:\Users\user\Downloads\gnn_bert_music_context\data\processed\features\jazz\jazz.00066.npy,V9jIsOTC1lY,"This song contains an acoustic drum set playing a jazzy swing groove using kick,snare and ride. You can hear various steeldrums playing different parts of the song. One is playing as bass, others as chords in the midrange and others are playing a melody in the upper register. This song may be playing live at a local event.","['steel drum band', 'acoustic drums', 'steel-drums', 'fast tempo', 'amateur recording']",train
blues,C:\Users\user\Downloads\gnn_bert_music_context\data\processed\graphs\blues\blues.00015.pkl,C:\Users\user\Downloads\gnn_bert_music_context\data\processed\features\blues\blues.00015.npy,_wyELLqwF3w,"This is an instrumental piece with a harmonica as the main lead melodic instrument. High pitched, wobbly sounds are played on the harmonica and contrasted by a deep and full acoustic guitar on which arpeggios are played. There's a sustained pad synth in the background which adds to the overall calming and soothing tone of the song.","['harmonica', 'blues', 'acoustic guitar arpeggio', 'calm', 'pad synth', 'soothing']",train
blues,C:\Users\user\Downloads\gnn_bert_music_context\data\processed\graphs\blues\blues.00027.pkl,C:\Users\user\Downloads\gnn_bert_music_context\data\processed\features\blues\blues.00027.npy,ZLDQ8-8AyI4,"The low quality recording features a live performance of a blues song that consists of nasal male vocal singing over acoustic rhythm guitar chord progression and smooth double bass. There are also some crowd talking noises. It sounds groovy and kind of dull, since it is probably recorded with a phone.","['low quality', 'acoustic', 'live performance', 'blues', 'acoustic rhythm guitar chord progression', 'smooth double bass', 'crowd talking', 'nasal male vocal', 'groovy', 'dull']",train
hiphop,C:\Users\user\Downloads\gnn_bert_music_context\data\processed\graphs\hiphop\hiphop.00072.pkl,C:\Users\user\Downloads\gnn_bert_music_context\data\processed\features\hiphop\hiphop.00072.npy,vhTWW5Bx15Q,"This is a radio program recording from Romania. There is a male vocal rapping Romanian while another is beatboxing. Then, the rapper starts talking in a radio announcement voice. This recording could be sampled for use in beat-making.","['radio program', 'romanian rap', 'male vocal', 'rapping', 'talking', 'beatboxing']",train
pop,C:\Users\user\Downloads\gnn_bert_music_context\data\processed\graphs\pop\pop.00014.pkl,C:\Users\user\Downloads\gnn_bert_music_context\data\processed\features\pop\pop.00014.npy,16F5fdORzSo,This song contains an acoustic piano playing a minor chord composition with some soft strings in the background playing in a higher key. An e-bass is playing the footnote of the piano. A female voice is singing loud and clear with a voice that sounds melancholic/sad. This song may be playing with headphones while feeling sad.,"['pop', 'acoustic piano', 'strings', 'e-bass', 'female voice singing', 'melancholic', 'slower to medium tempo']",train
classical,C:\Users\user\Downloads\gnn_bert_music_context\data\processed\graphs\classical\classical.00060.pkl,C:\Users\user\Downloads\gnn_bert_music_context\data\processed\features\classical\classical.00060.npy,4HhJneiP-hY,"There is an orchestra composed of the winds section and the timpani playing a dramatic tune with a rising melody. Afterwards, a thunder sound effect can be heard. Sounds from this piece can be sampled for use in advertisement jingles or in beat-making.","['orchestra', 'winds section', 'timpani', 'rising pattern', 'dramatic', 'sound effects', 'thunder']",train
classical,C:\Users\user\Downloads\gnn_bert_music_context\data\processed\graphs\classical\classical.00029.pkl,C:\Users\user\Downloads\gnn_bert_music_context\data\processed\features\classical\classical.00029.npy,d352jaSSiFw,"The song is background audio of an animated tv show. The song is idyllic and performed by an orchestra with organ playing lead, flutes and rhythm section. The song is of average audio quality. The audio track is animated and cartoon-like.","['ducky quack sounds', 'animated show', 'distorted vocals', 'funny', 'animated show', 'children’s show', 'average quality audio', 'people', 'chattering', 'ambient street noises', 'tv show', 'cartoony vocals', 'happy', 'cheerful', 'orchestra playing', 'organ accompaniment', 'flutes playing', 'medium tempo', 'idyllic music', 'show tune', 'movie soundtrack']",train
classical,C:\Users\user\Downloads\gnn_bert_music_context\data\processed\graphs\classical\classical.00005.pkl,C:\Users\user\Downloads\gnn_bert_music_context\data\processed\features\classical\classical.00005.npy,QKkhwAAGLIE,"A musician plays this classical instrumental. The tempo is medium with the musician playing a beautiful harmony using ragas with skill and dexterity with a tanpura accompaniment .The music is calming, complex, pleasant, classic and melodic.","['instrumental', 'indian classical', 'tanpura accompaniment', 'medium fast tempo', 'veena solo', 'string instrument', 'ancient instrument', 'dexterous', 'skilled musician', 'south indian music', 'carnatic music', 'chordophone', 'instrument of a goddess', 'hindu mythology']",train
rock,C:\Users\user\Downloads\gnn_bert_music_context\data\processed\graphs\rock\rock.00028.pkl,C:\Users\user\Downloads\gnn_bert_music_context\data\processed\features\rock\rock.00028.npy,ADffHhHMtjU,This is a progressive rock music piece. There is a male vocalist singing melodically. The piano is playing the main melody while there is an airy keyboard backing. The atmosphere is gentle and sentimental. This piece could be used in the ending credits of a teenage drama movie.,"['progressive rock', 'male vocal', 'melodic singing', 'keyboard', 'piano', 'gentle', 'mellow', 'sentimental']",train
hiphop,C:\Users\user\Downloads\gnn_bert_music_context\data\processed\graphs\hiphop\hiphop.00081.pkl,C:\Users\user\Downloads\gnn_bert_music_context\data\processed\features\hiphop\hiphop.00081.npy,b8cgQBzBXi8,"This music is an Electronic instrumental. The tempo is fast with an electrifying drum rhythm, funky bass lines, synthesiser articulation, cymbals rides, digital drums and electronically arranged sounds. The music is an energetic, high-powered, energetic, enthusiastic, intense, and explosive EDM/Synth Pop.","['instrumental', 'fast tempo', 'vocalisation', 'synth/pop', 'electro/pop', 'futuristic', 'progressive', 'edm', 'synthesiser articulation', 'vigorous drumming', 'funky bass lines', 'vibrant electric guitar harmony', 'keyboard accompaniment', 'electronic sounds', 'rapid', 'boisterous', 'energetic', 'enthusiastic', 'electrifying', 'exhilarating', 'passionate', 'electric powered', 'powerful', 'volatile', 'explosive']",train
jazz,C:\Users\user\Downloads\gnn_bert_music_context\data\processed\graphs\jazz\jazz.00096.pkl,C:\Users\user\Downloads\gnn_bert_music_context\data\processed\features\jazz\jazz.00096.npy,CYuYfvQv4eo,This is the live performance of a jazz music piece. There is an organ playing the chords in the background. There is a complex and improvised saxophone solo in the lead. The acoustic drums are playing a mellow jazz beat. The atmosphere is rather tranquil. This piece could be playing in the background at a coffee shop or a classy restaurant.,"['jazz', 'live performance', 'no singer', 'instrumental', 'organ', 'saxophone solo', 'bass guitar', 'acoustic drums', 'tranquil', 'complex', 'improvisation']",train
reggae,C:\Users\user\Downloads\gnn_bert_music_context\data\processed\graphs\reggae\reggae.00051.pkl,C:\Users\user\Downloads\gnn_bert_music_context\data\processed\features\reggae\reggae.00051.npy,7ZXz3Xa7APs,This is a tongue-in-cheek version of a reggae song edited to make it sound like a movie character was featured in it. It has a male vocal that starts singing with a Jamaican accent that turns into gibberish. Clean electric guitar and bass guitar provide the melodic background while the acoustic drums and percussion play a basic reggae beat for the rhythmic background.,"['reggae', 'male vocal', 'gibberish', 'electric guitar', 'bass guitar', 'acoustic drums', 'percussion', 'comedic', 'parody']",train
reggae,C:\Users\user\Downloads\gnn_bert_music_context\data\processed\graphs\reggae\reggae.00048.pkl,C:\Users\user\Downloads\gnn_bert_music_context\data\processed\features\reggae\reggae.00048.npy,Ou2rEaq28PM,This is a reggae/dub music piece. There is a fat sounding bass guitar playing a groovy bass line. An electric guitar with heavy delay and reverb effects is playing a vague tune. There is a reggae acoustic drum beat in the rhythmic background. The atmosphere is trippy. This piece could be used in the soundtrack of a movie during scenes where a character would be under the influence of substances.,"['reggae', 'dub', 'electric guitar', 'heavy effects', 'bass guitar', 'acoustic drums', 'chill', 'trippy', 'groovy']",train
rock,C:\Users\user\Downloads\gnn_bert_music_context\data\processed\graphs\rock\rock.00009.pkl,C:\Users\user\Downloads\gnn_bert_music_context\data\processed\features\rock\rock.00009.npy,R-aMYx9f0Ho,"This song is an instrumental. The tempo is medium with an interesting electric guitar riff and subtle keyboard followed by energetic drumming, Funky bass lines and keyboard arrangement. The song gradually builds up and is catchy, youthful, upbeat, melodious, captivating and groovy. This song is Soft Rock.","['instrumental', 'amplified guitar riff', 'intense', 'captivating', 'groovy', 'burgeoning harmony', 'youthful', 'catchy', 'upbeat', 'engaging', 'captivating', 'steady drumming', 'funky bass line', 'keyboard accompaniment', 'rock', 'classic rock', 'retro rock']",train
country,C:\Users\user\Downloads\gnn_bert_music_context\data\processed\graphs\country\country.00098.pkl,C:\Users\user\Downloads\gnn_bert_music_context\data\processed\features\country\country.00098.npy,VJ-dpTx_3Cg,The country music features a male voice singing while being backed by female vocals. The drums play a simple and repeating rhythm and together with the bass guitar drive the pulse of the music. An electric guitar plays short repeating musical phrases that incorporate the slide technique. In the background a group of strings fills the harmony and also provides a melody in the higher register.,"['male voice', 'female backing vocals', 'electric guitar', 'drums', 'bass guitar', 'strings', 'slide technique', 'country genre']",train
rock,C:\Users\user\Downloads\gnn_bert_music_context\data\processed\graphs\rock\rock.00046.pkl,C:\Users\user\Downloads\gnn_bert_music_context\data\processed\features\rock\rock.00046.npy,EremEyLrdUY,modern folk rock or indie with fingerstyle acoustic guitar and smooth male vocals. The vocal production is loud. Drums are present with the ride cymbal playing a steady pattern and the snare being played with brushes. The mood is mellow.,"['smooth male vocals', 'steady ride cymbal pattern', 'fingerstyle acoustic guitar', 'loud vocal production', 'snare played with brushes', 'mellow', 'modern folk rock', 'indie folk']",train
classical,C:\Users\user\Downloads\gnn_bert_music_context\data\processed\graphs\classical\classical.00058.pkl,C:\Users\user\Downloads\gnn_bert_music_context\data\processed\features\classical\classical.00058.npy,SLcIv8CNk20,"An orchestra plays a waltz with low strings playing arpeggios and high strings taking the melody. The music has a quaint, lilting feel. There are mechanical sounds in the foreground.","['instrumental', 'classical', 'orchestral', 'waltz', 'low string arpeggios', 'violin ensemble melody', 'mechanical sounds', 'quaint', 'lilting feel']",train
country,C:\Users\user\Downloads\gnn_bert_music_context\data\processed\graphs\country\country.00029.pkl,C:\Users\user\Downloads\gnn_bert_music_context\data\processed\features\country\country.00029.npy,VJ-dpTx_3Cg,The country music features a male voice singing while being backed by female vocals. The drums play a simple and repeating rhythm and together with the bass guitar drive the pulse of the music. An electric guitar plays short repeating musical phrases that incorporate the slide technique. In the background a group of strings fills the harmony and also provides a melody in the higher register.,"['male voice', 'female backing vocals', 'electric guitar', 'drums', 'bass guitar', 'strings', 'slide technique', 'country genre']",train
hiphop,C:\Users\user\Downloads\gnn_bert_music_context\data\processed\graphs\hiphop\hiphop.00060.pkl,C:\Users\user\Downloads\gnn_bert_music_context\data\processed\features\hiphop\hiphop.00060.npy,R60qQ3ag8y8,An instrumental jazz piano and vibraphone duo. Peppy and upbeat with a latin tinge.,"['jazz', 'piano', 'vibraphone', 'duo', 'peppy', 'latin', 'upbeat', 'instrumental']",train
hiphop,C:\Users\user\Downloads\gnn_bert_music_context\data\processed\graphs\hiphop\hiphop.00030.pkl,C:\Users\user\Downloads\gnn_bert_music_context\data\processed\features\hiphop\hiphop.00030.npy,VAqPLAgn9NI,This is a Hungarian hip-hop music piece. There is a male vocal rapping in the Hungarian language. There is a piano sample in the melodic background. There is also a strong bass sound. The rhythmic background has an electronic drum beat. The atmosphere is gloomy and urban. This piece could be used in the soundtrack of a crime movie or a TV series that takes place in Hungary.,"['hungarian hip-hop', 'rap', 'male vocal', 'rapping', 'piano sample', 'strong bass', 'electronic drums', 'hip', 'gloomy', 'urban']",train
disco,C:\Users\user\Downloads\gnn_bert_music_context\data\processed\graphs\disco\disco.00094.pkl,C:\Users\user\Downloads\gnn_bert_music_context\data\processed\features\disco\disco.00094.npy,PBMfPDei93s,"A female singer sings this passionate melody backed up by singers in vocal harmony. The tempo is slow with a strong bass line, steady percussive rhythm and keyboard accompaniment. The song is emotional and spirited. The song is a modern hip hop hit.","['female singer', 'hip hop music', 'backup singers', 'modern hip hop hits', 'slow tempo', 'groovy bass line', 'steady percussive rhythm', 'keyboard accompaniment', 'story telling', 'emotional', 'motivational', 'inspiring', 'groovy rhythm', 'hip hop dance music', 'emotional', 'romantic', 'love song', 'high spirits', 'self discovery']",train
hiphop,C:\Users\user\Downloads\gnn_bert_music_context\data\processed\graphs\hiphop\hiphop.00017.pkl,C:\Users\user\Downloads\gnn_bert_music_context\data\processed\features\hiphop\hiphop.00017.npy,YJKZVSvz1Bk,"This music is instrumental. The tempo is medium fast with boomy bass, turntable scratching and digitally arranged music. The music is muffled as the audio quality is inferior but the beats are punchy, buoyant, bouncy, youthful, groovy and energetic. This music is a turntable scratching technique.","['instrumental', 'medium fast tempo', 'boomy', 'live performance', 'live audience', 'ambient sounds', 'reverb', 'resonating', 'robotic sounds', 'turn table', 'scratching', 'dj', 'dj mixer', 'club music', 'pulsating', 'vibrations', 'booming', 'vinyl record scratching', 'youthful', 'new age music', 'techno music', 'electro music', 'percussive sounds', 'rhythmic', 'turntablist', 'hip-hop', 'rap']",train
rock,C:\Users\user\Downloads\gnn_bert_music_context\data\processed\graphs\rock\rock.00071.pkl,C:\Users\user\Downloads\gnn_bert_music_context\data\processed\features\rock\rock.00071.npy,HzXWXYxXyYA,Someone is playing an e-bass along to a backing track that contains a male voice singing with backing vocals that are panned to the left and right side of the speakers. An acoustic drum set is holding a groove along. The bass is almost completely panned to the left side of the speakers.This song may be playing at a dance-competition. This is an amateur recording but of decent quality.,"['progressive rock', 'e-bass', 'backing song', 'male singer', 'acoustic drums', 'uptempo']",train
reggae,C:\Users\user\Downloads\gnn_bert_music_context\data\processed\graphs\reggae\reggae.00069.pkl,C:\Users\user\Downloads\gnn_bert_music_context\data\processed\features\reggae\reggae.00069.npy,AFWy1qyyMHE,"Chill, tropical roots reggae music from the 1970's featuring a male vocalist, vocal harmonies, off beat guitar strums, phaser effect, a reggae drum beat and a simple bass part.","['roots reggae', 'chill', 'tropical', 'male vocals', 'vocal harmony', 'off beat guitar strums', 'phaser', ""1970's"", 'reggae drum beat', 'simple bassline']",train
classical,C:\Users\user\Downloads\gnn_bert_music_context\data\processed\graphs\classical\classical.00052.pkl,C:\Users\user\Downloads\gnn_bert_music_context\data\processed\features\classical\classical.00052.npy,TsTdffJ9LHg,"This music is instrumental. The tempo is fast with a vigorous and rapid western classical saxophone harmony. It is spirited, vibrant,untiring, engaging, skillful and high-spirited.","['instrumental', 'fast tempo', 'western classical', 'vibrant', 'untiring', 'sax concerto', 'dimuendo', 'enthusiastic', 'lively vigorous', 'woodwind', 'single reed instrument', 'incessant']",train
rock,C:\Users\user\Downloads\gnn_bert_music_context\data\processed\graphs\rock\rock.00033.pkl,C:\Users\user\Downloads\gnn_bert_music_context\data\processed\features\rock\rock.00033.npy,0Gxn9FtaJFc,This is a rock music piece with a male vocal. The synth and the piano are playing the main melody in a minor scale while the bass guitar is supporting them in the background. The rhythm is played by acoustic drums although it is rather slow. The song has a sad atmosphere. It could be played in the background of emotional online content.,"['rock music', 'male vocal', 'synth', 'piano', 'bass guitar', 'acoustic drums', 'slow', 'melancholic']",train
rock,C:\Users\user\Downloads\gnn_bert_music_context\data\processed\graphs\rock\rock.00016.pkl,C:\Users\user\Downloads\gnn_bert_music_context\data\processed\features\rock\rock.00016.npy,vvfs2TUj-D4,"This is a Christian rock piece. There is a male vocalist in the lead singing gently and melodically. A mild-tempered electric guitar is playing the main theme. There is a bass guitar holding the root notes. The rhythmic background is provided by the acoustic drums. This song has a mellow and hopeful atmosphere. Due to being religious in nature, this piece could be played in the background of Christian religious content. It could also be played at Christian religious events.","['christian rock', 'alternative rock', 'soft rock', 'male vocal', 'melodic singing', 'electric guitar', 'bass guitar', 'acoustic drums', 'mellow', 'hopeful', 'easygoing', 'religious', 'medium tempo']",train
blues,C:\Users\user\Downloads\gnn_bert_music_context\data\processed\graphs\blues\blues.00078.pkl,C:\Users\user\Downloads\gnn_bert_music_context\data\processed\features\blues\blues.00078.npy,YKQMolFL2Rs,The song has a bluesy funk feel to it. The singer has a raspy and burly vocal and sits on top of a grungy gritty electric guitar.,"['funky guitar playing', 'bluesy guitar playing', 'burly raspy male vocal', 'blues', 'funk', 'grungy electric guitar', 'simple drumming']",train
reggae,C:\Users\user\Downloads\gnn_bert_music_context\data\processed\graphs\reggae\reggae.00083.pkl,C:\Users\user\Downloads\gnn_bert_music_context\data\processed\features\reggae\reggae.00083.npy,7ZXz3Xa7APs,This is a tongue-in-cheek version of a reggae song edited to make it sound like a movie character was featured in it. It has a male vocal that starts singing with a Jamaican accent that turns into gibberish. Clean electric guitar and bass guitar provide the melodic background while the acoustic drums and percussion play a basic reggae beat for the rhythmic background.,"['reggae', 'male vocal', 'gibberish', 'electric guitar', 'bass guitar', 'acoustic drums', 'percussion', 'comedic', 'parody']",train
blues,C:\Users\user\Downloads\gnn_bert_music_context\data\processed\graphs\blues\blues.00054.pkl,C:\Users\user\Downloads\gnn_bert_music_context\data\processed\features\blues\blues.00054.npy,JCfZpSEH77Y,"The low quality recording features a blues song that consists of a passionate fruity male vocal singing over harmonica licks, acoustic rhythm guitar, groovy bass and steel guitar melody. It sounds passionate and soulful. The recording is noisy and since the bass sound is leaning towards the right channel of the stereo image - the stereo image is unbalanced.","['low quality', 'blues', 'passionate fruity male vocal', 'harmonica licks', 'acoustic rhythm guitar', 'steel guitar melody', 'passionate', 'soulful', 'groovy bass', 'unbalanced stereo', 'noisy']",train
disco,C:\Users\user\Downloads\gnn_bert_music_context\data\processed\graphs\disco\disco.00008.pkl,C:\Users\user\Downloads\gnn_bert_music_context\data\processed\features\disco\disco.00008.npy,KoAGZ_dB8MM,"A female singer sings this eerie melody. The song is medium tempo with a rolling bells keyboard harmony, and other ambient echo tones and harp tones. The song is haunting and unsettling. The audio quality is very poor and not enjoyable.","['female singer', 'faint vocals', 'eerie', 'haunting', 'emotional', 'poor audio quality', 'discomforting effect', 'poignant', 'unsettling', 'offbeat', 'quirky', 'amateur music production', 'haunting harmony', 'horror film soundtrack', 'no percussions', 'harp accompaniment', 'keyboard harmony', 'medium tempo']",train
disco,C:\Users\user\Downloads\gnn_bert_music_context\data\processed\graphs\disco\disco.00022.pkl,C:\Users\user\Downloads\gnn_bert_music_context\data\processed\features\disco\disco.00022.npy,5LX2Unga1p4,"A digital drum with a strong snare that sounds like a slap is playing along with an e-bass that is being slapped, playing a funky bassline. A e-guitar is strumming two funky chords along. A female voice is rapping with a lot of confidence in the attitude and then another female voice is singing accompanied by female backing voices. The file is of poorer audio-quality. This song may be playing in a disco.","['soul/r&b/rap/pop', 'e-guitar', 'digital drums', 'slapped e-bass', 'female voice singing', 'backing vocals', 'medium tempo', 'upbeat', 'amateur recording']",train
pop,C:\Users\user\Downloads\gnn_bert_music_context\data\processed\graphs\pop\pop.00061.pkl,C:\Users\user\Downloads\gnn_bert_music_context\data\processed\features\pop\pop.00061.npy,20Vh6z6Ie0E,"The recording features a live performance of a pop song that consists of passionate female vocal singing over groovy piano melody, sustained strings melody, smooth bass, widely spread shimmering shaker, snaps and snappy rimshots. It sounds euphoric, as it brings a Christmassy vibe, and is also happy and nostalgic.","['live performance', 'pop', 'passionate female vocal', 'sustained strings melody', 'groovy piano melody', 'smooth bass', 'wide shimmering shakers', 'snaps', 'snappy rimshots', 'euphoric', 'happy', 'nostalgic']",train
classical,C:\Users\user\Downloads\gnn_bert_music_context\data\processed\graphs\classical\classical.00097.pkl,C:\Users\user\Downloads\gnn_bert_music_context\data\processed\features\classical\classical.00097.npy,lSb7Y-_3to8,This is a classical music piece performed on the claviorgan instrument. The piece has a mellow atmosphere with a unique sound. This piece could be used in the soundtrack of a historical drama TV series during the scenes where the characters are walking inside the royal courtyard. The piece could also be sampled for use in beat-making.,"['classical music', 'instrumental', 'single instrument', 'claviorgan', 'mellow', 'tender', 'unique']",train
rock,C:\Users\user\Downloads\gnn_bert_music_context\data\processed\graphs\rock\rock.00062.pkl,C:\Users\user\Downloads\gnn_bert_music_context\data\processed\features\rock\rock.00062.npy,1BVSYfNCcv0,This is a Malaysian alternative rock music piece. There is a male vocalist singing melodically at the forefront. The main melody is played by the acoustic guitar with the backing of a mellow electric guitar and a simple bass line on the bass guitar. The rhythmic background consists of a basic rock acoustic drum beat. There is a sentimental and easygoing atmosphere to this piece. It could be used in the soundtrack of a drama/romance movie or TV series that takes place in Malaysia.,"['malaysian', 'alternative rock', 'indie', 'male vocal', 'melodic singing', 'acoustic guitar', 'electric guitar', 'bass guitar', 'acoustic drums', 'sentimental', 'easygoing', 'mellow']",train
classical,C:\Users\user\Downloads\gnn_bert_music_context\data\processed\graphs\classical\classical.00085.pkl,C:\Users\user\Downloads\gnn_bert_music_context\data\processed\features\classical\classical.00085.npy,xlxxWFENWr8,"The song is an instrumental. The tempo is slow with a choir harmonising and creating ethereal chants, string section and a philharmonic orchestra harmony backing. The song is ethereal and magical. The song has poor audio quality.","['instrumental music', 'movie soundtrack', 'ethereal music', 'philharmonic orchestra', 'slow rap chants', 'choral harmony', 'magical energy', 'magical journey', 'violins', 'string section harmony', 'rhythm section', 'ethereal tones', 'pulsating energy', 'bad audio quality', 'concert hall', 'opera hall', 'conductor', 'composer', 'western classical music', 'sonic effects', 'keyboard accompaniment']",train
reggae,C:\Users\user\Downloads\gnn_bert_music_context\data\processed\graphs\reggae\reggae.00058.pkl,C:\Users\user\Downloads\gnn_bert_music_context\data\processed\features\reggae\reggae.00058.npy,MdYXznF3Eac,To male voices are singing a melody. Someone is playing acoustic drums together with a djembe. A ukulele is being strummed on the offbeat along with a piano playing the same chords. This is an amateur recording. This song may be playing live at a small festival.,"['reggae', 'piano', 'djembe', 'acoustic drums', 'male voices singing', 'ukulele', 'medium to uptempo', 'amateur recording']",train
hiphop,C:\Users\user\Downloads\gnn_bert_music_context\data\processed\graphs\hiphop\hiphop.00074.pkl,C:\Users\user\Downloads\gnn_bert_music_context\data\processed\features\hiphop\hiphop.00074.npy,E4a3s8NRqUM,"This music is instrumental. The tempo is fast with a rapid electronic harmony and vigorous digital drum rhythm in the background with turntable arrangement. The harmony is syncopated, repetitive, insistent, psychedelic, trance, trippy and groovy. It is energetic, youthful, contemporary, groovy, vigorous and animated.","['instrumental', 'fast tempo', 'electronic music', 'syncopated harmony', 'repetitive', 'insistent', 'emphatic', 'youthful', 'energetic', 'enthusiastic', 'vibrant', 'phonograph record', 'high torque', 'phono output', 'loud', 'turn table', 'dj', 'dj mixer', 'club music', 'trance', 'psychedelic music', 'trippy', 'youthful', 'vinyl records', 'digital music', 'dance clubs']",train
blues,C:\Users\user\Downloads\gnn_bert_music_context\data\processed\graphs\blues\blues.00007.pkl,C:\Users\user\Downloads\gnn_bert_music_context\data\processed\features\blues\blues.00007.npy,qVgnzJuGDBE,"This music is instrumental. The tempo is slow with a smooth saxophone harmony, groovy bassline, syncopated piano and jazz style drumming. The music is soothing, atmospheric, soothing, lively,  romantic, compelling and informal.  This music is a Jazz instrumental.","['instrumental', 'slow tempo', 'saxophone harmony', 'saxophone lead', 'woodwind instrument', 'jazz paino', 'complex harmony', 'syncopated harmony', 'groovy bass line', 'jazz drumming', 'improvisation', 'polyrhythms', 'smooth', 'informal', 'atmospheric', 'ambient', 'deep', 'airy', 'creative', 'blues', 'syncopation', 'engaging', 'compelling', 'passionate']",train
rock,C:\Users\user\Downloads\gnn_bert_music_context\data\processed\graphs\rock\rock.00084.pkl,C:\Users\user\Downloads\gnn_bert_music_context\data\processed\features\rock\rock.00084.npy,0LE6Ll1rVlg,"The Rock song features a passionate male vocal, alongside harmonizing male vocals, singing over wide electric guitar melody, groovy bass guitar, punchy kick and snare hits and some shimmering cymbals. It sounds energetic and kind of addictive thanks to those harmonizing vocals - like something you would hear on a radio during the 00s.","['rock', 'passionate male vocal', 'harmonizing male vocals', 'wide electric guitar melody', 'groovy bass', 'punchy kick', 'punchy snare', 'shimmering cymbals', 'energetic', 'addictive']",train
disco,C:\Users\user\Downloads\gnn_bert_music_context\data\processed\graphs\disco\disco.00055.pkl,C:\Users\user\Downloads\gnn_bert_music_context\data\processed\features\disco\disco.00055.npy,Brc_nOquNbY,"A male vocalist sings this spirited rap. The tempo is fast with an animated piano accompaniment, groovy bass lines, intense drumming, cymbal rides and vocal backup. The song is youthful, vibrant, vivacious, animated, compelling ,enthusiastic and passionate . This song is contemporary Hip-Hop/Rap.","['male singer', 'fast tempo', 'rap', 'rapper', 'dance groove', 'club music', 'party music', 'funk', 'dance pop', 'dance rap', 'disco rap', 'hip-hop', 'hip-hop hits', 'energetic', 'enthusiastic', 'rhythmic patter', 'passionate emotional', 'animated piano harmony', 'vigorous drumming', 'cymbals', 'digital drumming', 'punchy bass lines', 'vocal backup', 'street vernacular', 'punk rap', 'funk rap', 'dance groove', 'youthful', 'compelling', 'persuasive']",train
reggae,C:\Users\user\Downloads\gnn_bert_music_context\data\processed\graphs\reggae\reggae.00019.pkl,C:\Users\user\Downloads\gnn_bert_music_context\data\processed\features\reggae\reggae.00019.npy,LKUYtvUHn0Y,The drums and the e-bass are creating a reggae groove together with the e-guitar that is playing on the offbeat and with a lot of ping pong delay that is jumping back and forth on both sides of the speakers. The male voice is singing and a shaker is playing panned to the right side of the speakers. This song may be playing at an alternative vegan restaurant with an outside terrace.,"['reggae', 'male voice singing', 'backing voice', 'e-guitar', 'delay', 'e-bass', 'acoustic drums and shaker', 'medium tempo']",train
rock,C:\Users\user\Downloads\gnn_bert_music_context\data\processed\graphs\rock\rock.00066.pkl,C:\Users\user\Downloads\gnn_bert_music_context\data\processed\features\rock\rock.00066.npy,9UOPRQhNzQ8,"The low quality features a rock song that consists of a muffled passionate male vocal singing over wide acoustic rhythm guitars chords, shimmering cymbals, punchy kick and groovy bass. It sounds addictive, passionate and groovy - like something you would hear in pubs and bars during the 50s.","['low quality', 'rock', 'muffled passionate male vocal', 'wide acoustic rhythm guitars', 'shimmering cymbals', 'punchy kick', 'groovy bass', 'passionate', 'addictive', 'groovy']",train
rock,C:\Users\user\Downloads\gnn_bert_music_context\data\processed\graphs\rock\rock.00059.pkl,C:\Users\user\Downloads\gnn_bert_music_context\data\processed\features\rock\rock.00059.npy,YNv7mzbUUHc,This is a gear comparison jam recorded with an electric guitar played with different chorus effect pedals. The electric guitar is playing simple tunes that sound dreamy with the added chorus effect. There is a psychedelic atmosphere. Certain parts of this recording can be sampled for use in beat-making or in advertisement jingles. These parts could also be played as an opening theme for rock music radio stations.,"['jam', 'no singer', 'instrumental', 'single instrument', 'electric guitar', 'guitar solo', 'effect pedal', 'chorus', 'dreamy', 'psychedelic', 'simple tunes']",train
reggae,C:\Users\user\Downloads\gnn_bert_music_context\data\processed\graphs\reggae\reggae.00088.pkl,C:\Users\user\Downloads\gnn_bert_music_context\data\processed\features\reggae\reggae.00088.npy,ChyayWIp_vU,A male voice is singing along to a fast paced reggae instrumental. The drums are playing a reggae-groove along with a harmonica on the offbeat. Two e-guitars are playing a single note melody. Both are following the bassline adding harmonies. A saxophone is adding a little melody after every end of a phrase. The male voice is singing in the mid-range and sounds doubled. Some of the instruments are panned to the left and right side of the speakers. This song may be playing at a local bar.,"['reggae', 'saxophone', 'acoustic guitar', 'e-guitar', 'e-bass', 'acoustic drums', 'harmonica', 'male voice singing', 'positive energy', 'uptempo']",train
country,C:\Users\user\Downloads\gnn_bert_music_context\data\processed\graphs\country\country.00034.pkl,C:\Users\user\Downloads\gnn_bert_music_context\data\processed\features\country\country.00034.npy,vgpV6F9tge8,Someone is playing an acoustic guitar along with someone playing a solo melody on top with another plucked string instrument. They are accompanied by someone playing a djembe or another percussive instrument. This song may be playing sitting around a bonfire.,"['rock/country', 'acoustic guitar', 'guitar-like instrument', 'djembe', 'medium to uptempo', 'amateur recording']",train
country,C:\Users\user\Downloads\gnn_bert_music_context\data\processed\graphs\country\country.00039.pkl,C:\Users\user\Downloads\gnn_bert_music_context\data\processed\features\country\country.00039.npy,GFGwPa9d9XQ,"This is a country folk song with a generally positive, cheerful and joyful vibe to it. The singer is a man with an elderly voice that has a quality that sounds like a gurgle. His style of singing and the content of lyrics and melody are similar to hearing a story being told. There aren't really any rhyming lyrics - it's more like he is telling a story in song form. There are licks being played on an electric guitar, as well as certain motifs on the violin  in between particular phrases by the singer.","['country folk music', 'electric guitar licks', 'violin lick', 'elderly raspy male country vocal', 'intricate bassline', 'country', 'southern', 'vibrant piano playing', 'cheerful', 'storytelling style singing', 'joyful']",train
classical,C:\Users\user\Downloads\gnn_bert_music_context\data\processed\graphs\classical\classical.00098.pkl,C:\Users\user\Downloads\gnn_bert_music_context\data\processed\features\classical\classical.00098.npy,TWm_2QncYXg,"The song is an instrumental. The song is medium tempo with a percussive tabla rhythm, groovy bass line and a guitar strumming rhythm and playing lead. The song is Indian classical fusion with a poor audio quality.","['indian classical music', 'hindustani music', 'improvisational', 'energetic', 'exciting', 'passionate', 'spirited', 'live audience', 'ambient noises', 'dance rhythm', 'guitar lead', 'poor audio quality', 'poor audio quality', 'tabla percussions', 'groovy rhythm', 'guitar strumming', 'instrumental music', 'percussive bass line', 'fusion music']",train
classical,C:\Users\user\Downloads\gnn_bert_music_context\data\processed\graphs\classical\classical.00080.pkl,C:\Users\user\Downloads\gnn_bert_music_context\data\processed\features\classical\classical.00080.npy,hYy0na5oUzE,"This is a latin pop music piece with a salsa beat. There is a male vocalist singing melodically in the lead. The melody is being played by an orchestra composed of the trumpet, the piano and the bass guitar. The rhythmic background is provided by a mild acoustic drum beat with heavy use of latin percussive elements. The piece has a sensual atmosphere. This music could go well in a Latin American soap opera soundtrack where there is a hopeless situation for one of the characters.","['latin pop music', 'salsa', 'male vocal', 'melodic singing', 'trumpet', 'acoustic drums', 'piano', 'bass guitar', 'latin percussion', 'sensual', 'slow tempo']",train
pop,C:\Users\user\Downloads\gnn_bert_music_context\data\processed\graphs\pop\pop.00022.pkl,C:\Users\user\Downloads\gnn_bert_music_context\data\processed\features\pop\pop.00022.npy,ODOrls3MuZI,This pop song features a male and female voice singing the main melody. There are backing voices singing fills in between lines. Children sing in the background. This is accompanied by percussion playing a simple beat. The bass plays the root notes of the chords. A synth plays a pedal chord in staccato. This song can be played at the end credits of a holiday movie.,"['pop song', 'holiday theme', 'duet', 'male voice', ""children's voices"", 'christmas song', 'percussion', 'bass', 'synth', 'happy mood', 'moderate tempo', 'backing voices']",train
metal,C:\Users\user\Downloads\gnn_bert_music_context\data\processed\graphs\metal\metal.00007.pkl,C:\Users\user\Downloads\gnn_bert_music_context\data\processed\features\metal\metal.00007.npy,TnCXmm-v3Ys,The excerpt features bells in different pitches being played/hit by what sounds to be a metallic object. The melody sounded by these bells is simple. There are no other instruments. This sounds like an amateur recording of an uncommon music instrument.,"['percussive music bells', 'simple melody', 'music instrument']",train
metal,C:\Users\user\Downloads\gnn_bert_music_context\data\processed\graphs\metal\metal.00092.pkl,C:\Users\user\Downloads\gnn_bert_music_context\data\processed\features\metal\metal.00092.npy,BBmXMoI9Qus,"The Ambient music features soft metallic percussive elements and wide synth pad chords. It sounds calming, relaxing, mellow and soft - like something you would listen to while meditating.","['ambient', 'relaxing', 'calming', 'soft metallic percussive elements', 'wide synth pad chords', 'mellow', 'soft']",train
pop,C:\Users\user\Downloads\gnn_bert_music_context\data\processed\graphs\pop\pop.00060.pkl,C:\Users\user\Downloads\gnn_bert_music_context\data\processed\features\pop\pop.00060.npy,7YtKrL6ScXA,This song contains an e-piano playing a major and minor chord melody along with a minimalistic digital drum groove that has a delay on it. A female voice is singing with a little reverb on her voice. The song sounds minimalistic. There is a lot of room for the voice to sing and for the other instruments. A shaker sound is spun to the right side of the speaker. This song may be playing with headphones running through the park.,"['pop', 'digital drums', 'e-piano', 'shaker', 'female voice singing', 'higher key', 'medium to uptempo']",train
country,C:\Users\user\Downloads\gnn_bert_music_context\data\processed\graphs\country\country.00085.pkl,C:\Users\user\Downloads\gnn_bert_music_context\data\processed\features\country\country.00085.npy,B7iRvj8y9aU,"This is a country music piece. A steel guitar is playing the main melody. There is a bass guitar in the background playing a mellow bass line. A slow tempo, mild-volume acoustic drum track is in the rhythmic background. The general atmosphere is relaxing. This piece could be used in the soundtrack of movies that take place in rural USA. It could also be played in western-themed bars.","['country music', 'rock', 'steel guitar', 'acoustic drums', 'bass guitar', 'calm', 'cozy', 'trippy', 'psychedelic', 'slow tempo']",train
disco,C:\Users\user\Downloads\gnn_bert_music_context\data\processed\graphs\disco\disco.00088.pkl,C:\Users\user\Downloads\gnn_bert_music_context\data\processed\features\disco\disco.00088.npy,TPYNIc_M1ng,"The clip is an upbeat, groovy funk song with jazzy elements. The retro vintage electric piano chords add an old school jazzy feel to the song. The bassline is intricate and bouncy and enables easy dancing.","['funk', 'jazzy funk', 'groovy bassline', 'upbeat', 'dance', 'fun', 'vibrant brass melody', 'palm muted electric guitar', 'rhythmic groovy drumline', 'disco funk', 'retro electric piano']",train
rock,C:\Users\user\Downloads\gnn_bert_music_context\data\processed\graphs\rock\rock.00022.pkl,C:\Users\user\Downloads\gnn_bert_music_context\data\processed\features\rock\rock.00022.npy,7p_Mnxl4Vq8,"This is an instrumental occult rock piece. There is an electric guitar playing a simple melody with a minimal bass guitar backing. The atmosphere of this piece is sinister and unsettling, it gives the impression of a Satanic ritual about to commence. The tempo is slow. This music piece could be included in the soundtrack of a ritualistic horror movie/TV series or a video game of the similar genres.","['occult rock', 'instrumental', 'electric guitar', 'bass guitar', 'sinister', 'ominous', 'unsettling', 'unnerving', 'slow tempo']",train
jazz,C:\Users\user\Downloads\gnn_bert_music_context\data\processed\graphs\jazz\jazz.00044.pkl,C:\Users\user\Downloads\gnn_bert_music_context\data\processed\features\jazz\jazz.00044.npy,pYXx0xXZiXk,"This music is a jazz instrumental.The tempo is fast with an animated electric guitar harmony, funky drumming, groovy bass line and keyboard accompaniment. The music is complex, engaging,emphatic, groovy and syncopated with a hissing sound in the background.","['instrumental', 'fast tempo', 'jazz music', 'punchy bass lines', 'funky electric guitar', 'keyboard accompaniment', 'hissing sound', 'groovy drum rhythm', 'swing and blue', 'improvisations', 'complex chords', 'polyrhymic', 'syncopated  music', 'shape shifting music', 'complex harmony', 'emphatic', 'engaging', 'compelling']",train
classical,C:\Users\user\Downloads\gnn_bert_music_context\data\processed\graphs\classical\classical.00056.pkl,C:\Users\user\Downloads\gnn_bert_music_context\data\processed\features\classical\classical.00056.npy,0OhtODbKajw,This audio contains people playing a melody in the higher register using violins and a viola. Some are playing the melody upwards while others are playing downwards. A cello or upright bass is providing a melody line in the lower register. This song may be playing during a classical concert.,"['classical', 'violins', 'viola', 'uprightbass/cello', 'uptempo']",train
jazz,C:\Users\user\Downloads\gnn_bert_music_context\data\processed\graphs\jazz\jazz.00094.pkl,C:\Users\user\Downloads\gnn_bert_music_context\data\processed\features\jazz\jazz.00094.npy,NlCfScKw_Mk,Someone is playing a track from speakers. This song contains a strong e-bass playing a funky bassline along with a funky drum groove. Then a piano comes in playing a jazzy melody in one scale accompanied by a synth brass sound swelling into existence and playing a short rise before leaving again. This is an amateur recording but of decent audio-quality. This song may be playing in a jazzbar.,"['funk/jazz', 'e-bass', 'acoustic drum', 'piano', 'keyboard brass sound', 'uptempo', 'amateur recording']",train
metal,C:\Users\user\Downloads\gnn_bert_music_context\data\processed\graphs\metal\metal.00043.pkl,C:\Users\user\Downloads\gnn_bert_music_context\data\processed\features\metal\metal.00043.npy,hWiAoE4u4y8,This is an alternative metal music piece. There is a male vocal singing loudly initially with a cleaner character and then with a heavy vocal fry. The distorted electric guitar is playing a heavy riff with the bass guitar in the background. The rhythmic background consists of an aggressive acoustic drum metal beat. The atmosphere is rebellious and violent. This piece can be used in the soundtrack of an action video game or a thriller movie during scenes of a face-off or a combat.,"['alternative metal', 'male vocal', 'loud singing', 'vocal fry', 'distorted electric guitar', 'bass guitar', 'acoustic drums', 'rebellious', 'energetic', 'aggressive', 'violent']",train
classical,C:\Users\user\Downloads\gnn_bert_music_context\data\processed\graphs\classical\classical.00026.pkl,C:\Users\user\Downloads\gnn_bert_music_context\data\processed\features\classical\classical.00026.npy,fE7tbn6Fnw4,The low quality recording features a classical song that consists of a harpsichord melody played over strings and brass melody. It sounds emotional and passionate.,"['low quality', 'classical', 'strings melody', 'harpsichord melody', 'brass melody', 'passionate', 'emotional']",train
jazz,C:\Users\user\Downloads\gnn_bert_music_context\data\processed\graphs\jazz\jazz.00097.pkl,C:\Users\user\Downloads\gnn_bert_music_context\data\processed\features\jazz\jazz.00097.npy,UR3k09hOxI4,The song is an instrumental. The song is in medium tempo with various Latin percussions playing syncopated rhythms and an organ playing accompaniment. The song is a Latin Jazz tune with a definite dance rhythm. The audio quality is mediocre.,"['latin dance rhythm', 'latin percussions', 'mediocre audio quality', 'latin dancers', 'emotional', 'passionate', 'energetic', 'organ accompaniment', 'instrumental music', 'latin percussion instruments', 'syncopated rhythms', 'groovy dance music', 'groovy bass line', 'latin jazz music', 'medium tempo']",train
country,C:\Users\user\Downloads\gnn_bert_music_context\data\processed\graphs\country\country.00076.pkl,C:\Users\user\Downloads\gnn_bert_music_context\data\processed\features\country\country.00076.npy,cTzJlLzN-xU,"A male vocalist sings this famous Beatle’s song in Country style. The tempo is medium with an auto harp accompaniment, groovy bass line, keyboard harmony, female vocal backup and sound of clapping and cheering indicating that this is a live performance . The song is cheerful, melodious, engaging, energetic,youthful and upbeat.","['male vocalist', 'fast tempo', 'groovy bass lines', 'beatle’s song country style', 'auto harp', 'female vocal backup', 'clapping', 'keyboard accompaniment', 'lively', 'spirited', 'live performance', 'cheerful', 'country music', 'folk musc', 'regional music', 'popular songs', 'cheerful', 'peppy', 'spirited', 'melodious']",train
jazz,C:\Users\user\Downloads\gnn_bert_music_context\data\processed\graphs\jazz\jazz.00036.pkl,C:\Users\user\Downloads\gnn_bert_music_context\data\processed\features\jazz\jazz.00036.npy,CwHSb1NOi4c,The marimba takes the lead melody along with an acoustic piano providing some underlining jazzy chords with a lot of changes. The upright bass sounds round and quiet. The acoustic elements are providing latin grooves. The instruments are all slightly panned to the left and right side of the speakers. This song may be playing in an elevator.,"['latin/bossanova', 'marimba', 'upright bass', 'shaker', 'percussion', 'acoustic piano', 'uplifting energy', 'moderate tempo']",train
disco,C:\Users\user\Downloads\gnn_bert_music_context\data\processed\graphs\disco\disco.00080.pkl,C:\Users\user\Downloads\gnn_bert_music_context\data\processed\features\disco\disco.00080.npy,5n8I-br2n1U,a female voice is singing to a digital drum set along with a bass and old disco synthesizer sounds. The singer gets backed by a male singer and the crowd is singing along. There is clapping from the crowd. This song may be playing live at a concert.,"['2000s pop', 'female singer', 'background cheering', 'synthesizer', 'drums', 'e-bass', 'male backing voice', 'uptempo']",train
reggae,C:\Users\user\Downloads\gnn_bert_music_context\data\processed\graphs\reggae\reggae.00053.pkl,C:\Users\user\Downloads\gnn_bert_music_context\data\processed\features\reggae\reggae.00053.npy,MdYXznF3Eac,To male voices are singing a melody. Someone is playing acoustic drums together with a djembe. A ukulele is being strummed on the offbeat along with a piano playing the same chords. This is an amateur recording. This song may be playing live at a small festival.,"['reggae', 'piano', 'djembe', 'acoustic drums', 'male voices singing', 'ukulele', 'medium to uptempo', 'amateur recording']",train
pop,C:\Users\user\Downloads\gnn_bert_music_context\data\processed\graphs\pop\pop.00027.pkl,C:\Users\user\Downloads\gnn_bert_music_context\data\processed\features\pop\pop.00027.npy,6PWiDlWmPs0,"A male vocalist sings this romantic song. The tempo is medium fast with keyboard harmony, infectious drumming, steady bass lines and electronic guitar. The song is simple, mellow, tender, sentimental, emotional and mellow. This is a Romantic Soft Rock.","['male vocalist', 'medium fast tempo', 'infectious drumming', 'sentimental', 'mellow', 'tender', 'love song', 'first love', 'pop', 'ost', 'you’ve got mail', 'ending song', 'keyboard harmony', 'steady bass lines', 'violin harmony soft', 'mellow', 'romantic', 'soft rock', 'electric guitar']",train
blues,C:\Users\user\Downloads\gnn_bert_music_context\data\processed\graphs\blues\blues.00018.pkl,C:\Users\user\Downloads\gnn_bert_music_context\data\processed\features\blues\blues.00018.npy,hzznbzry5R8,"The song is an instrumental. The song is medium tempo, with an acoustic guitar playing blues, strong drumming rhythm, walking bass line and keyboard harmony. The song is exciting and has a dance rhythm. The audio quality is poor.","['acoustic guitar lead', 'country blues music', 'poor audio quality', 'instrumental music', 'blues legends', 'blues legends', 'live performance', 'live audience', 'live in concert', 'country blues band', 'retro blues hits', 'bad audio quality', 'strong walking bass', 'blues guitar', 'steady rock drumming', 'exciting', 'enthusiastic', 'retro blues', 'country blues hits', 'emotional', 'enthusiastic', 'groovy music', 'blues dance music']",train
metal,C:\Users\user\Downloads\gnn_bert_music_context\data\processed\graphs\metal\metal.00079.pkl,C:\Users\user\Downloads\gnn_bert_music_context\data\processed\features\metal\metal.00079.npy,OcdrbkDm2LQ,"The Soul Instrumental features an addictive marimba melody, shimmering shakers, punchy kick hits, syncopated snare and tinny metallic percussive elements. It sounds narrow because it is recorded with one mono room microphone and therefore it is a low quality recording.","['soul', 'low quality', 'instrumental', 'marimba melody', 'shimmering shakers', 'tinny metallic percussive elements', 'punchy kick', 'syncopate snare hits', 'low quality', 'mono', 'room microphone']",train
jazz,C:\Users\user\Downloads\gnn_bert_music_context\data\processed\graphs\jazz\jazz.00098.pkl,C:\Users\user\Downloads\gnn_bert_music_context\data\processed\features\jazz\jazz.00098.npy,sEIn8YYD9jw,"This song features a harmonica playing the main melody. This is accompanied by percussion playing a simple beat with the focus on the snare. The bass plays the root note of the chord. Due to the low quality of the audio, the other instruments cannot be heard. T.","['jazz song', 'pop', 'harmonica', 'jazz percussion', 'no voices', 'instrumental', 'amateur recording', 'bass', 'slow tempo']",train
metal,C:\Users\user\Downloads\gnn_bert_music_context\data\processed\graphs\metal\metal.00032.pkl,C:\Users\user\Downloads\gnn_bert_music_context\data\processed\features\metal\metal.00032.npy,7chwYGGSkmE,"The low quality recording features an arpeggiated acoustic guitar melody over which a reverberant passionate female vocal is singing. At the very end of the loop there is a metallic bells melody. The recording is noisy and in mono, but it sounds traditional, calming, relaxing and spiritual.","['low quality', 'noisy', 'arpeggiated acoustic guitar melody', 'mono', 'reverberant passionate female vocal', 'reverberant metallic bells melody', 'traditional', 'spiritual', 'calming', 'relaxing']",train
country,C:\Users\user\Downloads\gnn_bert_music_context\data\processed\graphs\country\country.00033.pkl,C:\Users\user\Downloads\gnn_bert_music_context\data\processed\features\country\country.00033.npy,vgpV6F9tge8,Someone is playing an acoustic guitar along with someone playing a solo melody on top with another plucked string instrument. They are accompanied by someone playing a djembe or another percussive instrument. This song may be playing sitting around a bonfire.,"['rock/country', 'acoustic guitar', 'guitar-like instrument', 'djembe', 'medium to uptempo', 'amateur recording']",train
hiphop,C:\Users\user\Downloads\gnn_bert_music_context\data\processed\graphs\hiphop\hiphop.00066.pkl,C:\Users\user\Downloads\gnn_bert_music_context\data\processed\features\hiphop\hiphop.00066.npy,1yWGmdevTuM,This tribal music is played on a didgeridoo. It is played by vibrating the lips over the instrument using breathing techniques. The song has a continuous droning sound and inter spread with low pitch bass sounds. There are no voices in this song. This audio can be used in a movie where the protagonist is trapped in a forest.,"['tribal music', 'didgeridoo', 'wind instrument', 'droning sound', 'deep bass sound', 'played with vibrating lips', 'low pitch instrument']",train
pop,C:\Users\user\Downloads\gnn_bert_music_context\data\processed\graphs\pop\pop.00046.pkl,C:\Users\user\Downloads\gnn_bert_music_context\data\processed\features\pop\pop.00046.npy,XILyHZyyCik,"The low quality recording features a live performance of a pop song that consists of flat male vocal talking, passionate female vocal, alongside harmonizing wide female vocals, singing over punchy kick and snare hits, shimmering hi hats and groovy bass. There are crowd singing and cheering sounds in the background. It sounds groovy, emotional, energetic and passionate.","['pop', 'low quality', 'live performance', 'flat male vocal', 'passionate female vocal', 'wide harmonizing vocals', 'punchy kick', 'punchy snare', 'shimmering hi hats', 'groovy bass', 'crowd cheering', 'crowd singing', 'energetic', 'groovy', 'emotional', 'passionate']",train
reggae,C:\Users\user\Downloads\gnn_bert_music_context\data\processed\graphs\reggae\reggae.00082.pkl,C:\Users\user\Downloads\gnn_bert_music_context\data\processed\features\reggae\reggae.00082.npy,wXWpkfGfZD8,This is an electronic DJ set in the style of Jamaican reggae music. There is a DJ performing over a track that has a groovy beat being played by the electric guitar and the electronic drums. There is a tropical atmosphere. Samples could be lifted from this recording to be used in the beat-making.,"['electronic', 'reggae', 'dub', 'dj', 'turntable', 'electric guitar', 'electronic drums', 'tropical', 'danceable', 'upbeat']",train
country,C:\Users\user\Downloads\gnn_bert_music_context\data\processed\graphs\country\country.00077.pkl,C:\Users\user\Downloads\gnn_bert_music_context\data\processed\features\country\country.00077.npy,eOmQbJljnqE,"The low quality song features a country song that consists of an acoustic rhythm guitar chord progression over which a mellow male vocal is singing. The recording got noisy at the end of the loop, which sounded like a microphone was turned on. It sounds vintage, warm, happy and fun.","['low quality', 'noisy', 'acoustic rhythm guitar', 'mellow male vocal', 'happy', 'fun', 'country']",train
blues,C:\Users\user\Downloads\gnn_bert_music_context\data\processed\graphs\blues\blues.00005.pkl,C:\Users\user\Downloads\gnn_bert_music_context\data\processed\features\blues\blues.00005.npy,g_bgmnJ1b_g,"The low quality recording features an acoustic guitar blues melody. The recording is very noisy, roomy and you can hear cars passing by in the background.","['low quality', 'blues', 'acoustic guitar melody', 'noisy', 'roomy', 'cars passing']",train
classical,C:\Users\user\Downloads\gnn_bert_music_context\data\processed\graphs\classical\classical.00091.pkl,C:\Users\user\Downloads\gnn_bert_music_context\data\processed\features\classical\classical.00091.npy,MQrOnSzVlJg,A female singer sings this beautiful melody. The song is medium tempo with no instrumentation but just the vocal echoes from the singer's vocals. The song is devotional and prayer-like in nature. The song is a Christmas hymn being sung by a Celtic singer. The audio quality is very muted and poor.,"['female singer', 'poor audio quality', 'carols', 'advent', 'muted vocals', 'inspiring', 'choir', 'choral music', 'christmas carols', 'adoration', 'medium tempo', 'vocal vibrato', 'orchestra', 'church music', 'celtic music', 'celtic christmas', 'no instrumentation', 'no percussion instruments', 'vocal echoes', 'winter wonderland', 'prayer', 'meditational', 'devotional']",train
rock,C:\Users\user\Downloads\gnn_bert_music_context\data\processed\graphs\rock\rock.00043.pkl,C:\Users\user\Downloads\gnn_bert_music_context\data\processed\features\rock\rock.00043.npy,4Y5VcH7iK3Q,Instrumental surf rock with a lead electric guitar playing the melody and a rhythm electric guitar strumming chords. Ride cymbals are loud in the mix and spring reverb is used as an effect. The electric bass is playing a walking pattern.,"['instrumental', 'surf rock', 'ride cymbal', 'spring reverb', 'rhythm electric guitar strumming', 'lead electric guitar melody', 'walking bassline']",train
metal,C:\Users\user\Downloads\gnn_bert_music_context\data\processed\graphs\metal\metal.00039.pkl,C:\Users\user\Downloads\gnn_bert_music_context\data\processed\features\metal\metal.00039.npy,dO3VsX4rKNc,"This heavy metal song features distortion guitars. One guitar plays power chords. Another guitar is playing a repetitive riff using palm muted arpeggiated notes. The keyboard plays chords in the background. The bass plays the root notes of the chords. The percussion plays a simple beat in common time. It starts off playing the kick and crash followed by three beats on the kick and ride. After four bars, a rock drum roll is played. This song can be played in a superhero movie.","['heavy metal', 'no voices', 'distortion guitars', 'palm muted arpeggios', 'powerful percussion', 'keyboards']",train
country,C:\Users\user\Downloads\gnn_bert_music_context\data\processed\graphs\country\country.00082.pkl,C:\Users\user\Downloads\gnn_bert_music_context\data\processed\features\country\country.00082.npy,WhX3jQxHZWc,This song is recorded in poor quality. Two acoustic guitars are playing. One of them is strumming chords while the other is playing a country solo up and down the fretboard. A cajon player is supported with mostly kick sounds. This song may be played at an Irish bar.,"['country/folkrock', 'acoustic guitars', 'cajon', 'male voice cheering', 'uptempo', 'cheerful', 'poor recording quality']",train
classical,C:\Users\user\Downloads\gnn_bert_music_context\data\processed\graphs\classical\classical.00035.pkl,C:\Users\user\Downloads\gnn_bert_music_context\data\processed\features\classical\classical.00035.npy,-o0ZtQIkM60,This is a video game theme. There is a cinematic string sound playing the melody while the wind sound effect implies there is a snowstorm. A male choir starts singing alongside orchestral percussive elements. There is an epic atmosphere. This piece could fit well in the soundtrack of a thriller video game where there is a face-off about to happen.,"['video game theme', 'cinematic strings', 'wind sound effect', 'male choir', 'percussion', 'epic', 'dramatic', 'tension']",train
reggae,C:\Users\user\Downloads\gnn_bert_music_context\data\processed\graphs\reggae\reggae.00067.pkl,C:\Users\user\Downloads\gnn_bert_music_context\data\processed\features\reggae\reggae.00067.npy,icomsHXY8YA,"The low quality recording features a reggae song sung by emotional male vocalists, followed by percussive elements, groovy bass, offbeat electric guitar and organ chords. There are some crowd noises in the background. The audio is crackling, making it low quality, but regardless it sounds easygoing.","['low quality', 'reggae', 'crowd noises', 'distorted', 'emotional male vocal', 'percussive elements', 'groovy bass', 'audio crackles', 'offbeat electric guitar chords', 'offbeat organ chords', 'easygoing']",train
classical,C:\Users\user\Downloads\gnn_bert_music_context\data\processed\graphs\classical\classical.00031.pkl,C:\Users\user\Downloads\gnn_bert_music_context\data\processed\features\classical\classical.00031.npy,p0oRrGDrQQw,"French horn solo with orchestral accompaniment, woodwinds, glockenspiel and cymbals. The genre is jazz and classical.","['french horn solo', 'glockenspiel', 'orchestral', 'woodwinds', 'jazz', 'classical', 'cymbal']",train
pop,C:\Users\user\Downloads\gnn_bert_music_context\data\processed\graphs\pop\pop.00067.pkl,C:\Users\user\Downloads\gnn_bert_music_context\data\processed\features\pop\pop.00067.npy,mB2FAS0DNkk,"The low quality recording features a live performance of a pop song that contains flat male vocals talking on a microphone over a song played on playback and some crowd cheering noises. The song consists of a ""4 on the floor"" kick pattern, energetic cymbals, groovy synth bass, claps and synth lead melody. It sounds happy, joyful and exciting.","['low quality', 'live performance', 'pop', 'crowd cheering', 'flat male vocal', 'clapping', 'synth lead melody', '""4 on the floor"" kick pattern', 'energetic cymbals', 'groovy synth bass', 'happy', 'joyful', 'exciting']",train
blues,C:\Users\user\Downloads\gnn_bert_music_context\data\processed\graphs\blues\blues.00067.pkl,C:\Users\user\Downloads\gnn_bert_music_context\data\processed\features\blues\blues.00067.npy,4ueN2gGsH5Y,This instrumental song features an acoustic guitar being played. The strings are raked followed by a bend to a higher note. This is followed by a descending run using three notes. This song has a blues feel. There are no other instruments in this song. There are no voices in this song. This song can be played in a Wild West movie.,"['acoustic guitar music', 'raking guitar strings', 'slow tempo', 'string bending', 'blues feel', 'no percussion', 'no other instruments', 'no voice', 'instrumental']",train
jazz,C:\Users\user\Downloads\gnn_bert_music_context\data\processed\graphs\jazz\jazz.00039.pkl,C:\Users\user\Downloads\gnn_bert_music_context\data\processed\features\jazz\jazz.00039.npy,Zy4uiiy0qgA,This pop song features a male voice singing the main melody. This is accompanied by percussion playing a simple beat in common time. A choir sings vocables in the background. A piano plays fills in between lines using jazz sequences. A bass plays the root notes of the chords. Strings and flutes can be heard playing along with the voice on the second bar in an ascending run. This song has an upbeat mood. The theme of this song is about friendship. This song can be played in a drama movie about friends.,"['pop song', 'jazzy song', 'male voice', 'piano', 'bass', 'simple percussion', 'moderate tempo', 'happy song', 'choir backing', 'keyboard music']",train
pop,C:\Users\user\Downloads\gnn_bert_music_context\data\processed\graphs\pop\pop.00002.pkl,C:\Users\user\Downloads\gnn_bert_music_context\data\processed\features\pop\pop.00002.npy,YxkYVsE0UdQ,"This audio contains various e-guitars playing different parts and melodies of a song. One is playing as bass, another one is fingerpicking chords while another one is playing a distorted arpeggio melody on top. This song may be played live by a busker with a loop padel.","['amateur recording', 'e-guitars', 'dreamy', 'pop', 'medium tempo']",train
reggae,C:\Users\user\Downloads\gnn_bert_music_context\data\processed\graphs\reggae\reggae.00062.pkl,C:\Users\user\Downloads\gnn_bert_music_context\data\processed\features\reggae\reggae.00062.npy,msnm_tYXcYw,This audio contains someone playing a melody on steeldrums along to a backing track containing an e-bass playing a melody along with an e-guitar. A kick is being played on every beat. This song may be played on the streets by a busker.,"['amateur recording', 'reggae', 'backing track', 'e-bass', 'acoustic drums', 'steel drums', 'e-guitar', 'medium to uptempo']",train
metal,C:\Users\user\Downloads\gnn_bert_music_context\data\processed\graphs\metal\metal.00081.pkl,C:\Users\user\Downloads\gnn_bert_music_context\data\processed\features\metal\metal.00081.npy,xLQF7S41XLE,These are sounds from a movie. There is a metal object falling to pieces on the ground. There is a cinematic string sequence that gives a dramatic atmosphere to the track. There is also a feeling of suspense. This could be playing in the soundtrack of an action-filled movie.,"['sound effects', 'little pieces of metal', 'cinematic strings', 'dramatic', 'suspense', 'movie music']",train
pop,C:\Users\user\Downloads\gnn_bert_music_context\data\processed\graphs\pop\pop.00053.pkl,C:\Users\user\Downloads\gnn_bert_music_context\data\processed\features\pop\pop.00053.npy,BhJa0kTUdGY,Two acoustic guitars being strummed can be heard while a male voice is singing in the mid range. Someone is strumming chords in a higher key alone. In the background you can hear acoustic drums and the crowd is cheering. This song may be playing live in a pub.,"['pop/singer-songwriter', 'amateur recording', 'acoustic guitars', 'mandolin', 'male voice singing', 'acoustic drums', 'crowd cheering', 'uptempo', 'uplifting energy']",train
disco,C:\Users\user\Downloads\gnn_bert_music_context\data\processed\graphs\disco\disco.00067.pkl,C:\Users\user\Downloads\gnn_bert_music_context\data\processed\features\disco\disco.00067.npy,l6LUPlmua6I,This is a funk/disco music piece. There is a male vocalist singing melodically in the lead. The melody is being played by the keyboard with the backing of the electric guitar and the bass guitar. The rhythm is being played by the acoustic drums. The atmosphere is groovy. This piece could be played at a retro-themed party at a dance club.,"['funk', 'disco', 'male vocal', 'melodic singing', 'keyboard', 'electric guitar', 'bass guitar', 'acoustic drums', 'groovy', 'easygoing', 'danceable']",train
disco,C:\Users\user\Downloads\gnn_bert_music_context\data\processed\graphs\disco\disco.00049.pkl,C:\Users\user\Downloads\gnn_bert_music_context\data\processed\features\disco\disco.00049.npy,D3ht_xXl5S0,"The low quality recording features a disco song that consists a fruity male vocal singing over groovy bass, punchy ""4 on the floor"" kick pattern, wide funky electric guitar chords, shimmering open hats, muffled punchy snare, shimmering bells melody, groovy bass, high pitched sustained strings melody and low toms. There is a short snippet of harmonizing vocals at the end of the loop. It sounds energetic and addictive.","['low quality', 'disco', 'fruity male vocal', 'harmonizing background vocals', 'wide funky electric guitar chords', 'punchy ""4 on the floor"" kick pattern', 'shimmering open hat', 'muffled punchy snare', 'shimmering bells melody', 'groovy bass', 'high pitched sustained string melody', 'low toms', 'energetic', 'addictive']",train
jazz,C:\Users\user\Downloads\gnn_bert_music_context\data\processed\graphs\jazz\jazz.00014.pkl,C:\Users\user\Downloads\gnn_bert_music_context\data\processed\features\jazz\jazz.00014.npy,iBh37YAaHMU,This audio contains a complex and funky acoustic drum groove along with a repeating bassline. The clean e-guitar is playing along with the bass in the lower register. A tambourine adds flavor to the drums. This song may be playing at a breakdance battle.,"['funk/jazz', 'tambourine', 'acoustic drums', 'e-bass', 'e-guitar', 'uptempo', 'uplifting energy']",train
classical,C:\Users\user\Downloads\gnn_bert_music_context\data\processed\graphs\classical\classical.00020.pkl,C:\Users\user\Downloads\gnn_bert_music_context\data\processed\features\classical\classical.00020.npy,yfXvz2FyZ_U,The song is of a classical style and features an intricate piano phrase alongside some passionate violin playing. The song has a certain intensity and build-up to it.,"['classical style music', 'violin playing', 'piano playing', 'intricate piano motif', 'passionate violin playing', 'passionate song', 'intense', 'energy build-up', 'bravado']",train
blues,C:\Users\user\Downloads\gnn_bert_music_context\data\processed\graphs\blues\blues.00039.pkl,C:\Users\user\Downloads\gnn_bert_music_context\data\processed\features\blues\blues.00039.npy,drJaSu3AWhQ,"The low quality recording features a funky blues acoustic guitar melody. The recording is in mono, a bit noisy, reverberant - as it was probably recorded with a phone and it sounds passionate. There are also some strings creaking sounds, while the player is playing the instrument.","['low quality', 'mono', 'reverberant', 'funky blues acoustic guitar melody', 'passionate', 'strings creaking sound', 'noisy']",train
rock,C:\Users\user\Downloads\gnn_bert_music_context\data\processed\graphs\rock\rock.00090.pkl,C:\Users\user\Downloads\gnn_bert_music_context\data\processed\features\rock\rock.00090.npy,JNwt0afB1fQ,"The Rock song features a flat male vocal singing over arpeggiated electric guitar melody located in the right channel of the stereo image, groovy bass guitar, punchy kick and snare hits and shimmering hi hats. The stereo image is unbalanced because of the electric guitar, which makes it lean towards the right channel. It sounds energetic, groovy, happy and fun.","['rock', 'groovy bass guitar', 'punchy snare', 'flat male vocal', 'shimmering hi hats', 'punchy kick', 'arpeggiated electric guitar melody', 'energetic', 'groovy', 'unbalanced stereo', 'happy', 'fun']",train
pop,C:\Users\user\Downloads\gnn_bert_music_context\data\processed\graphs\pop\pop.00013.pkl,C:\Users\user\Downloads\gnn_bert_music_context\data\processed\features\pop\pop.00013.npy,qutPvh6TFd8,"This song features two harps playing a melody. In the beginning, both harps play the harp complimenting each other. After one bar, one of the harps plays the higher repetitive phrase and the other harp plays the lower register notes. This song has a happy mood. There are no other instruments in this song. There are no voices in this song. This song can be played in an inspirational video.","['harp song', 'no voices', 'no other instruments', 'instrumental', 'pop melody', 'happy song', 'moderate tempo', 'inspirational music']",train
classical,C:\Users\user\Downloads\gnn_bert_music_context\data\processed\graphs\classical\classical.00057.pkl,C:\Users\user\Downloads\gnn_bert_music_context\data\processed\features\classical\classical.00057.npy,mhru3GXbkHY,"The low quality recording features an orchestral music that consists of a wide string melody, followed by mellow brass, wide brass melody and shimmering cymbals. It sounds suspenseful and intense - like something that you would hear in the background of a movie scene.","['low quality', 'orchestral', 'wide strings melody', 'mellow brass', 'wide brass melody', 'shimmering cymbals', 'suspenseful', 'intense', 'background music']",train
pop,C:\Users\user\Downloads\gnn_bert_music_context\data\processed\graphs\pop\pop.00059.pkl,C:\Users\user\Downloads\gnn_bert_music_context\data\processed\features\pop\pop.00059.npy,lePP2BaZhJU,This pop rock song features a guitar riff being played. This guitar has a chorus effect added to the sound. Another guitar plays one chord in a three stroke grouping. The bass plays only one note throughout the song. This is accompanied by percussion playing a simple beat in common time. There are no voices in this song. This is an instrumental song. This song can be played in a movie with sports as the focus.,"['pop rock', 'guitar', 'percussion', 'no voices', 'instrumental', 'moderate tempo', 'upbeat song']",train
jazz,C:\Users\user\Downloads\gnn_bert_music_context\data\processed\graphs\jazz\jazz.00003.pkl,C:\Users\user\Downloads\gnn_bert_music_context\data\processed\features\jazz\jazz.00003.npy,ciJOulWFhfA,"The low quality recording features a jazz song being played in a big room and it consists of a saxophone solo melody over groovy drums. Due to frequency clashing, it sounds muddy and muffled and it has an unbalanced stereo image, as it was probably recorded with a poor quality microphone. It is still energetic and easygoing at the same time - thanks to that saxophone.","['unbalanced stereo', 'low quality', 'jazz', 'groovy drums', 'muffled', 'reverberant', 'muddy', 'saxophone solo melody', 'energetic', 'easygoing']",train
blues,C:\Users\user\Downloads\gnn_bert_music_context\data\processed\graphs\blues\blues.00058.pkl,C:\Users\user\Downloads\gnn_bert_music_context\data\processed\features\blues\blues.00058.npy,Ou7vteWmqfw,"This blues song features a male voice singing the main melody. This is accompanied by the percussion playing a simple beat. The percussion plays the tambourine as well. The bass plays the same licks played on the guitar. The guitar plays notes that are octaves apart. Toward the end of the song, an overdrive guitar plays a hammer on note. The mood of this song is comforting. This song can be played in a bar.","['blues song', 'male voice', 'guitar fills', 'guitar playing octaves', 'simple percussion', 'tambourine', 'bass', 'slow tempo', 'comforting song']",train
hiphop,C:\Users\user\Downloads\gnn_bert_music_context\data\processed\graphs\hiphop\hiphop.00083.pkl,C:\Users\user\Downloads\gnn_bert_music_context\data\processed\features\hiphop\hiphop.00083.npy,oypg41SWGDc,This is a funk remix of a hip-hop music piece. There is a male vocal rapping calmly almost as if he is just having a normal conversation with someone. There are various layers of different synths playing different melodies. The piece has a strong bass sound. The rhythm is being played by a groovy electronic drum beat. The atmosphere of the piece is danceable and the sound is urban. This piece could be playing at a retro-themed party at a nightclub.,"['funk', 'remix', 'hip-hop', 'male vocal', 'rapping', 'synth', 'strong bass', 'electronic drums', 'groovy', 'danceable', 'urban']",train
blues,C:\Users\user\Downloads\gnn_bert_music_context\data\processed\graphs\blues\blues.00070.pkl,C:\Users\user\Downloads\gnn_bert_music_context\data\processed\features\blues\blues.00070.npy,E3F9bzeCgTQ,The song is an instrumental. The song is fast tempo with  soloists playing an enthusiastic guitar strumming and harmony. The song is energetic and entertaining. The audio is poor and the song is played in front of a live audience that is cheering and hooting in approval.,"['poor audio quality', 'instrumental music', 'virtuous guitarist', 'classic guitar hits', 'adrenaline rush', 'people cheering', 'groovy', 'hooting', 'guitar player', 'soloist', 'fast strumming rhythm', 'energetic', 'passionate', 'dance rhythm', 'groovy music', 'jazz blues', 'gypsy guitar music', 'blues music', 'fast tempo']",train
country,C:\Users\user\Downloads\gnn_bert_music_context\data\processed\graphs\country\country.00028.pkl,C:\Users\user\Downloads\gnn_bert_music_context\data\processed\features\country\country.00028.npy,VAqgpoyD2jc,Someone is strumming a banjo along with playing a lead melody. This may be playing sitting in the countryside in front of your house in the garden.,"['amateur recording', 'banjo', 'uptempo']",train
rock,C:\Users\user\Downloads\gnn_bert_music_context\data\processed\graphs\rock\rock.00067.pkl,C:\Users\user\Downloads\gnn_bert_music_context\data\processed\features\rock\rock.00067.npy,HEk4fx_XNNE,"The song is an instrumental. The song is medium tempo with ambient room noises, like a volume knob turned up, a guitar being plugged in and the rhythmic strumming of an amplified distortion guitar. The song is energetic and passionate. The song is an introduction to a rock song.","['knob turns', 'electric hum', 'increasing volume', 'strings making noises', 'plugging into the guitar', 'ambient room noise', 'echo tones', 'amplified guitar playing in rhythm', 'medium tempo', 'instrumental music', 'song intro', 'rock music', 'groovy music', 'youthful', 'energetic', 'passionate', 'rebellion', 'classic rock', 'rock guitar', 'electric buzz']",train
disco,C:\Users\user\Downloads\gnn_bert_music_context\data\processed\graphs\disco\disco.00001.pkl,C:\Users\user\Downloads\gnn_bert_music_context\data\processed\features\disco\disco.00001.npy,6cQjwXNY4sc,"The song is an instrumental. The song is medium tempo with a steady drumming rhythm, cymbal crashes, groovy bass line and various percussion hits. The song is youthful and energetic. The song has an average audio quality.","['instrumental music', 'techno dance music', 'underground music', 'cheerful', 'teenagers dancing', 'retro dance', 'cymbal crashes', 'steady drumming rhythm', 'instrumental  music', 'dj', 'keyboard tones', 'discotheque', 'dance floor', 'dance club', 'dance all night', 'party night', 'groovy bass line', 'keyboard accompaniment']",train
disco,C:\Users\user\Downloads\gnn_bert_music_context\data\processed\graphs\disco\disco.00015.pkl,C:\Users\user\Downloads\gnn_bert_music_context\data\processed\features\disco\disco.00015.npy,PBMfPDei93s,"A female singer sings this passionate melody backed up by singers in vocal harmony. The tempo is slow with a strong bass line, steady percussive rhythm and keyboard accompaniment. The song is emotional and spirited. The song is a modern hip hop hit.","['female singer', 'hip hop music', 'backup singers', 'modern hip hop hits', 'slow tempo', 'groovy bass line', 'steady percussive rhythm', 'keyboard accompaniment', 'story telling', 'emotional', 'motivational', 'inspiring', 'groovy rhythm', 'hip hop dance music', 'emotional', 'romantic', 'love song', 'high spirits', 'self discovery']",train
country,C:\Users\user\Downloads\gnn_bert_music_context\data\processed\graphs\country\country.00032.pkl,C:\Users\user\Downloads\gnn_bert_music_context\data\processed\features\country\country.00032.npy,iaDrtIon6FU,"This song is a male vocal harmony. The tempo is medium with banjo and guitar accompaniment. The song is merry, naughty, suggestive and harmless fun with the sound of stifled laughter in the background and with the expletives drowned with the sound of a beep. This song is Country pop/Country Folk.","['male harmony', 'country song', 'medium harmony', 'merry', 'boys having fun', 'stifled laughter', 'giggling', 'drunk singing', 'banjo', 'acoustic guitar', 'censored lyrics', 'beep', 'laughing', 'vocal harmony', 'group singing', 'naughty', 'suggestive', 'country folk', 'country pop', 'amateur recording', 'home recording']",train
disco,C:\Users\user\Downloads\gnn_bert_music_context\data\processed\graphs\disco\disco.00085.pkl,C:\Users\user\Downloads\gnn_bert_music_context\data\processed\features\disco\disco.00085.npy,MSqQKf3O3vY,"A male singer sings this pop melody with animated vocals making annoying sounds. The song is medium tempo with backup vocals singing harmony, keyboard accompaniment, percussive a bass line and strong drumming rhythm. The song is a background track for an animated tv show. The audio quality is very poor.","['animated vocals', 'male singer', 'medium fast tempo', 'children’s show', 'funny tv show', 'comedy', 'slapstick comedy', 'backup singers', 'multiple overlapping tracks', 'groovy bass line', 'discordant vocal tones', 'keybiard accompaniment', 'dance rhythm', 'retro pop song', 'animated movie soundtrack', 'annoying vocal sounds', 'poor audio quality']",val
jazz,C:\Users\user\Downloads\gnn_bert_music_context\data\processed\graphs\jazz\jazz.00091.pkl,C:\Users\user\Downloads\gnn_bert_music_context\data\processed\features\jazz\jazz.00091.npy,cX926M1_LqM,"The low quality recording features a groovy synth keys melody and synth keys bass playing together. It sounds jazzy, funky, boomy and the recording is noisy and in mono. Sounds like something you would hear in jazz bars.","['low quality', 'groovy synth keys melody', 'groovy synth keys bass', 'noisy', 'mono', 'boomy', 'funky', 'jazz', 'groovy']",val
classical,C:\Users\user\Downloads\gnn_bert_music_context\data\processed\graphs\classical\classical.00071.pkl,C:\Users\user\Downloads\gnn_bert_music_context\data\processed\features\classical\classical.00071.npy,Zs3arUuPciY,"Someone is playing tuned glass-bowls: The piece sounds mysterious, like classical music and with a lot of reverb that is overpowering the speakers. This is an amateur recording. This song may be played at a talent show.","['experimental/classical', 'glass-bowl singing', 'faster tempo', 'amateur recording']",val
hiphop,C:\Users\user\Downloads\gnn_bert_music_context\data\processed\graphs\hiphop\hiphop.00000.pkl,C:\Users\user\Downloads\gnn_bert_music_context\data\processed\features\hiphop\hiphop.00000.npy,rG_6MS6_K6g,A male voice is rapping in a higher pitch and with reverb and delay on his voice. An acoustic drum sample is playing a simple hip hop groove along with a tambourine like sound. The hihat is panned to the right side of the speakers. An e-bass is playing along. A clean e-guitar sample is being repeated as a melodic and rhythmic element. This song may be playing at home while cleaning the house.,"['hiphop', 'acoustic drum sample', 'e-bass', 'e-guitar sample', 'male voice rapping', 'higher pitch', 'medium tempo']",val
blues,C:\Users\user\Downloads\gnn_bert_music_context\data\processed\graphs\blues\blues.00021.pkl,C:\Users\user\Downloads\gnn_bert_music_context\data\processed\features\blues\blues.00021.npy,gp7j9o2x9co,This amateur recording features two guitars being played. One guitar is playing a blues rhythm. The other guitar is strumming the main chord once and then playing fills on the higher register. This is accompanied by a tambourine as the percussion. There are no voices in this song. This is an instrumental blues rock song. The mood of this song is suspenseful. This song can be used in a detective movie.,"['amateur recording', 'blues guitar', 'guitar fills', 'tambourine backing', 'minimal instruments', 'no voice', 'instrumental song', 'suspenseful mood', 'moderate tempo']",val
country,C:\Users\user\Downloads\gnn_bert_music_context\data\processed\graphs\country\country.00018.pkl,C:\Users\user\Downloads\gnn_bert_music_context\data\processed\features\country\country.00018.npy,ad6gQQ_0evk,A banjo is playing a solo along to an upright-bass laying a simple monotone bassline. This song may be playing in a bar with live music. This is an amateur recording.,"['country', 'banjo', 'upright bass', 'medium tempo', 'amateur recording']",val
rock,C:\Users\user\Downloads\gnn_bert_music_context\data\processed\graphs\rock\rock.00005.pkl,C:\Users\user\Downloads\gnn_bert_music_context\data\processed\features\rock\rock.00005.npy,NzvkMWY4EjA,Solo performance of an electric guitar player strumming chords. The tone is overdriven and warm. The genre is rock.,"['electric guitar', 'overdrive', 'strumming', 'rock', 'warm']",val
blues,C:\Users\user\Downloads\gnn_bert_music_context\data\processed\graphs\blues\blues.00090.pkl,C:\Users\user\Downloads\gnn_bert_music_context\data\processed\features\blues\blues.00090.npy,19Pp9QEw17U,This is the recording of a slide guitar lesson. There is a male instructor playing blues on the steel guitar while speaking and breathing over his performance at the same time.,"['slide guitar lesson', 'blues', 'male voice', 'speaking', 'breathing']",val
hiphop,C:\Users\user\Downloads\gnn_bert_music_context\data\processed\graphs\hiphop\hiphop.00011.pkl,C:\Users\user\Downloads\gnn_bert_music_context\data\processed\features\hiphop\hiphop.00011.npy,fsXfBoNcLeM,"The Pop song features a flat female vocal rapping, alongside passionate background female vocal singing, over straight piano chords, simple synth bass, wide distorted synth and wide synth brass chords, followed by groovy hi hats, punchy kick and snare hits. It sounds uplifting and energetic.","['pop', 'flat female vocal', 'passionate background female vocal', 'wide synth brass chords', 'distorted wide synths', 'straight piano chords', 'punchy kick', 'punchy snare', 'groovy hi hats', 'simple synth bass', 'energetic', 'uplifting']",val
classical,C:\Users\user\Downloads\gnn_bert_music_context\data\processed\graphs\classical\classical.00034.pkl,C:\Users\user\Downloads\gnn_bert_music_context\data\processed\features\classical\classical.00034.npy,rOOBAGxxjBk,"This music is a lively instrumental. The tempo is fast with the charming harmony of trumpet, saxophone, tuba and a rhythmic accordion accompaniment. The music is fresh, spirited,lively, pleasant, merry, cheerful, charming and entertaining. This music is a classical piece.","['instrumental', 'fast tempo', 'brass band', 'tuba', 'wind instruments', 'wood wind', 'acordion', 'trombone', 'trumpet', 'saxophone', 'melodious harmony', 'pleasant harmonious', 'cheerful', 'happy', 'merry', 'classical']",val
metal,C:\Users\user\Downloads\gnn_bert_music_context\data\processed\graphs\metal\metal.00089.pkl,C:\Users\user\Downloads\gnn_bert_music_context\data\processed\features\metal\metal.00089.npy,QtfIj5cJzYw,"The music excerpt features a synth sound playing a melody. In the background, accompanying this melody is another synth sound that plays long chords and thus provides harmonic structure. A bass guitar can be heard alternating between regular playing and string slapping. A light rhythm is being played by a pair of congas. A metallic percussive sound can be heard from time to time.","['congas', 'synth', 'bass guitar', 'metallic percussive sound']",val
classical,C:\Users\user\Downloads\gnn_bert_music_context\data\processed\graphs\classical\classical.00004.pkl,C:\Users\user\Downloads\gnn_bert_music_context\data\processed\features\classical\classical.00004.npy,BXcEsM8ykhE,This song contains someone playing a harp along with someone playing a melody on a transverse flute in the higher mid range. In the background you can hear people whispering.,"['classical', 'amateur recording', 'transverse flute', 'harp', 'background voices', 'medium tempo']",val
metal,C:\Users\user\Downloads\gnn_bert_music_context\data\processed\graphs\metal\metal.00057.pkl,C:\Users\user\Downloads\gnn_bert_music_context\data\processed\features\metal\metal.00057.npy,bkQrvXXIRng,Someone is playing acoustic drums with a lot of loud cymbal hits along with a screaming male vocal. A distorted e-guitar is playing long low notes. The atmosphere sounds dangerous and aggressive. This song may be playing in the band room practicing drumming.,"['heavy metal', 'amateur recording', 'screaming voice sample', 'acoustic drums', 'e-guitar', 'e-bass', 'dangerous', 'aggressive']",val
disco,C:\Users\user\Downloads\gnn_bert_music_context\data\processed\graphs\disco\disco.00021.pkl,C:\Users\user\Downloads\gnn_bert_music_context\data\processed\features\disco\disco.00021.npy,JlzlNpttvVM,"The Disco song features a passionate male vocalist singing over funky electric guitar melody, groovy bass, punchy kick and snare hits, shimmering hi hats and groovy synth keys melody. It sounds groovy, funky and passionate.","['disco', 'passionate male vocal', 'funky electric guitar melody', 'groovy bass', 'punchy kick', 'punchy snare', 'shimmering hi hats', 'groovy synth keys melody', 'passionate', 'groovy', 'funky']",val
hiphop,C:\Users\user\Downloads\gnn_bert_music_context\data\processed\graphs\hiphop\hiphop.00082.pkl,C:\Users\user\Downloads\gnn_bert_music_context\data\processed\features\hiphop\hiphop.00082.npy,SMjYheNdAzg,This is a kids music piece in the style of hip-hop. There is a female vocalist singing in a rap-like manner in the lead. The keyboard is playing the melody while there is a simple bass line in the background. A hip-hop electronic drum beat provides the rhythm. The atmosphere is playful. This piece can be used in the soundtrack of a kids TV show.,"['kids song', 'hip-hop', 'female vocal', 'rap-like singing', 'keyboard', 'bass', 'electronic drums', 'playful', 'cheerful', 'urban']",val
metal,C:\Users\user\Downloads\gnn_bert_music_context\data\processed\graphs\metal\metal.00098.pkl,C:\Users\user\Downloads\gnn_bert_music_context\data\processed\features\metal\metal.00098.npy,JxwRvkjNJQ0,This heavy metal song features a male voice singing at a distance in the background. Distortion guitars play a riff and end with a power chord. This is accompanied by percussion playing an aggressive metal beat. The bass follows the rhythm guitar for the beginning of the song and later plays licks while the notes of the distortion guitars are sustained. The mood of this song is aggressive. This song can be played on the entrance of a WWE star into the arena.,"['heavy metal', 'male voices', 'distortion guitar', 'bassline', 'simple percussion', 'aggressive voice', 'aggressive mood', 'moderate tempo']",val
metal,C:\Users\user\Downloads\gnn_bert_music_context\data\processed\graphs\metal\metal.00038.pkl,C:\Users\user\Downloads\gnn_bert_music_context\data\processed\features\metal\metal.00038.npy,RIe1omxr7nc,This music is instrumental. There is no instrumentation. The clip starts with white noise and static and ends with the sound of a bell ringing. There are some ambient sounds in the background like bird chirping and flicking.,"['instrumental', 'no tempo', 'white noise', 'metallic sound', 'static', 'bird chirping', 'resounding', 'vibration', 'long note', 'bell sound', 'ambient sounds', 'brass']",val
metal,C:\Users\user\Downloads\gnn_bert_music_context\data\processed\graphs\metal\metal.00071.pkl,C:\Users\user\Downloads\gnn_bert_music_context\data\processed\features\metal\metal.00071.npy,M2iOUwFHv9Q,"A male vocalist sings this aggressive song. The tempo is medium fast with electronic music; vigorous drumming, cymbal ride; synthesiser arrangements, distorted menacing vocals and electronic music. The song is angry, aggressive, sinister, menacing, spine-chilling and chaotic. This song is a Goth Rock/Hard Metal song.","['instrumental', 'medium fast tempo', 'booming sounds', 'chaotic', 'cunfusion', 'intense', 'anger', 'threatening', 'goth rock', 'electronic instrumentation', 'synthesiser arrangements', 'vigorous drumming', 'sound of guns', 'distorted voice', 'sinister', 'eerie', 'goth', 'aggressive', 'syncopated melody', 'chaotic', 'confusion', 'video game music', 'electro pop', 'electro rock', 'cymbal rides']",val
rock,C:\Users\user\Downloads\gnn_bert_music_context\data\processed\graphs\rock\rock.00095.pkl,C:\Users\user\Downloads\gnn_bert_music_context\data\processed\features\rock\rock.00095.npy,hwe6y-jSqdQ,"The low quality recording features a compilation of rock songs in-between which there is a flat male vocal talking. At the very beginning there is a short snippet of a groovy piano melody and fruity male vocal singing over it. After that, there is an even shorter snippet of a song that consists of acoustic rhythm guitar and a male vocalist singing over it. And at the end of the loop, there is a fade in into a flat male vocal singing with background vocals over punchy kick, punchy snare, shimmering cymbals, distorted bass guitar and electric guitar melody. Overall it sounds weird and chaotic, due to the arrangement of the sounds, but it is also energetic.","['compilation', 'fade in', 'rock', 'groovy piano melody', 'fruity male vocal', 'flat male vocals', 'low quality', 'punchy snare', 'punchy kick', 'shimmering cymbals', 'background vocals', 'electric guitar chords', 'acoustic rhythm guitar', 'distorted bass guitar', 'chaotic', 'energetic', 'weird']",val
rock,C:\Users\user\Downloads\gnn_bert_music_context\data\processed\graphs\rock\rock.00069.pkl,C:\Users\user\Downloads\gnn_bert_music_context\data\processed\features\rock\rock.00069.npy,rkQPSAHNoeI,This is an alternative rock music piece. There is a male vocalist singing melodically. The electric guitar is playing a simple and catchy tune while the bass guitar plays a groovy bass line in the background. The rhythm is provided by an acoustic drum beat. This piece could be used in the soundtrack of a teenage drama or a high school TV series.,"['alternative rock', 'male vocal', 'melodic singing', 'electric guitar', 'bass guitar', 'acoustic drums', 'groovy', 'easygoing', 'catchy tune', 'repeated theme', 'medium tempo']",val
disco,C:\Users\user\Downloads\gnn_bert_music_context\data\processed\graphs\disco\disco.00003.pkl,C:\Users\user\Downloads\gnn_bert_music_context\data\processed\features\disco\disco.00003.npy,PBMfPDei93s,"A female singer sings this passionate melody backed up by singers in vocal harmony. The tempo is slow with a strong bass line, steady percussive rhythm and keyboard accompaniment. The song is emotional and spirited. The song is a modern hip hop hit.","['female singer', 'hip hop music', 'backup singers', 'modern hip hop hits', 'slow tempo', 'groovy bass line', 'steady percussive rhythm', 'keyboard accompaniment', 'story telling', 'emotional', 'motivational', 'inspiring', 'groovy rhythm', 'hip hop dance music', 'emotional', 'romantic', 'love song', 'high spirits', 'self discovery']",val
pop,C:\Users\user\Downloads\gnn_bert_music_context\data\processed\graphs\pop\pop.00026.pkl,C:\Users\user\Downloads\gnn_bert_music_context\data\processed\features\pop\pop.00026.npy,t7oAteGa55g,"This song is an instrumental. The tempo is slow with vigorous drumming, keyboard and electric guitar harmony,beatboxing and the sound of a car horn .The song is vibrant, punchy, vigorous and upbeat with a dance groove. This song is a Pop Hit.","['car honking', 'instrumental', 'enthusiastic drumming', 'keyboard harmony', 'punchy beat', 'dance groove', 'pop', 'electronic instrumentation', 'beat boxing', 'vocalisation', 'catchy beat', 'medium fast tempo', 'vibrant', 'youthful', 'catchy', 'dance music', 'funky electric  guitar riff', 'guitar']",val
metal,C:\Users\user\Downloads\gnn_bert_music_context\data\processed\graphs\metal\metal.00044.pkl,C:\Users\user\Downloads\gnn_bert_music_context\data\processed\features\metal\metal.00044.npy,-sevczF5etI,"The Folk song features a passionately played sitar guitar, groovy bass and short offbeat accordion chords, followed by metallic percussive elements and punchy kick. The recording is a bit lower in quality due to loud clicky keys sounds. It sounds passionate and emotional.","['folk', 'passionate sitar guitar', 'groovy bass', 'punchy kick', 'metallic percussive elements', 'short offbeat accordion chords', 'low quality', 'clicky keys', 'emotional']",val
pop,C:\Users\user\Downloads\gnn_bert_music_context\data\processed\graphs\pop\pop.00054.pkl,C:\Users\user\Downloads\gnn_bert_music_context\data\processed\features\pop\pop.00054.npy,pNlrM-GhFZU,"A male singer sings various songs in live audience situations. The songs have a different tempo and are mostly accompanied by a band. The songs are sung at live venues with people screaming and cheering. The songs are modern pop hits , recorded in poor audio quality with hissing noises.","['poor audio quality', 'hissing noises', 'pop star sings live', 'live shows', 'emotional', 'passionate', 'crowds cheering', 'guitar accompaniment', 'pop hits', 'romantic', 'girls screaming', 'packed stadium', 'pop hits', 'teen heartthrob', 'modern pop hits', 'love songs', 'romantic', 'madly in love', 'modern love', 'teenage romance']",val
country,C:\Users\user\Downloads\gnn_bert_music_context\data\processed\graphs\country\country.00089.pkl,C:\Users\user\Downloads\gnn_bert_music_context\data\processed\features\country\country.00089.npy,D9TuP8PKD6M,A marimba playing the main melody along with a little brass-section playing another melody along. The e-bass is playing along with the drums holding a country-like rhythm. This song may be playing at a park with little food trucks.,"['latin/folklore/country', 'e-bass', 'marimba', 'brass', 'acoustic drums', 'medium tempo']",val
hiphop,C:\Users\user\Downloads\gnn_bert_music_context\data\processed\graphs\hiphop\hiphop.00057.pkl,C:\Users\user\Downloads\gnn_bert_music_context\data\processed\features\hiphop\hiphop.00057.npy,5KvjUzQbMT4,"Here we get to hear a hardcore metal piece. This is characterised, in part, by the rapid action on the kick drum - with notes being played at a rate of sixteenth notes on the kick. The drummer also frequents the ride cymbal. The guitar is grungy, gritty, fuzzy, heavy, deep, hardcore.","['metal rock', 'hard rock', 'hard metal', 'rapid kick drum', 'ride cymbals', 'grungy gritty electric guitar', 'fuzzy electric guitar', 'intense', 'potent', 'energetic']",val
pop,C:\Users\user\Downloads\gnn_bert_music_context\data\processed\graphs\pop\pop.00010.pkl,C:\Users\user\Downloads\gnn_bert_music_context\data\processed\features\pop\pop.00010.npy,MVYSWTF11Nc,A digital drum is playing a groove with different little elements panned to the left and right side of the speakers. Little sprinkles of plucked digital synth sounds are playing melodies along with a keyboard playing soft chords. The female voice is singing being backed by a voice full of effects. Then padsounds come in serving as strings playing a slow chord progression. This song may be playing at the mall.,"['pop', 'digital drums', 'pad sounds', 'keys', 'female voice singing', 'backing voice', 'simple production', 'uptempo']",val
hiphop,C:\Users\user\Downloads\gnn_bert_music_context\data\processed\graphs\hiphop\hiphop.00008.pkl,C:\Users\user\Downloads\gnn_bert_music_context\data\processed\features\hiphop\hiphop.00008.npy,WmTDKYYH5OU,"The low quality recording features a flat male vocal rapping over sustained strings melody, punchy kick, mellow snare, groovy bass and some commentary that can be heard in the background. It sounds emotional, energetic and the recording is noisy.","['low quality', 'sustained strings', 'flat male vocal', 'punchy kick', 'mellow snare', 'groovy bass', 'commentary', 'noisy', 'emotional', 'energetic']",val
hiphop,C:\Users\user\Downloads\gnn_bert_music_context\data\processed\graphs\hiphop\hiphop.00098.pkl,C:\Users\user\Downloads\gnn_bert_music_context\data\processed\features\hiphop\hiphop.00098.npy,en0haa37gnk,"This music is instrumental. The tempo is slow with a droning vibration of a metal bowl called the Tibetan bowl or singing bowl. The music is a single note drone with vibrations and resonance. It is calming, meditative, stress relieving, meditative and soothing.","['instrumental', 'slow tempo', 'bells', 'monotone', 'resounding', 'resonating', 'serene', 'meditative', 'reflective', 'relaxing', 'stress relieving', 'tibetan bowls', 'deep', 'rich', 'singing bowls', 'music therapy', 'monks', 'metal bowls', 'medicinal music', 'peaceful']",val
blues,C:\Users\user\Downloads\gnn_bert_music_context\data\processed\graphs\blues\blues.00052.pkl,C:\Users\user\Downloads\gnn_bert_music_context\data\processed\features\blues\blues.00052.npy,ZJZxWLYzNh8,This seems to be a life recording because you can hear people in the background cheering. An electric bass is playing a bluesy bassline along with the drums holding a simple steady groove. One guitar is panned to the right side of the speakers playing chords while another e-guitar is playing a melody on the left side of the speakers. Both are fairly in the background. A male mid ranged voice is singing with a little reverb on his voice. This song may be playing life at a festival.,"['bluesrock', 'e-bass', 'background cheering', 'guitars', 'acoustic drums', 'male mid range voice singing', 'medium tempo']",val
country,C:\Users\user\Downloads\gnn_bert_music_context\data\processed\graphs\country\country.00055.pkl,C:\Users\user\Downloads\gnn_bert_music_context\data\processed\features\country\country.00055.npy,LFYRuK8YstI,This amateur recording features a male voice singing the main melody. This is accompanied by a banjo being strummed in a country rhythm. This song is sung at a moderate tempo. This song has a patriotic feel. There are no other instruments in this song apart from the tenor banjo. This song can be played in a patriotic American movie.,"['country song', 'banjo song', 'amateur recording', 'no percussion', 'male voice', 'moderate tempo', 'folk song', 'minimal instruments', 'patriotic song']",val
disco,C:\Users\user\Downloads\gnn_bert_music_context\data\processed\graphs\disco\disco.00063.pkl,C:\Users\user\Downloads\gnn_bert_music_context\data\processed\features\disco\disco.00063.npy,oFCzd9bJo9A,"The song contains a flutesound, brass-section, e-bass and some lower register keys all playing the same funky and repetitive melody. The drums are holding a straight rhythm while the hits on the ride are played in a light swing. This song may be played at a rollerblade disco.","['funk/discofunk', 'dancemood', 'e-bass', 'flutesound', 'jazz piano', 'brass section', 'uptempo']",val
country,C:\Users\user\Downloads\gnn_bert_music_context\data\processed\graphs\country\country.00069.pkl,C:\Users\user\Downloads\gnn_bert_music_context\data\processed\features\country\country.00069.npy,n1fY-23ffl0,"This song is a pleasant love song duet. The tempo is medium with acoustic guitar and ukulele accompaniment.the song is mellow, soft, emotional, romantic, nostalgic. This song is Country/Folk pop.","['duet', 'medium tempo', 'ukelele', 'folk pop', 'folk music', 'mellifluous', 'simple melody', 'country pop', 'country hits', 'string instruments', 'folk music', 'acoustic guitar', 'mandolin', 'melodious', 'pop', 'country pop', 'mellifluous', 'romantic', 'emotional', 'sentimental', 'soft', 'mellow']",val
country,C:\Users\user\Downloads\gnn_bert_music_context\data\processed\graphs\country\country.00067.pkl,C:\Users\user\Downloads\gnn_bert_music_context\data\processed\features\country\country.00067.npy,hdlnugbWjKA,"A young female vocalist sings this upbeat country song. The tempo is fast with keyboard harmony,enthusiastic drumming , rhythmic accompaniment of acoustic guitar, mandolin, fiddle, resonator, auto harp and dobro and tambourine beats. The song is fresh, youthful, energetic, vivacious, catchy, upbeat, simple and peppy. This song is Country Pop.","['female singer', 'fast tempo', 'girl  singing', 'young vocalist', 'peppy', 'enthusiastic', 'auto harp', 'folk music', 'regional music', 'country side', 'cowboys', 'catchy', 'country music', 'country pop', 'march like beat', 'powerfully voice', 'people clapping', 'enthusiastic drumming', 'fiddle', 'mandolin', 'resonator', 'banjo', 'tambourine beats', 'youthful', 'happy', 'sentimental', 'story telling', 'powerful vocals', 'vocal emphasis', 'keyboard harmony', 'spirited', 'vibrant']",val
country,C:\Users\user\Downloads\gnn_bert_music_context\data\processed\graphs\country\country.00015.pkl,C:\Users\user\Downloads\gnn_bert_music_context\data\processed\features\country\country.00015.npy,-uaTK8sa5Ms,An acoustic drum set is playing a 16th note rhythm using the edge of his snare and a hihat sound opening and closing. A banjo is playing a fast melody along with a violin/viola playing the same melody. An upright bass is playing a walking bassline. This song may be playing in a funny tv-show.,"['country', 'banjo', 'acoustic piano', 'violin', 'upright bass', 'uptempo']",val
reggae,C:\Users\user\Downloads\gnn_bert_music_context\data\processed\graphs\reggae\reggae.00074.pkl,C:\Users\user\Downloads\gnn_bert_music_context\data\processed\features\reggae\reggae.00074.npy,AcX1B_Pr-RQ,"The low quality recording features a reggae song sung by low flat male vocals, followed by repetitive synth lead melody, groovy bass, vocal chants, claps, punchy kick hits, shimmering hi hats and open hats. It sounds energetic, suspenseful and it is in mono. At one point the vocal cracks and it sounds out of tune for a split second.","['low quality', 'reggae', 'low flat male vocal', 'repetitive synth lead melody', 'groovy bass', 'punchy kick', 'clapping', 'shimmering hi hats', 'shimmering open hat', 'vocal chants', 'energetic', 'suspenseful', 'mono', 'voice crack']",val
pop,C:\Users\user\Downloads\gnn_bert_music_context\data\processed\graphs\pop\pop.00000.pkl,C:\Users\user\Downloads\gnn_bert_music_context\data\processed\features\pop\pop.00000.npy,SEHE3WGui30,A piano is playing a ballad composition with a lot of reverb. This song may be playing as background music.,"['pop', 'piano composition', 'reverb', 'slow tempo']",val
classical,C:\Users\user\Downloads\gnn_bert_music_context\data\processed\graphs\classical\classical.00022.pkl,C:\Users\user\Downloads\gnn_bert_music_context\data\processed\features\classical\classical.00022.npy,DgVpK6r7JT4,"This is an excerpt from a dubbed anime. There is a male voice speaking in a funny manner. Then, a dramatic orchestra piece starts playing to imply something is about to happen. The brass section and the timpani are playing a rising pattern until a sneeze and hissing sounds can be heard. There is a peculiar feel to this track. Parts of it could be sampled for use in beat-making.","['anime', 'male voice', 'funny speaking', 'sneeze', 'hissing sounds', 'orchestra piece', 'brass section', 'timpani', 'rising pattern', 'dramatic', 'peculiar']",val
reggae,C:\Users\user\Downloads\gnn_bert_music_context\data\processed\graphs\reggae\reggae.00054.pkl,C:\Users\user\Downloads\gnn_bert_music_context\data\processed\features\reggae\reggae.00054.npy,gWRfk8nCcPs,"This reggae song features a male voice. He sings the first line and laughs at the end of the first sentence. He continues to sing the melody. The voice is accompanied by programmed percussion playing a simple beat. The bass plays the root notes of the chords. A keyboard plays chords in the background with a reggae feel. Another keyboard plays a fill in between lines. At the end, backing singers sing in harmony. This song has a holiday mood. This song can be played in a holiday movie.","['reggae song', 'male voice', 'holiday mood', 'programmed percussion', 'keyboard', 'shaker', 'moderate tempo']",val
pop,C:\Users\user\Downloads\gnn_bert_music_context\data\processed\graphs\pop\pop.00085.pkl,C:\Users\user\Downloads\gnn_bert_music_context\data\processed\features\pop\pop.00085.npy,MeA8CSKAuvw,This pop song features a male voice singing the main melody. This is accompanied by percussion playing a simple beat. The hi-hat is played in eighth notes. The bass is played on a tuba. The root notes of the chords are played. Trumpets play a staccato note at every alternate beat. A brass instrument plays a fill after the first two bars. The mood of this song is romantic. This song can be played in a romantic movie.,"['slow song', 'pop song', 'romantic mood', 'male voice', 'slow tempo', 'tuba', 'trumpets', 'simple percussion']",val
hiphop,C:\Users\user\Downloads\gnn_bert_music_context\data\processed\graphs\hiphop\hiphop.00092.pkl,C:\Users\user\Downloads\gnn_bert_music_context\data\processed\features\hiphop\hiphop.00092.npy,OEpMpYMjO9Y,"Someone is scratching over a hip hop backing-track containing digital drums, a subby bassline and some pad sounds samples playing a melody. A male voice sample is shouting something. This song may be playing at home practicing scratching.","['scratch/hiphop', 'bass', 'keys/pads', 'digital drums', 'medium tempo', 'male voice sample']",val
blues,C:\Users\user\Downloads\gnn_bert_music_context\data\processed\graphs\blues\blues.00059.pkl,C:\Users\user\Downloads\gnn_bert_music_context\data\processed\features\blues\blues.00059.npy,g_bgmnJ1b_g,"The low quality recording features an acoustic guitar blues melody. The recording is very noisy, roomy and you can hear cars passing by in the background.","['low quality', 'blues', 'acoustic guitar melody', 'noisy', 'roomy', 'cars passing']",val
pop,C:\Users\user\Downloads\gnn_bert_music_context\data\processed\graphs\pop\pop.00048.pkl,C:\Users\user\Downloads\gnn_bert_music_context\data\processed\features\pop\pop.00048.npy,xKc_9B3RiOc,"This song is an instrumental. The tempo is medium with a melodious lead on the electric guitar, steady drumming, groovy bass lines and acoustic guitar accompaniment. The melody is simple, mellow, pleasant, melancholic, nostalgic and ambient. This instrumental song is a Classic Rock and Roll.","['retro pop', 'slow tempo', 'instrumental', 'acoustic guitar accompaniment', 'emphatic lead', 'simple melody', 'dulcet', 'mood', 'fluid', 'romantic', 'ambient', 'melodic electric guitar lead', 'steady drumming', 'groovy bass lines', 'acoustic guitar accompaniment', 'mellow', 'soft', 'pleasant', 'melancholic', 'nostalgic', 'rock and roll']",val
hiphop,C:\Users\user\Downloads\gnn_bert_music_context\data\processed\graphs\hiphop\hiphop.00012.pkl,C:\Users\user\Downloads\gnn_bert_music_context\data\processed\features\hiphop\hiphop.00012.npy,UD0pisqyLKA,"The low quality recording features a high pitched sound effect, followed by a siren sound effect and finally a muffled hip hop song. It sounds like it was recorded with the phone.","['low quality', 'high pitched sound effect', 'siren sound effect', 'muffled hip hop song', 'weird']",val
reggae,C:\Users\user\Downloads\gnn_bert_music_context\data\processed\graphs\reggae\reggae.00049.pkl,C:\Users\user\Downloads\gnn_bert_music_context\data\processed\features\reggae\reggae.00049.npy,opu2tXoVNKU,"A male vocalist sings this beautiful Reggae song. The tempo is medium with a keyboard harmony, punchy and infectious bass line and funky drumming with harmonic vocal backup. The song talks about world peace, kindness towards humankind and unity. The song is inspirational, passionate, youthful, emotional,persuasive,impactful, melodic , engaging and captivating.","['male vocalist', 'medium tempo', 'keyboard harmony', 'emotional', 'youthful', 'passionate', 'emotional punchy bass line', 'funky drumming', 'female vocal backup', 'reggae', 'inspirational', 'emotional', 'sentimental', 'persuasive', 'impactful', 'soothing', 'melodic', 'engaging', 'captivating', 'groovy']",val
rock,C:\Users\user\Downloads\gnn_bert_music_context\data\processed\graphs\rock\rock.00023.pkl,C:\Users\user\Downloads\gnn_bert_music_context\data\processed\features\rock\rock.00023.npy,ev_YCCuGVSs,"Medium tempo rock drum beat with a half time feel, using only two chords played by acoustic guitar arpeggios, piano chords and a male singer. The mood is sentimental.","['medium tempo', 'rock beat', 'half time feel', 'drums', 'acoustic guitar arpeggios', 'piano chords', 'two chords', 'male singer', 'sentimenal']",val
country,C:\Users\user\Downloads\gnn_bert_music_context\data\processed\graphs\country\country.00054.pkl,C:\Users\user\Downloads\gnn_bert_music_context\data\processed\features\country\country.00054.npy,qVT6GX1KHUY,"This music is a Country song instrumental. The tempo is medium with a pedal steel  guitar lead harmony with steady drumming and keyboard accompaniment. The music is a simple,minimalist, sweet, dulcet, sentimental, nostalgic, soothing, pleasant and mellifluous , classic Country music instrumental.","['instrumental', 'medium tempo', 'keyboard accompaniment', 'minimalist', 'dulcet', 'auto harp', 'steel guitar', 'pedal steel guitar', 'steady drumming', 'country song', 'country song instrumental', 'country instrument', 'bluegrass', 'regional music', 'folk music', 'pleasant', 'nostalgic', 'sentimental', 'soothing', 'mellifluous']",val
pop,C:\Users\user\Downloads\gnn_bert_music_context\data\processed\graphs\pop\pop.00096.pkl,C:\Users\user\Downloads\gnn_bert_music_context\data\processed\features\pop\pop.00096.npy,Wvg5rlMbjJc,"This is a pop punk music piece. There is a fast-paced distorted electric guitar playing the main tune. A bass guitar is supporting it in the background. The rhythm is being played by a loud acoustic drum beat. The atmosphere is rebellious and aggressive. This piece could be used in the soundtrack of a high school drama TV series, especially during scenes where acts of delinquency are committed.","['pop punk', 'distorted electric guitar', 'bass guitar', 'acoustic drums', 'fast tempo', 'rebellious', 'aggressive', 'loud']",val
disco,C:\Users\user\Downloads\gnn_bert_music_context\data\processed\graphs\disco\disco.00068.pkl,C:\Users\user\Downloads\gnn_bert_music_context\data\processed\features\disco\disco.00068.npy,jx27p7k2lSw,"An e-piano is playing a melody and chords with a lot of tremolo while thin, airy synth pads are playing long evolving sounds. A male voice is singing in a higher register with effects on his voice. It sounds like a voice sample. This song may be playing in a club.","['r&b/disco', 'synthesizer pads', 'e-piano', 'male voice singing', 'atmospheric', 'slow tempo']",val
classical,C:\Users\user\Downloads\gnn_bert_music_context\data\processed\graphs\classical\classical.00011.pkl,C:\Users\user\Downloads\gnn_bert_music_context\data\processed\features\classical\classical.00011.npy,keHCWa6XfGY,"This is an Indian classical music piece. The female vocals are singing in a syncopated manner at the same time with the rhythmic background of the tabla, the cajon and the acoustic drums. The melodic background is provided by a sitar. The piece is used as an accompaniment for the kathak dance. It could be used for the same task in dancing courses.","['indian', 'indian classical', 'sitar', 'tabla', 'percussion', 'female vocals', 'drums', 'cajon', 'kathak dance']",val
reggae,C:\Users\user\Downloads\gnn_bert_music_context\data\processed\graphs\reggae\reggae.00026.pkl,C:\Users\user\Downloads\gnn_bert_music_context\data\processed\features\reggae\reggae.00026.npy,yVWk3yq3Abc,"The low quality recording features a reggae song that consists of wide harmonizing low male vocals singing over groovy bass, muffled snare, shimmering hi hats, tinny percussive elements and offbeat piano chords. The recording is noisy and it sounds easygoing and chill.","['reggae', 'low quality', 'wide harmonizing low male vocals', 'offbeat piano chords', 'groovy bass', 'muffled snare', 'tinny percussive elements', 'shimmering hi hats', 'noisy', 'easygoing', 'chill']",val
country,C:\Users\user\Downloads\gnn_bert_music_context\data\processed\graphs\country\country.00023.pkl,C:\Users\user\Downloads\gnn_bert_music_context\data\processed\features\country\country.00023.npy,W00eTCOgUNs,"This country song features a female voice singing the main melody. Another female voice sings backing vocals in harmony with the main voice. This is accompanied by percussion playing a simple beat in common time. A guitar strums chords. The bass plays the root notes of the chords. After the voices pause, a guitar solo is played in a repetitive pattern. The mood of this song is romantic. Other instruments cannot be heard due to low quality of audio. This song can be played in a romantic movie.","['country song', 'female voice', 'female backing voice', 'guitar', 'percussion', 'low quality audio', 'bass', 'moderate tempo', 'tambourine', 'romantic mood']",val
jazz,C:\Users\user\Downloads\gnn_bert_music_context\data\processed\graphs\jazz\jazz.00033.pkl,C:\Users\user\Downloads\gnn_bert_music_context\data\processed\features\jazz\jazz.00033.npy,RtXe5T7NFrE,"This is an instrumental funk music piece consisting of a Chapman stick solo. Due to the nature of the instrument, only the tapping technique is used which gives a funky vibe to the piece. This piece could be used in the background at a jazz club.","['chapman stick', 'tapping', 'funk', 'solo', 'instrumental', 'groovy', 'funky rhythm']",val
metal,C:\Users\user\Downloads\gnn_bert_music_context\data\processed\graphs\metal\metal.00002.pkl,C:\Users\user\Downloads\gnn_bert_music_context\data\processed\features\metal\metal.00002.npy,wxKtBDKasgM,"The song is a black metal band which features a heavily distorted, sustained guitar chord. The male voice is croaky, raspy, deep and fuzzy. There is a soft choral vocal in the background.","['metal', 'rock', 'black metal', 'distorted guitar chords', 'haunting', 'mysterious', 'croaky male voice', 'raspy male voice', 'christian choral backing vocals']",val
blues,C:\Users\user\Downloads\gnn_bert_music_context\data\processed\graphs\blues\blues.00082.pkl,C:\Users\user\Downloads\gnn_bert_music_context\data\processed\features\blues\blues.00082.npy,QZNrK337wow,This is a clip featuring an electric guitar being played through an amp. First a chord is played. This is followed by a descending pentatonic lick being played. This lick has a blues feel. This is an instrumental song. There are no voices in this song. There are no other instruments in this song.,"['electric guitar', 'pentatonic scale', 'no other instruments', 'no voices', 'instrumental', 'blues vibe']",val
disco,C:\Users\user\Downloads\gnn_bert_music_context\data\processed\graphs\disco\disco.00026.pkl,C:\Users\user\Downloads\gnn_bert_music_context\data\processed\features\disco\disco.00026.npy,O66lIRbF4Gw,"This is an electronic music piece with 80s disco characteristics. There is a slightly fast tempo electronic drums in the rhythmic background. The keyboard is holding the notes of the melody while a synth bass follows it with a repeated rhythmic pattern. Although it is a bit old-fashioned, it is a danceable piece. This music could work well with retro-themed parties at nightclubs. It could also fit nicely with action-filled social media content or the soundtrack of a car racing game.","['electronic', 'disco', 'electronic drums', 'keyboards', 'bass', '80s', 'danceable', 'groovy', 'high energy', 'retro', 'old-fashioned']",val
classical,C:\Users\user\Downloads\gnn_bert_music_context\data\processed\graphs\classical\classical.00043.pkl,C:\Users\user\Downloads\gnn_bert_music_context\data\processed\features\classical\classical.00043.npy,Ieef9l-gWN8,This song features a marimba playing a melody on the higher register. The marimba plays a repetitive melody. This is accompanied by a clarinet and flute playing a dissonant chord together. This song is relaxing. It has a dreamy sound. This song can be played at the beginning of a dream sequence in a children's animation movie.,"['marimba music', 'clarinet', 'flute', 'orchestra', 'no voice', 'instrumental', 'no voices', 'no percussion', 'slow tempo', 'relaxing song', 'dreamy sequence']",val
hiphop,C:\Users\user\Downloads\gnn_bert_music_context\data\processed\graphs\hiphop\hiphop.00051.pkl,C:\Users\user\Downloads\gnn_bert_music_context\data\processed\features\hiphop\hiphop.00051.npy,JN_VJCJhC4Y,"The low quality recording features a live performance of dub song manically rapped by flat male vocals, followed by energetic drums, groovy bass and offbeat key chords. The recording is noisy and chaotic a bit, as it is probably recorded with a phone.","['low quality', 'dub', 'noisy', 'live performance', 'energetic', 'offbeat guitar melody', 'energetic drums', 'flat male vocal', 'chaotic', 'groovy bass']",val
classical,C:\Users\user\Downloads\gnn_bert_music_context\data\processed\graphs\classical\classical.00033.pkl,C:\Users\user\Downloads\gnn_bert_music_context\data\processed\features\classical\classical.00033.npy,EZJzzWEDtQo,This audio contains someone playing a horn solo in a room full of reverb. This song may be playing in an orchestra.,"['orchestra', 'horn solo', 'slower tempo']",val
country,C:\Users\user\Downloads\gnn_bert_music_context\data\processed\graphs\country\country.00010.pkl,C:\Users\user\Downloads\gnn_bert_music_context\data\processed\features\country\country.00010.npy,9A_OmOetiuw,"The low quality recording features a, what it seems like, cover of a country song and it consists of flat male vocals singing over acoustic sitar guitar melody. It sounds very noisy, but also heartfelt and emotional.","['low quality', 'acoustic sitar guitar melody', 'flat male vocal', 'noisy', 'heartfelt', 'country', 'emotional']",val
blues,C:\Users\user\Downloads\gnn_bert_music_context\data\processed\graphs\blues\blues.00023.pkl,C:\Users\user\Downloads\gnn_bert_music_context\data\processed\features\blues\blues.00023.npy,j3lH_Tevw5o,A male ukulele player plays this emotional solo. The song is medium tempo with no other instrumentation than an ukulele playing. The song is emotional and poignant. The song is an instrumental tune.,"['ukulele', 'ukulele player', 'medium tempo', 'music video', 'romantic', 'no percussion instruments', 'music demo', 'moody blues', 'melancholic', 'western classical music', 'instrumental music', 'soloist', 'poignant', 'entertaining', 'emotional', 'no percussion instruments', 'home video']",val
disco,C:\Users\user\Downloads\gnn_bert_music_context\data\processed\graphs\disco\disco.00018.pkl,C:\Users\user\Downloads\gnn_bert_music_context\data\processed\features\disco\disco.00018.npy,EC_JNTVDrok,"This is a funk piece. It has an electronic drum beat with heavy use of claps in the rhythmic background. A synth with an organ sound is playing the melody, but it is filled with effects, so the sound is constantly changing. A fuzzy sounding bass is playing a funky groove in the background. There is an eccentric atmosphere. This piece could be used in the soundtracks of young-adult cartoons.","['funk', 'electronic drums', 'claps', 'organ', 'synth', 'funky bass', 'groovy', 'eccentric', 'hip', 'dance', 'disco']",val
reggae,C:\Users\user\Downloads\gnn_bert_music_context\data\processed\graphs\reggae\reggae.00015.pkl,C:\Users\user\Downloads\gnn_bert_music_context\data\processed\features\reggae\reggae.00015.npy,XXBVsNt2Qr8,"A female singer sings this passionate melody. The song is medium tempo with steady drumming rhythm, groovy bass line, Caribbean percussion, guitar accompaniment and a brass band playing percussively. The song is emotional and spirited. The song is a classic renege hit.","['female singer', 'spirited singing', 'reggae hits', 'tropical dance hit', 'caribbean music style', 'trumpets blaring', 'caribbean percussions rhythm', 'medium tempo', 'guitar accompaniment', 'groovy bass line', 'steady drumming rhythm', 'brass band harmony', 'emotional', 'passionate', 'reggae groove', 'classic reverse hits', 'spirited', 'dance groove', 'beachside party', 'people dancing', 'inspiring', 'life is good', 'enjoy life', 'life is a dance']",val
blues,C:\Users\user\Downloads\gnn_bert_music_context\data\processed\graphs\blues\blues.00057.pkl,C:\Users\user\Downloads\gnn_bert_music_context\data\processed\features\blues\blues.00057.npy,6JJMlY3Go9s,"A male vocalist sings this emphatic rock. The tempo is medium with vigorous electric guitar, synthesiser arrangement, groovy bass line and intense drumming. The vocals are soft ,sad, lonely, poignant, mellow, and melodic in contrast to the intense instrumentation. This song is Blues-Rock.","['male singer', 'medium tempo', 'sad', 'depressed', 'heart break', 'blues-rock', 'vigorous electric guitar riff', 'breakup', 'hurt', 'poignant', 'bitter', 'lonely', 'blues-rockvigorous electric guitar', 'synthesiser arrangement', 'blues', 'rock', 'groovy bass line', 'intense drumming']",val
rock,C:\Users\user\Downloads\gnn_bert_music_context\data\processed\graphs\rock\rock.00025.pkl,C:\Users\user\Downloads\gnn_bert_music_context\data\processed\features\rock\rock.00025.npy,vBkDLBO-Aok,"The low quality recording features a quacking ducks sound effects as an intro, after which comes a manically played drum roll that includes snares and toms, leading into the wide electric guitars, punchy kick, energetic crash cymbal, shimmering hi hats and fat bass guitar. At the very beginning, there is a short audio crackle that makes this recording's quality low.","['short audio crackle', 'low quality', 'quacking ducks sound effects', 'manic toms roll', 'shimmering hi hats', 'wide electric guitars', 'fat bass guitar', 'punchy snare', 'energetic crash', 'punchy kick', 'rock', 'energetic', 'animals']",val
disco,C:\Users\user\Downloads\gnn_bert_music_context\data\processed\graphs\disco\disco.00007.pkl,C:\Users\user\Downloads\gnn_bert_music_context\data\processed\features\disco\disco.00007.npy,vx5iuWuE2Ng,This song contains acoustic drums playing a groove along with an e-bass and a tambourine. A brass section is playing along with the drum fills  and the bongos. A piano is playing a melody together with a guitar strumming chords in the mid range. The male singer sounds loud and soulful. This song may be playing in a rollerblade disco.,"['r&b/soul', 'e-bass', 'brass section', 'e-guitar', 'bongos', 'acoustic drums', 'male voice singing', 'tambourine', 'piano', 'medium to uptempo']",val
classical,C:\Users\user\Downloads\gnn_bert_music_context\data\processed\graphs\classical\classical.00032.pkl,C:\Users\user\Downloads\gnn_bert_music_context\data\processed\features\classical\classical.00032.npy,xlxxWFENWr8,"The song is an instrumental. The tempo is slow with a choir harmonising and creating ethereal chants, string section and a philharmonic orchestra harmony backing. The song is ethereal and magical. The song has poor audio quality.","['instrumental music', 'movie soundtrack', 'ethereal music', 'philharmonic orchestra', 'slow rap chants', 'choral harmony', 'magical energy', 'magical journey', 'violins', 'string section harmony', 'rhythm section', 'ethereal tones', 'pulsating energy', 'bad audio quality', 'concert hall', 'opera hall', 'conductor', 'composer', 'western classical music', 'sonic effects', 'keyboard accompaniment']",val
reggae,C:\Users\user\Downloads\gnn_bert_music_context\data\processed\graphs\reggae\reggae.00094.pkl,C:\Users\user\Downloads\gnn_bert_music_context\data\processed\features\reggae\reggae.00094.npy,H-bTMbePj0A,The song is an instrumental. The song is medium tempo with a percussionist playing a delightful melody on the steel drums with a steady drum rhythm and a percussive bass line. The song is cheerful and has a life message of being happy. The song audio quality is poor.,"['steel drums', 'caribbean music', 'song cover', 'percussive bass line', 'movie sound track', 'groovy rhythm', 'instrumental cover', 'instrumental music', 'percussionist', 'groovy rhythm', 'memdium tempo', 'steady drumming rhythm', 'reggae music influences', 'soloist', 'emotional', 'life is good', 'sand and sea', 'tropical beach party', 'disney movie', 'children’s favourites', 'cheerful', 'positive', 'inspiring', 'life is good', 'motivational']",val
jazz,C:\Users\user\Downloads\gnn_bert_music_context\data\processed\graphs\jazz\jazz.00090.pkl,C:\Users\user\Downloads\gnn_bert_music_context\data\processed\features\jazz\jazz.00090.npy,CrkxrgTiVyk,"The low quality recording features a live performance of a jazz song and it consists of a groovy bass guitar, groovy rhodes keys, electric guitar melody, shimmering hi hats, punchy kick and punchy snare hits. It sounds groovy, funky and passionate. The recording is noisy and in mono.","['low quality', 'jazz', 'live performance', 'mono', 'noisy', 'groovy bass', 'groovy rhodes keys melody', 'electric guitar melody', 'shimmering hi hats', 'punchy kick', 'punchy snare', 'funky', 'groovy', 'passionate']",val
metal,C:\Users\user\Downloads\gnn_bert_music_context\data\processed\graphs\metal\metal.00012.pkl,C:\Users\user\Downloads\gnn_bert_music_context\data\processed\features\metal\metal.00012.npy,GrbrWNohr6Y,"A female vocalist sings this mellow song. The tempo is slow with a subtle electric guitar accompaniment. The audio quality is inferior making it difficult to hear the song well. There is another track superimposed over the song which has sound so footsteps, metal being dragged, crickets, cricket chirping, breeze and some rustling. This is an audio of a song being played outdoors.","['female vocalist', 'slow tempo', 'static', 'growling sound', 'crickets', 'ambient outdoor sounds', 'rustling', 'mellow', 'soft', 'two tracks', 'outdoors', 'subtle electric guitar', 'metal being dragged', 'white noise', 'cricket chirping']",val
pop,C:\Users\user\Downloads\gnn_bert_music_context\data\processed\graphs\pop\pop.00099.pkl,C:\Users\user\Downloads\gnn_bert_music_context\data\processed\features\pop\pop.00099.npy,lePP2BaZhJU,This pop rock song features a guitar riff being played. This guitar has a chorus effect added to the sound. Another guitar plays one chord in a three stroke grouping. The bass plays only one note throughout the song. This is accompanied by percussion playing a simple beat in common time. There are no voices in this song. This is an instrumental song. This song can be played in a movie with sports as the focus.,"['pop rock', 'guitar', 'percussion', 'no voices', 'instrumental', 'moderate tempo', 'upbeat song']",val
metal,C:\Users\user\Downloads\gnn_bert_music_context\data\processed\graphs\metal\metal.00066.pkl,C:\Users\user\Downloads\gnn_bert_music_context\data\processed\features\metal\metal.00066.npy,LyTwxJiSt7A,A xylophone or another bell sounding metal instrument is playing a melody that sounds like a lullaby. Someone is burping loud and with full force. Then  you can hear a high pitched voice laughing. These sounds don't seem to belong to the music. This song may be playing in a cartoon sequence.,"['lullaby', 'bell-sounds', 'burping sounds', 'high pitches voice laughing']",val
rock,C:\Users\user\Downloads\gnn_bert_music_context\data\processed\graphs\rock\rock.00020.pkl,C:\Users\user\Downloads\gnn_bert_music_context\data\processed\features\rock\rock.00020.npy,t8SLY7xn7Sc,"The low quality recording features a rock song that consists of a passionate female vocal singing over shimmering hi hats, punchy snare, mellow kick hits, uptempo acoustic rhythm guitar, groovy bass and some crowd talking sounds in the background. It sounds energetic, happy and addictive.","['low quality', 'rock', 'passionate female vocal', 'shimmering hi hats', 'punchy snare', 'uptempo acoustic rhythm guitar', 'electric guitar melody', 'groovy bass', 'crowd talking sounds', 'mellow kick hits', 'happy', 'addictive', 'energetic']",val
rock,C:\Users\user\Downloads\gnn_bert_music_context\data\processed\graphs\rock\rock.00054.pkl,C:\Users\user\Downloads\gnn_bert_music_context\data\processed\features\rock\rock.00054.npy,hSK405L-DlQ,The acoustic drums are playing a groove with crash hits and a bass that sounds distorted while a female voice is singing. Then a male singer with an effect on his voice is almost screaming while an e-guitar is playing a melody. This song may be playing in a rock&roll bar.,"['rock', 'e-guitar', 'e-bass', 'acoustic drums', 'female voice singing', 'male voice singing', 'upbeat']",val
jazz,C:\Users\user\Downloads\gnn_bert_music_context\data\processed\graphs\jazz\jazz.00073.pkl,C:\Users\user\Downloads\gnn_bert_music_context\data\processed\features\jazz\jazz.00073.npy,kVYXcbvw9u4,"This music is an electronic instrumental; the tempo is medium with a solo electric guitar lead and no accompanying instruments. The music is melodic, rhythmic, and groovy.","['instrumental', 'electric guitar', 'amplified', 'vibration', 'string instrument', 'electric guitar lead', 'minimalist', 'groovy', 'external amplification', 'heavy metal', 'rock', 'reggae', 'jazz', 'funk']",val
pop,C:\Users\user\Downloads\gnn_bert_music_context\data\processed\graphs\pop\pop.00032.pkl,C:\Users\user\Downloads\gnn_bert_music_context\data\processed\features\pop\pop.00032.npy,z6SNngkMAug,"A female singer sings this poignant melody. The song is slow tempo with an electric guitar buzzing harmony, piano accompaniment, steady drumming rhythm, keyboard harmony, groovy bass line and Tambour percussions. The song is emotional and melancholic. The song is a poor quality recording of a classic pop song.","['female singer', 'grunge keyboard tones', 'classic pop hits', 'dreamscapes', 'tambourine percussions', 'steady drumming rhythm', 'booming bass line', 'traditional percussion rhythm', 'chaotic harmony', 'poor audio quality', 'electric guitar tremolo tones', 'piano accompaniment', 'pop song', 'classic pop song', 'inspiring', 'emotional', 'slow tempo', 'trudging drum rhythm', 'sadness', 'melancholic']",val
classical,C:\Users\user\Downloads\gnn_bert_music_context\data\processed\graphs\classical\classical.00040.pkl,C:\Users\user\Downloads\gnn_bert_music_context\data\processed\features\classical\classical.00040.npy,HVsXJDR1_Lw,"The low quality recording features a musical played on a small device that reproduces mono sound. The song consists of energetic drums, brass section and passionate female vocal singing on top of it. It sounds noisy, muffled and thin, as it was probably recorded with a poor quality microphone.","['low quality', 'live performance', 'muffled', 'thin', 'orchestral', 'passionate female vocal', 'mono', 'musical', 'energetic drums', 'brass section', 'noisy']",val
blues,C:\Users\user\Downloads\gnn_bert_music_context\data\processed\graphs\blues\blues.00086.pkl,C:\Users\user\Downloads\gnn_bert_music_context\data\processed\features\blues\blues.00086.npy,4sD0Bvt3FKk,A blues rock song is being played. Containing drums that are playing a simple groove along with a blues bassline that is supported by an e-guitar playing the same melody. So does a piano just in a higher pitch adding harmony. The female voices are singing together. Then an e-guitar starts playing a little solo-melody. There are some airy background noises that seem not to belong to the recording. This song may be playing at a local car workshop.,"['country/blues/rock', 'female voices singing', 'e-guitar', 'acoustic drums', 'piano', 'b ackground noises', 'e-bass', 'medium tempo']",val
jazz,C:\Users\user\Downloads\gnn_bert_music_context\data\processed\graphs\jazz\jazz.00074.pkl,C:\Users\user\Downloads\gnn_bert_music_context\data\processed\features\jazz\jazz.00074.npy,CrkxrgTiVyk,"The low quality recording features a live performance of a jazz song and it consists of a groovy bass guitar, groovy rhodes keys, electric guitar melody, shimmering hi hats, punchy kick and punchy snare hits. It sounds groovy, funky and passionate. The recording is noisy and in mono.","['low quality', 'jazz', 'live performance', 'mono', 'noisy', 'groovy bass', 'groovy rhodes keys melody', 'electric guitar melody', 'shimmering hi hats', 'punchy kick', 'punchy snare', 'funky', 'groovy', 'passionate']",val
reggae,C:\Users\user\Downloads\gnn_bert_music_context\data\processed\graphs\reggae\reggae.00024.pkl,C:\Users\user\Downloads\gnn_bert_music_context\data\processed\features\reggae\reggae.00024.npy,S_Z7o4OmU30,"The Reggae/Dub song features a subtle funky electric guitar melody with echoing guitar pedal effects on, punchy snare, soft kick hits, groovy bass and shimmering cymbals, while the wide harmonizing male vocals are singing over it. It sounds easygoing and chill, like something you would listen to on a beautiful Sunday afternoon.","['reggae/dub', 'punchy snare', 'subtle funky electric guitar melody', 'wide harmonizing male vocals', 'echoing guitar pedal effects', 'shimmering cymbals', 'soft kick', 'easygoing', 'chill', 'groovy bass']",val
reggae,C:\Users\user\Downloads\gnn_bert_music_context\data\processed\graphs\reggae\reggae.00007.pkl,C:\Users\user\Downloads\gnn_bert_music_context\data\processed\features\reggae\reggae.00007.npy,L5Uu_0xEZg4,"The song is a traditional south asian dance song with clear reggae influences. It is upbeat, vibrant and features bouncy reggae percussion. There are brass instruments playing cheerful motifs, and the lead singer has reverb and ample autotune applied to his vocal. There's a background vocalist adding shouted ad-libs to the song.","['south asian dance music', 'reggae style rhythm', 'brass instruments', 'trumpets', 'autotuned vocal', 'background shouting', 'background ad-libs', 'vibrant']",val
rock,C:\Users\user\Downloads\gnn_bert_music_context\data\processed\graphs\rock\rock.00063.pkl,C:\Users\user\Downloads\gnn_bert_music_context\data\processed\features\rock\rock.00063.npy,P65yE_EXLd8,"This song is an animated duo in a male and female volume. The tempo is slow with a Pisano harmony, synthesiser arrangement and a small hand percussion. The song is a lively, simple, expressive,animated, rhythmic and informational children’s song/ nursery rhyme .","['duet', 'slow tempo', 'piano harmony', 'vocal backup', 'expressive', 'receptive language', 'rhyming', 'descriptive words', 'listening and learning', 'chimes', 'synthesiser arrangement', 'children music', 'nursery rhyme', 'rock', 'scissors paper', 'simple', 'catchy', 'learning for kids', 'animated', 'hand percussion']",val
reggae,C:\Users\user\Downloads\gnn_bert_music_context\data\processed\graphs\reggae\reggae.00060.pkl,C:\Users\user\Downloads\gnn_bert_music_context\data\processed\features\reggae\reggae.00060.npy,GkB_BkyVyPs,"The low quality recording features a live performance of a reggae song that consists of shimmering cymbals, addictive brass melody and muffled male vocal singing over it. It is noisy and in mono, and it sounds thin, harsh, muddy, messy and energetic.","['low quality', 'shimmering cymbals', 'noisy', 'mono', 'addictive brass melody', 'muffled male vocal', 'live performance', 'reggae', 'loud', 'thin', 'harsh', 'muddy', 'messy', 'energetic']",val
jazz,C:\Users\user\Downloads\gnn_bert_music_context\data\processed\graphs\jazz\jazz.00058.pkl,C:\Users\user\Downloads\gnn_bert_music_context\data\processed\features\jazz\jazz.00058.npy,MrMXYO2fzJ4,"The low quality recording features a latin jazz song played in the background over which a drums solo is played. The solo consists of shimmering hi hats, punchy snare and kick hits and low tom rolls, while the latin jazz song consists of groovy piano chords and wooden percussion. It sounds energetic and exciting.","['low quality', 'latin jazz', 'groovy piano chords', 'wooden percussion', 'drums solo', 'punchy kick', 'punchy snare', 'low tom roll', 'shimmering hi hats', 'energetic', 'exciting']",val
blues,C:\Users\user\Downloads\gnn_bert_music_context\data\processed\graphs\blues\blues.00074.pkl,C:\Users\user\Downloads\gnn_bert_music_context\data\processed\features\blues\blues.00074.npy,-cQ-jUTEgck,This is a live performance of a southern rock piece. There is an electric guitar playing a blues solo. There is a bass guitar playing in the background. The rhythm is being played by the acoustic drums. The atmosphere is groovy. This piece could be playing in the background at a rock bar.,"['southern rock', 'blues rock', 'live performance', 'electric guitar', 'guitar solo', 'keyboard', 'bass guitar', 'acoustic drums', 'groovy']",val
blues,C:\Users\user\Downloads\gnn_bert_music_context\data\processed\graphs\blues\blues.00063.pkl,C:\Users\user\Downloads\gnn_bert_music_context\data\processed\features\blues\blues.00063.npy,imIFtW4O5S0,This song contains someone playing a blues melody on the acoustic piano along with an e-guitar and an e-bass. The acoustic drums are playing a constant rhythm while male deep voice is backed by higher sounding male voices singing harmonies along with him. Then a male voice starts talking that seems not to be part of the musical composition. This song may be playing in a cafe.,"['gospel/blues', 'male voices singing', 'low to higher register', 'male voice talking', 'acoustic piano', 'e-bass', 'acoustic drums', 'e-guitar', 'uptempo']",val
disco,C:\Users\user\Downloads\gnn_bert_music_context\data\processed\graphs\disco\disco.00047.pkl,C:\Users\user\Downloads\gnn_bert_music_context\data\processed\features\disco\disco.00047.npy,vx5iuWuE2Ng,This song contains acoustic drums playing a groove along with an e-bass and a tambourine. A brass section is playing along with the drum fills  and the bongos. A piano is playing a melody together with a guitar strumming chords in the mid range. The male singer sounds loud and soulful. This song may be playing in a rollerblade disco.,"['r&b/soul', 'e-bass', 'brass section', 'e-guitar', 'bongos', 'acoustic drums', 'male voice singing', 'tambourine', 'piano', 'medium to uptempo']",val
classical,C:\Users\user\Downloads\gnn_bert_music_context\data\processed\graphs\classical\classical.00064.pkl,C:\Users\user\Downloads\gnn_bert_music_context\data\processed\features\classical\classical.00064.npy,7Vjp9y6wvkY,"This song is a soothing instrumental. The tempo is slow with a melancholic violin harmony, banjo and resonator accompaniment, sound of chimes and a sharp tinkle. The music is soft, soothing, melancholic, serene, meditative, pensive and nostalgic. The music uses country style instrumentation.","['instrumental', 'slow tempo', 'violin harmony', 'violins', 'resonator', 'fiddle', 'banjo', 'country instrumental', 'country music', 'mandolin', 'cello', 'chimes', 'ambient sounds of nature', 'piano accompaniment', 'mellow', 'celestial', 'ethereal', 'soothing', 'peaceful', 'bowed string instrument', 'symphony', 'melancholic', 'mellifluous', 'dulcet']",val
rock,C:\Users\user\Downloads\gnn_bert_music_context\data\processed\graphs\rock\rock.00058.pkl,C:\Users\user\Downloads\gnn_bert_music_context\data\processed\features\rock\rock.00058.npy,K8On7nUJuP8,The track is of a baby crying incessantly being consoled by a song being played on a phone. The song is medium tempo with a male singer singing to Bollywood music. The audio quality is extremely poor.,"['baby crying incessantly', 'phon playing music', 'bollywood movie song', 'retro hindi hits', 'ambient room noises', 'male singer', 'flute melody', 'medium tempo', 'emotional music', 'bad audio quality', 'i’d kan movie song', 'bollywood music', 'make singer', 'ambient rock', 'noises', 'hissing vocals', 'memdium tempo', 'retro hindi hits', 'emotional', 'crackling male vocals', 'love song', 'consoling a baby’s  cry']",val
jazz,C:\Users\user\Downloads\gnn_bert_music_context\data\processed\graphs\jazz\jazz.00075.pkl,C:\Users\user\Downloads\gnn_bert_music_context\data\processed\features\jazz\jazz.00075.npy,3dzR3ZWOe8Y,This song contains acoustic drums playing a complex rhythm along with a e-bass playing a walking bassline and a piano playing jazz chords in the mid range. A baritone saxophone is playing the main melody accompanied by other brass instruments. This song may be playing during a live concert.,"['jazz', 'baritone saxophone', 'acoustic piano', 'saxophones', 'trombones', 'trumpets', 'acoustic drums', 'e-bass', 'very fast tempo']",val
metal,C:\Users\user\Downloads\gnn_bert_music_context\data\processed\graphs\metal\metal.00000.pkl,C:\Users\user\Downloads\gnn_bert_music_context\data\processed\features\metal\metal.00000.npy,2nsZhXxes68,"An acoustic drum is playing a groove with crash hits and a double-bass drum along with the e-bass and an e-guitar playing bass notes along with the complex kickdrum. A oriental sounding string and brass-section is playing a melody. The male voice sounds very aggressive, screaming with full force. This song may be playing at a live concert.","['hardrock/metal', 'oriental string melody', 'male voice streaming', 'acoustic drums', 'e-guitar', 'e-bass', 'highly aggressive and loud']",val
jazz,C:\Users\user\Downloads\gnn_bert_music_context\data\processed\graphs\jazz\jazz.00023.pkl,C:\Users\user\Downloads\gnn_bert_music_context\data\processed\features\jazz\jazz.00023.npy,nVsAyArtEh0,The music features an electric guitar playing what sounds to be a solo over a backing track or an actual recording of a song. The notes played in this passage are played fast. The vocabulary used by the guitarist resembles that of the jazz-fusion genre.,"['electric guitar', 'solo', 'backing track', 'fast notes', 'jazz-fusion genre']",val
reggae,C:\Users\user\Downloads\gnn_bert_music_context\data\processed\graphs\reggae\reggae.00066.pkl,C:\Users\user\Downloads\gnn_bert_music_context\data\processed\features\reggae\reggae.00066.npy,S_Z7o4OmU30,"The Reggae/Dub song features a subtle funky electric guitar melody with echoing guitar pedal effects on, punchy snare, soft kick hits, groovy bass and shimmering cymbals, while the wide harmonizing male vocals are singing over it. It sounds easygoing and chill, like something you would listen to on a beautiful Sunday afternoon.","['reggae/dub', 'punchy snare', 'subtle funky electric guitar melody', 'wide harmonizing male vocals', 'echoing guitar pedal effects', 'shimmering cymbals', 'soft kick', 'easygoing', 'chill', 'groovy bass']",val
disco,C:\Users\user\Downloads\gnn_bert_music_context\data\processed\graphs\disco\disco.00060.pkl,C:\Users\user\Downloads\gnn_bert_music_context\data\processed\features\disco\disco.00060.npy,ABWE9tjTvuI,"This song has a characteristically disco-like groove, with its funky bassline. There is an electric guitar where single notes are being plucked. The vocalist has an alternative indie type voice.","['dance music', 'electric guitar plucking', 'four on the floor', 'indie alternative vocal', 'disco bassline', 'contemporary pop dance']",val
jazz,C:\Users\user\Downloads\gnn_bert_music_context\data\processed\graphs\jazz\jazz.00022.pkl,C:\Users\user\Downloads\gnn_bert_music_context\data\processed\features\jazz\jazz.00022.npy,wXmIm6Bq3Tc,The music features a mix between jazz and soul music. The instrumental is easygoing and fun. A male singer with a seductive and appealing voice sings a fun melody. A saxophone plays a melody in the background that adds texture to the instrumental. The music is a live recording of a performance.,"['jazz fusion', 'r&b/soul', 'easygoing', 'appealing male vocals', 'seductive saxophone', 'mid tempo', 'fun', 'jazzy drum kit', 'live music']",val
pop,C:\Users\user\Downloads\gnn_bert_music_context\data\processed\graphs\pop\pop.00064.pkl,C:\Users\user\Downloads\gnn_bert_music_context\data\processed\features\pop\pop.00064.npy,mBRr_TqLDf4,"This classic pop song features a female voice singing the main melody. This is accompanied by electronic drums playing the snare. The snare is played alternating between 1 beat and two beats for every count in each bar. The bass plays a groovy lick using the root notes of the chords. Hand caps are played at different intervals in this song. At the end, a synth plays a chord, a lower chord and back to the first chord. This song has a happy feel. This song can be played in a retro movie scene involving a casino.","['retro song', 'pop song', 'female voice', 'bass song', 'electronic drums', 'hand claps', 'synth sounds', 'moderate tempo', 'dance song', 'happy mood']",val
country,C:\Users\user\Downloads\gnn_bert_music_context\data\processed\graphs\country\country.00052.pkl,C:\Users\user\Downloads\gnn_bert_music_context\data\processed\features\country\country.00052.npy,75UH33tO0Bo,This country song features a female voice singing the main melody. The melody is a contemporary country song melody. This is accompanied by the kick drum playing on every count. A synth is playing a repetitive melody in the background using two note groups. A guitar plays chords in the background. The bass plays the root notes of the chords. The mood of this song is romantic. This song can be played in a romantic movie.,"['country song', 'female voice', 'bass', 'kick drum', 'guitar', 'synth', 'romantic mood', 'moderate tempo']",val
hiphop,C:\Users\user\Downloads\gnn_bert_music_context\data\processed\graphs\hiphop\hiphop.00088.pkl,C:\Users\user\Downloads\gnn_bert_music_context\data\processed\features\hiphop\hiphop.00088.npy,-oP-XX28B0s,"A male singer sings this cool hip hop love song with backup singers in vocal harmony. The tempo is medium with keyboard accompaniment, piano accompaniment, steady drumming rhythm, clapping percussion and other sonic effects. The song is emotional and romantic with a cool dance  groove,","['male singer', 'hip hop music', 'backup singers', 'live performance', 'live audience', 'super hits', 'piano accompaniment', 'groovy bass line', 'steady drumming line', 'slick drumming rhythm', 'emotional', 'romantic', 'passionate', 'together forever', 'love song', 'hip hop hits', 'groovy rhythm', 'dance song', 'hip hops love song', 'clapping rhythm']",val
jazz,C:\Users\user\Downloads\gnn_bert_music_context\data\processed\graphs\jazz\jazz.00035.pkl,C:\Users\user\Downloads\gnn_bert_music_context\data\processed\features\jazz\jazz.00035.npy,p1DNl8BF49U,"The low quality recording features a live performance of a jazz song and it consists of groovy double bass, trombone solo and shimmering hi-hats. The recording is a bit noisy and it sounds warm, intimate and passionate.","['low quality', 'noisy', 'intimate', 'live performance', 'jazz', 'trombone solo', 'groovy double bass', 'shimmering hi hats', 'passionate', 'warm']",val
rock,C:\Users\user\Downloads\gnn_bert_music_context\data\processed\graphs\rock\rock.00052.pkl,C:\Users\user\Downloads\gnn_bert_music_context\data\processed\features\rock\rock.00052.npy,KdNhYvN4Xoo,An acoustic drum is playing a faster groove along with a bassline and a harmonica playing a chord on the offbeat and in a lower key. A e-guitar is playing a melody in the mid range. There are some background noises that remind me of someone brushing his/her teeth. This song may be playing live at a bar.,"['rock/ska', 'e-bass', 'acoustic drums', 'e-guitar', 'harmonica', 'background-noises', 'uptempo', 'positive energy']",val
metal,C:\Users\user\Downloads\gnn_bert_music_context\data\processed\graphs\metal\metal.00053.pkl,C:\Users\user\Downloads\gnn_bert_music_context\data\processed\features\metal\metal.00053.npy,afb7pI_01O4,"The low quality recording features a metal song that consists of aggressive electric guitar melody, distorted bass guitar, shimmering cymbals and muffled kick and snare hits. It sounds energetic, but also harsh, messy, distorted, muddy and loud, since the frequencies are clashing with each other. The volume of the song is dwindling occasionally, making it a really low quality sounding track.","['volume ducking', 'aggressive electric guitar melody', 'distorted bass guitar', 'shimmering cymbals', 'muffled kick', 'muffled snare', 'metal', 'low quality', 'harsh', 'messy', 'distorted', 'muddy', 'loud', 'energetic']",test
classical,C:\Users\user\Downloads\gnn_bert_music_context\data\processed\graphs\classical\classical.00046.pkl,C:\Users\user\Downloads\gnn_bert_music_context\data\processed\features\classical\classical.00046.npy,UVMBRVJTvzg,This amateur audio clip features a marching band. The quality of recording is very low. Percussion can be hard but the notes are not distinct. Steel pans are being played. The style of music is Calypso with Caribbean influence. This is not a typical marching band song as it has a danceable melody.,"['amateur recording', 'marching band', 'steel orchestra', 'caribbean rhythm', 'percussion', 'low quality recording']",test
jazz,C:\Users\user\Downloads\gnn_bert_music_context\data\processed\graphs\jazz\jazz.00068.pkl,C:\Users\user\Downloads\gnn_bert_music_context\data\processed\features\jazz\jazz.00068.npy,_y07ENAx2_E,"The low quality recording features a live performance of a jazz song that consists of a wide passionate, harmonizing male vocals singing over punchy snare and kick hits, shimmering hi hats, groovy bass guitar, synth pad and funky electric guitar melody. It sounds funky, groovy and passionate.","['low quality', 'noisy', 'jazz', 'live performance', 'synth pad', 'groovy bass', 'funky electric guitar melody', 'wide passionate harmonizing male vocals', 'punchy kick', 'punchy kick', 'shimmering hi hats', 'funky', 'groovy', 'passionate']",test
reggae,C:\Users\user\Downloads\gnn_bert_music_context\data\processed\graphs\reggae\reggae.00055.pkl,C:\Users\user\Downloads\gnn_bert_music_context\data\processed\features\reggae\reggae.00055.npy,ZNGvyFsCx4g,This is a reggae piece. There is a male vocalist singing with a Jamaican accent. An electric guitar is playing the main melody with a groovy bass guitar in the background. The rhythmic background is a simple 2/4 reggae beat being played by acoustic drums. The atmosphere is very chill. This piece could be played at beaches and summertime barbecue parties.,"['reggae', 'dub', 'jam', 'male vocal', 'electric guitar', 'bass guitar', 'acoustic drums', 'jamaican', 'groovy', 'relaxing', 'chill']",test
rock,C:\Users\user\Downloads\gnn_bert_music_context\data\processed\graphs\rock\rock.00061.pkl,C:\Users\user\Downloads\gnn_bert_music_context\data\processed\features\rock\rock.00061.npy,CRDDdjDinYc,"A e-guitar takes the lead melody along with the hammond organ. The drums and the bass are providing a rock groove in the background. Another e-guitar is playing along with the bass on the lower notes, it's highly distorted and has some overdrive on it. The male singer streams and sings. His voice is full of reverb and delay. The whole recording is of poor quality. This song may be playing at an old bar.","['indirock', 'hammond organ', 'e-guitars', 'male voice singing', 'acoustic drums', 'amateur recording', 'medium tempo']",test
classical,C:\Users\user\Downloads\gnn_bert_music_context\data\processed\graphs\classical\classical.00099.pkl,C:\Users\user\Downloads\gnn_bert_music_context\data\processed\features\classical\classical.00099.npy,yfXvz2FyZ_U,The song is of a classical style and features an intricate piano phrase alongside some passionate violin playing. The song has a certain intensity and build-up to it.,"['classical style music', 'violin playing', 'piano playing', 'intricate piano motif', 'passionate violin playing', 'passionate song', 'intense', 'energy build-up', 'bravado']",test
disco,C:\Users\user\Downloads\gnn_bert_music_context\data\processed\graphs\disco\disco.00034.pkl,C:\Users\user\Downloads\gnn_bert_music_context\data\processed\features\disco\disco.00034.npy,3rvqiSZB4pA,This is an electronic funk/disco music piece from the 80s. There is a female vocalist singing melodically. The repeated main theme is being played by the keyboard. There is a synth bass playing a groovy bass line. There is an acoustic drum beat in the rhythmic background. The atmosphere is sensual. This piece can be used in the soundtrack of a retro-themed movie.,"['electronic', 'funk', 'disco', 'female voice', 'melodic singing', 'keyboard', 'repeated theme', 'synth bass', 'acoustic drums', 'squeaking sound effects', 'sensual', 'danceable']",test
metal,C:\Users\user\Downloads\gnn_bert_music_context\data\processed\graphs\metal\metal.00073.pkl,C:\Users\user\Downloads\gnn_bert_music_context\data\processed\features\metal\metal.00073.npy,JRmfjBDKCpE,"A male vocalist sings this high energy Rock song. The tempo is fast with enthusiastic and skilled bass guitar lines, intense, hard hitting drums, groovy electric guitar accompaniment and rhythmic keyboard. The song is youthful, animated, spirited, animated,vigorous, incredibly vital and vivacious. This song is Hard Rock/ Progressive metal.","['male vocalist', 'fast tempo', 'hard rock', 'vigorous bass lines', 'youthful', 'animated', 'vigorous', 'vital', 'vivacious', 'progressive', 'metal', 'progressive metal', 'intense electric guitar feedback', 'intense drumming', 'funky bass line', 'vigorous keyboard harmony', 'spirited vocals', 'rock', 'hard rock', 'skilled guitarist', 'youthful', 'vibrant']",test
classical,C:\Users\user\Downloads\gnn_bert_music_context\data\processed\graphs\classical\classical.00002.pkl,C:\Users\user\Downloads\gnn_bert_music_context\data\processed\features\classical\classical.00002.npy,x14jW4c8YnQ,"The low quality recording features an orchestral live performance of a classical song and it contains a wide french horn melody playing over a wide string melody. It sounds easygoing, passionate, dynamic and emotional.","['low quality', 'classical', 'orchestra', 'live performance', 'dynamic', 'wide french horn melody', 'wide strings melody', 'easygoing', 'passionate', 'emotional']",test
jazz,C:\Users\user\Downloads\gnn_bert_music_context\data\processed\graphs\jazz\jazz.00020.pkl,C:\Users\user\Downloads\gnn_bert_music_context\data\processed\features\jazz\jazz.00020.npy,eSsadT6mh7g,"The low quality recording features some camera shuttering sound effects and a jazz song playing in the background. The song consists of a cool saxophone solo melody over groovy bass, easygoing electric guitar chords in the left channel of the stereo image and energetic drums. It sounds easygoing and energetic at the same time.","['low quality', 'camera shuttering sound effect', 'jazz', 'energetic drums', 'groovy bass', 'easygoing electric guitar chords', 'cool saxophone solo melody', 'easygoing', 'energetic']",test
pop,C:\Users\user\Downloads\gnn_bert_music_context\data\processed\graphs\pop\pop.00020.pkl,C:\Users\user\Downloads\gnn_bert_music_context\data\processed\features\pop\pop.00020.npy,7WZwlOrRELI,This is a k-pop song with a bouncy and upbeat feel. The instrumental mainly revolves around an intricate bassline and its interplay with the four on the floor percussive pattern. The vocalist has a gentle and seductive voice.,"['k-pop', 'pop', 'dance', 'four on the floor', 'upbeat', 'bright brass instruments', 'sensual female vocalist', 'korean lyrics', 'playful']",test
hiphop,C:\Users\user\Downloads\gnn_bert_music_context\data\processed\graphs\hiphop\hiphop.00015.pkl,C:\Users\user\Downloads\gnn_bert_music_context\data\processed\features\hiphop\hiphop.00015.npy,3KdyWJ6wTOw,This song features a male voice rapping the lyrics. Female voices sing vocables in the background. This is accompanied by programmed percussion playing a trap beat. The bass plays a groovy bassline by sliding to notes rather than pausing in between notes. A synth plays a repetitive melody in the background. This song can be played in a gangster movie.,"['rap song', 'trap beat', 'male voice', 'female backing voice', 'synth sounds', 'repetitive synth melody', 'moderate tempo', 'groovy bass']",test
classical,C:\Users\user\Downloads\gnn_bert_music_context\data\processed\graphs\classical\classical.00077.pkl,C:\Users\user\Downloads\gnn_bert_music_context\data\processed\features\classical\classical.00077.npy,OyouRYAq-tE,This audio contains someone playing an upright bass with a bow. The melody sounds a little bit dangerous and tension building. This song may be playing in a movie scene where someone is being followed.,"['classical', 'upright bass', 'tension building', 'uptempo']",test
blues,C:\Users\user\Downloads\gnn_bert_music_context\data\processed\graphs\blues\blues.00037.pkl,C:\Users\user\Downloads\gnn_bert_music_context\data\processed\features\blues\blues.00037.npy,V5xL8hLFY58,"The Country Blues song features a flat male vocal singing over acoustic guitar melody, accordion and a sustained brass section melody. It sounds very noisy, vintage and therefore nostalgic and sentimental - like something you would hear in an old movie.","['country blues', 'noisy', 'vintage', 'low quality', 'nostalgic', 'mono', 'flat male vocal', 'acoustic guitar melody', 'accordion melody', 'sustained brass section', 'nostalgic', 'sentimental']",test
blues,C:\Users\user\Downloads\gnn_bert_music_context\data\processed\graphs\blues\blues.00002.pkl,C:\Users\user\Downloads\gnn_bert_music_context\data\processed\features\blues\blues.00002.npy,40i3_JH6FYw,This is a recording of an instrumental jam. There is a blues type solo being performed on an overdriven electric guitar. The guitar has an 80s sound. This recording could be sampled for use in beat-making or as an advertisement jingle.,"['jam', 'instrumental', 'single instrument', 'overdriven electric guitar', 'guitar solo', '80s sound', 'blues']",test
hiphop,C:\Users\user\Downloads\gnn_bert_music_context\data\processed\graphs\hiphop\hiphop.00061.pkl,C:\Users\user\Downloads\gnn_bert_music_context\data\processed\features\hiphop\hiphop.00061.npy,nv1hWkBbG0g,This song contains digital drums with percussive elements such as a cowbell and synth sounds used as short percussion in a higher pitch and also a high pitched voice sample. A male voice is rapping in a higher pitch. This song may be playing while driving in your car.,"['rap', 'digital drums', 'cowbell', 'male voice rapping', 'higher pitch', 'voice sample', 'high pitched', 'melodic percussive sound', 'medium tempo']",test
metal,C:\Users\user\Downloads\gnn_bert_music_context\data\processed\graphs\metal\metal.00030.pkl,C:\Users\user\Downloads\gnn_bert_music_context\data\processed\features\metal\metal.00030.npy,rC4PNZ1XOmU,"The low quality recording features a metal song that consists of wide aggressive electric guitar chords, distorted bass guitar, punchy snare and kick hits alongside some snare rolls, synth keys melody and energetic crash cymbals. There are some glass hits and metallic object sound effects. It sounds chaotic, distorted, aggressive and muddy, since the frequencies are clashing with each other.","['low quality', 'aggressive', 'metal', 'glass hit sound effects', 'metallic object sound effect', 'wide aggressive electric guitar chords', 'distorted bass guitar', 'punchy snare', 'punchy kick', 'energetic crash cymbals', 'synth keys melody', 'chaotic', 'distorted', 'muddy', 'snare rolls']",test
rock,C:\Users\user\Downloads\gnn_bert_music_context\data\processed\graphs\rock\rock.00003.pkl,C:\Users\user\Downloads\gnn_bert_music_context\data\processed\features\rock\rock.00003.npy,qUWYzx7pBSw,This song contains a complex drum groove with fill-ins and a loud groove on the ride cymbal. A distorted e-bass is playing a simple fast bassline along with a distorted e-guitar playing lower notes along with the bass. This song may be playing in a car racing video-game.,"['hard-rock', 'e-bass', 'acoustic drums', 'e-guitar', 'fast tempo', 'aggressive']",test
jazz,C:\Users\user\Downloads\gnn_bert_music_context\data\processed\graphs\jazz\jazz.00064.pkl,C:\Users\user\Downloads\gnn_bert_music_context\data\processed\features\jazz\jazz.00064.npy,4Bc9OoagYmo,"The song has a laid-back, unfussy feel to it. There are various instruments layered to form a smooth, groovy, yet mellow song. The song would be categorized as pop rock, owing to the electric guitar lick and prominent electric guitar chord plucking. There's also an organ and an electric piano. The singer sounds soulful but relaxed.","['electric guitar lick', 'pop rock', 'electric guitar chord plucking', 'mellow', 'laid-back jazzy rock', 'simple jazzy rock drumming', 'organ chords', 'smooth']",test
blues,C:\Users\user\Downloads\gnn_bert_music_context\data\processed\graphs\blues\blues.00029.pkl,C:\Users\user\Downloads\gnn_bert_music_context\data\processed\features\blues\blues.00029.npy,9QwaP-cvdeU,"This song is a Jazz instrumental . The tempo is slow with a lively saxophone harmony, groovy bass line, syncopated piano and slick drumming along with the sound of breeze, some clicking and super mario theme. The song in the background is classic Jazz.","['jazz music', 'instrumental', 'enthusiastic saxophone', 'super mario theme', 'jazz', 'blues', 'wind instrument', 'ambient', 'syncopated piano', 'improvisations', 'super mario tune', 'sound of wave board', 'breeze', 'background chatter', 'groovy bass guitar', 'slick drumming']",test
classical,C:\Users\user\Downloads\gnn_bert_music_context\data\processed\graphs\classical\classical.00027.pkl,C:\Users\user\Downloads\gnn_bert_music_context\data\processed\features\classical\classical.00027.npy,9K8EePrEDdo,"The low quality recording features a live performance of a classical song and it contains trombone melody playing over shimmering hi hats and sustained strings. It sounds muffled, but also passionate and emotional.","['low quality', 'classical', 'live perfomrance', 'shimmering hi hats', 'trombone melody', 'sustained strings', 'muffled', 'passionate', 'emotional']",test
jazz,C:\Users\user\Downloads\gnn_bert_music_context\data\processed\graphs\jazz\jazz.00028.pkl,C:\Users\user\Downloads\gnn_bert_music_context\data\processed\features\jazz\jazz.00028.npy,oBwt8T8P8Zs,"The Jazz song features reverberant saxophones and trumpet melodies playing over groovy double bass, groovy piano melody, shimmering cymbals and soft kick hits. It sounds uptempo, groovy and passionate, like something you would hear in traditional jazz bars.","['jazz', 'reverberant saxophone', 'trumpet melody', 'shimmering cymbals', 'soft kick hits', 'groovy double bass', 'groovy piano melody', 'groovy', 'uptempo', 'passionate']",test
reggae,C:\Users\user\Downloads\gnn_bert_music_context\data\processed\graphs\reggae\reggae.00031.pkl,C:\Users\user\Downloads\gnn_bert_music_context\data\processed\features\reggae\reggae.00031.npy,SkFG5SoXsVk,The song is an instrumental. The tempo is medium with a distinctive reggae style backbeat drumming rhythm and a guitar playing rhythm along with a bass guitar solo. The song is extremely passionate and groovy in nature. The audio quality is poor.,"['instrumental music', 'reggae music', 'drum stick play', 'ska song', 'classic dance hits', 'tropical vibes', 'medium tempo', 'bouncy', 'retro dance hits', 'tropical paradise', 'rim shots', 'ska music', 'retro ska', 'syncopated rhythms', 'guitar accompaniment', 'groovy bass line', 'instrumental music', 'guitar lead', 'retro hits', 'steady drumming rhythm', 'groo']",test
pop,C:\Users\user\Downloads\gnn_bert_music_context\data\processed\graphs\pop\pop.00017.pkl,C:\Users\user\Downloads\gnn_bert_music_context\data\processed\features\pop\pop.00017.npy,5P5XAclO8ko,This is a pop rock piece. There is a female vocalist singing melodically at the forefront. The melody is being played by a wide-sounding strings section and an acoustic guitar. The bass guitar is playing the root notes in the background. The rhythmic structure is provided by a simple acoustic drum beat. The song is in minor key. The atmosphere is sentimental and filled with longing. This piece could be included in the soundtrack of a teenage drama movie or TV series.,"['pop rock', 'female vocal', 'melodic singing', 'strings', 'acoustic guitar', 'bass guitar', 'acoustic drums', 'sentimental', 'longing', 'minor key']",test
disco,C:\Users\user\Downloads\gnn_bert_music_context\data\processed\graphs\disco\disco.00092.pkl,C:\Users\user\Downloads\gnn_bert_music_context\data\processed\features\disco\disco.00092.npy,MSqQKf3O3vY,"A male singer sings this pop melody with animated vocals making annoying sounds. The song is medium tempo with backup vocals singing harmony, keyboard accompaniment, percussive a bass line and strong drumming rhythm. The song is a background track for an animated tv show. The audio quality is very poor.","['animated vocals', 'male singer', 'medium fast tempo', 'children’s show', 'funny tv show', 'comedy', 'slapstick comedy', 'backup singers', 'multiple overlapping tracks', 'groovy bass line', 'discordant vocal tones', 'keybiard accompaniment', 'dance rhythm', 'retro pop song', 'animated movie soundtrack', 'annoying vocal sounds', 'poor audio quality']",test
country,C:\Users\user\Downloads\gnn_bert_music_context\data\processed\graphs\country\country.00094.pkl,C:\Users\user\Downloads\gnn_bert_music_context\data\processed\features\country\country.00094.npy,9A_OmOetiuw,"The low quality recording features a, what it seems like, cover of a country song and it consists of flat male vocals singing over acoustic sitar guitar melody. It sounds very noisy, but also heartfelt and emotional.","['low quality', 'acoustic sitar guitar melody', 'flat male vocal', 'noisy', 'heartfelt', 'country', 'emotional']",test
pop,C:\Users\user\Downloads\gnn_bert_music_context\data\processed\graphs\pop\pop.00095.pkl,C:\Users\user\Downloads\gnn_bert_music_context\data\processed\features\pop\pop.00095.npy,tJHFSRTPyew,"A female vocalist sings this spirited pop. The tempo is  medium fast with percussion accompaniment like congas, bongos and drums , tambourine beats,along with amplified flute like the Ney and rhythmic oud. The music is catchy, youthful, groovy, breezy, romantic, pleasant and spirited. This music is contemporary Folk Pop.","['female vocalist', 'medium fast tempo', 'simple melody', 'romantic', 'breezy fresh', 'pleasant', 'groovy', 'dance music', 'dance pop', 'club music', 'tambourine beats', 'catchy', 'punchy', 'perky', 'amplified flute', 'ney', 'oud', 'electronic music', 'pop folk', 'bulgarian', 'middle eastern music', 'hand percussion', 'congas', 'bongos', 'steady drumming', 'synthesiser arrangements', 'amplified ney', 'oud rhythm']",test
blues,C:\Users\user\Downloads\gnn_bert_music_context\data\processed\graphs\blues\blues.00097.pkl,C:\Users\user\Downloads\gnn_bert_music_context\data\processed\features\blues\blues.00097.npy,m8-aK8egg84,"Solo harmonica playing blues licks, followed by a male voiceover.","['solo harmonica', 'blues licks', 'male voiceover']",test
rock,C:\Users\user\Downloads\gnn_bert_music_context\data\processed\graphs\rock\rock.00074.pkl,C:\Users\user\Downloads\gnn_bert_music_context\data\processed\features\rock\rock.00074.npy,U6aLiMIlqCc,This piece is a live performance of dancers playing the tambourine over a rock music piece in the background. The background piece has a female vocal and an electric guitar both in the major scale. A loud drum backing can also be heard.,"['tambourine', 'rock', 'electric guitar', 'female vocal', 'drums', 'dance', 'live performance']",test
rock,C:\Users\user\Downloads\gnn_bert_music_context\data\processed\graphs\rock\rock.00087.pkl,C:\Users\user\Downloads\gnn_bert_music_context\data\processed\features\rock\rock.00087.npy,iqEQBCrOLWc,This folk rock song features two male voices singing in harmony. This is accompanied by a guitar playing a fingerpicking pattern. The bass plays the root notes of the chords. There is no percussion in this song. The voices are calming and the song is relaxing to listen to. The voice sings in a story-telling mood. This song can be played in a coming of age movie.,"['folk rock', 'guitar song', 'male voices', 'vocal harmony', 'slow tempo', 'bass', 'story telling mood', 'emotional song', 'relaxing song', 'easy listening']",test
blues,C:\Users\user\Downloads\gnn_bert_music_context\data\processed\graphs\blues\blues.00095.pkl,C:\Users\user\Downloads\gnn_bert_music_context\data\processed\features\blues\blues.00095.npy,aLnBwjLUZao,"This blues song features a male voice singing the main melody at a comfortable pitch. This is accompanied by percussion playing a simple rock beat in common time. An overdriven guitar plays a blues riff. After one bar, the guitar and bass pause while the percussion and voice continues. The bass plays the root notes of the chords. The mood of this song is happy. This song can be played in a bar scene in a movie.","['rock song', 'blues song', 'male voice', 'low quality audio', 'overdriven guitar', 'percussion', 'bass', 'happy mood', 'moderate tempo']",test
metal,C:\Users\user\Downloads\gnn_bert_music_context\data\processed\graphs\metal\metal.00018.pkl,C:\Users\user\Downloads\gnn_bert_music_context\data\processed\features\metal\metal.00018.npy,paeNnR33i5Q,This is the live performance of a progressive metal music piece. The electric guitar is playing a complex solo in the lead. There is a bass guitar playing in the background. The rhythm is played by the acoustic drums. There is an agitated feel to the piece. This piece could be playing in the background at a rock bar.,"['live performance', 'instrumental', 'progressive metal music', 'electric guitar', 'guitar solo', 'bass guitar', 'acoustic drums', 'agitated']",test
hiphop,C:\Users\user\Downloads\gnn_bert_music_context\data\processed\graphs\hiphop\hiphop.00062.pkl,C:\Users\user\Downloads\gnn_bert_music_context\data\processed\features\hiphop\hiphop.00062.npy,GQPOpFX20Gw,This instrumental contains a digital piano playing a beautiful melody that sounds a little bit like standing in the rain on a summer day. The electronic drums sound without dynamics but with a strong kick that gets supported by the bassline. A snare hit stands in the foreground. A hi-hat fills the space in between and gets surrounded by stringsounds playing a minimalist melody with a lot of reverb on it. A short snappy pluck sound is also playing a melody. barely noticeable. This song may be playing in a chapter of a video game.,"['electronic/rapbeat', 'synthetic strings and pads', 'sampled piano', 'digital bass', 'digital drums', 'amateur recording']",test
country,C:\Users\user\Downloads\gnn_bert_music_context\data\processed\graphs\country\country.00016.pkl,C:\Users\user\Downloads\gnn_bert_music_context\data\processed\features\country\country.00016.npy,q-sJu8CoZts,"A male vocalist sings this high energy Country Song. The tempo is fast with animated Banjo, fiddle, auto harp, acoustic guitar and cello. The song is cheerful, happy, enthusiastic, fervent, pulsating, buoyant and animated with vocalising and backup. This song is a spirited Country Folk Song.","['male vocalist', 'fast tempo', 'country music', 'lively vocals', 'lively backup', 'banjo', 'cello', 'auto harp', 'fiddle', 'acoustic guitar', 'country music', 'country folk music', 'vocalisation', 'high energy', 'fun', 'merry', 'cheerful', 'live performance', 'concert', 'live audience', 'enthusiastic', 'animated', 'regional music']",test
disco,C:\Users\user\Downloads\gnn_bert_music_context\data\processed\graphs\disco\disco.00050.pkl,C:\Users\user\Downloads\gnn_bert_music_context\data\processed\features\disco\disco.00050.npy,fhWzjWZqzvs,"The low quality recording features a Northern Soul song that consists of passionate female vocal singing over groovy piano chords, groovy bass, shimmering tambourine layered with punchy snare hits, muddy kick hits and groovy church organ melody. It sounds thin, but also easygoing, nostalgic, sentimental and passionate - like something you would hear in clubs during 60s and 70s.","['low quality', 'northern soul', 'passionate female vocal', 'groovy piano chords progression', 'groovy bass', 'shimmering tambourine', 'muddy kick', 'punchy snare', 'groovy church organ melody', 'passionate', 'easygoing', 'disco', 'thin', 'sentimental', 'nostalgic']",test
metal,C:\Users\user\Downloads\gnn_bert_music_context\data\processed\graphs\metal\metal.00060.pkl,C:\Users\user\Downloads\gnn_bert_music_context\data\processed\features\metal\metal.00060.npy,ZSHm7FdyxpQ,"This is a dubstep clip, with a high energy synth melody. The bass and percussion patterns are complex, with a kick drum that follows the cadence and timing of the fuzzy bass. The track is an electronic music track which can be heard in niche bars and clubs around the world.","['dubstep', 'electronic music', 'fast paced rhythmic synth', 'complex percussion pattern', 'metallic vibrational bass']",test
jazz,C:\Users\user\Downloads\gnn_bert_music_context\data\processed\graphs\jazz\jazz.00088.pkl,C:\Users\user\Downloads\gnn_bert_music_context\data\processed\features\jazz\jazz.00088.npy,aUH12rRIVDw,This song features a wind instrument sounding like a saxophone. This is accompanied by percussion playing a simple beat. The melody of this song is jazzy. A piano plays chords. An electric piano or keyboard plays a descending lick before the instruments pause momentarily. The mood of the song is happy. There are no voices in this song.,"['piano music', 'percussion', 'wind instrument', 'jazz melody', 'happy mood', 'no voices', 'instrumental']",test
hiphop,C:\Users\user\Downloads\gnn_bert_music_context\data\processed\graphs\hiphop\hiphop.00022.pkl,C:\Users\user\Downloads\gnn_bert_music_context\data\processed\features\hiphop\hiphop.00022.npy,NwA9JSlK_lM,This is an Irish folk music piece. There is no singer. The main melody is being played by the uilleann pipes and the fiddle at a high pitch. The acoustic guitar is playing a rapid procession of chords in the background. The atmosphere is lively. This piece could be playing in the background at an Irish pub. It could also be used in the soundtracks of movies and TV shows that have a theme with an Irish influence.,"['irish folk music', 'no singer', 'instrumental', 'uilleann pipes', 'fiddle', 'acoustic guitar', 'vibrant', 'joyful', 'lively', 'steady tempo']",test
disco,C:\Users\user\Downloads\gnn_bert_music_context\data\processed\graphs\disco\disco.00053.pkl,C:\Users\user\Downloads\gnn_bert_music_context\data\processed\features\disco\disco.00053.npy,jx27p7k2lSw,"An e-piano is playing a melody and chords with a lot of tremolo while thin, airy synth pads are playing long evolving sounds. A male voice is singing in a higher register with effects on his voice. It sounds like a voice sample. This song may be playing in a club.","['r&b/disco', 'synthesizer pads', 'e-piano', 'male voice singing', 'atmospheric', 'slow tempo']",test
pop,C:\Users\user\Downloads\gnn_bert_music_context\data\processed\graphs\pop\pop.00088.pkl,C:\Users\user\Downloads\gnn_bert_music_context\data\processed\features\pop\pop.00088.npy,TKSFbf-wQ8I,"This song is an instrumental. The tempo is fast but as the audio quality is bad it is hard to hear the song well. The song is electronic music with a boomy, thumping drum beats, rhythmic vocalisation and electrical wave disturbance causing a screechy ,static sound. This song is an Electro Pop song.","['instrumental', 'loud', 'thumping', 'vocalisation', 'energetic', 'dance music', 'dj', 'turntable', 'drum machine', 'static', 'fast tempo', 'bad audio quality', 'screeching', 'thumping', 'vibrations', 'electronic music', 'intense drumming', 'dj', 'club music']",test
country,C:\Users\user\Downloads\gnn_bert_music_context\data\processed\graphs\country\country.00074.pkl,C:\Users\user\Downloads\gnn_bert_music_context\data\processed\features\country\country.00074.npy,vykrv5BaW-s,This song contains someone playing a melody with a flute in a higher register. The flute sounds offkey. An e-guitar is fingerpicking two chords. In the background you can hear percussive instruments and an e-bass. A male voice is talking/shouting sounding as if he wants to motivate the listener. This song may be playing live in a big bar or during an event in a latin.american country.,"['latinmusic', 'amateur recording', 'flute', 'cuica', 'percussion', 'e-guitar', 'e-bass', 'male voice talking/shouting', 'uptempo']",test
disco,C:\Users\user\Downloads\gnn_bert_music_context\data\processed\graphs\disco\disco.00029.pkl,C:\Users\user\Downloads\gnn_bert_music_context\data\processed\features\disco\disco.00029.npy,4a1a-lmDVaY,This funk song features a male voice singing the main melody. Other voices sing backing vocals in harmony. A saxophone plays a repetitive melody. This is accompanied by percussion playing a funk beat. The bass plays a funky bassline. A guitar plays muted chords using a tron effect. This song is upbeat and has a happy mood. This song can be played at a retro style disco.,"['funk song', 'male voice', 'backing voices', 'tambourine', 'saxophone', 'percussion', 'guitar', 'funk bass', 'moderate tempo', 'upbeat', 'repetitive melody', 'guitar tron effect']",test
reggae,C:\Users\user\Downloads\gnn_bert_music_context\data\processed\graphs\reggae\reggae.00050.pkl,C:\Users\user\Downloads\gnn_bert_music_context\data\processed\features\reggae\reggae.00050.npy,BiPwCMlghhQ,This reggae song features a male voice singing the main melody. Other male voices sing backing voices repeating the same melody in between lines. This is accompanied by percussion playing a simple melody using reggae rhythm. The bass plays a groovy bassline using runs within the scale. A guitar plays chords by muting technique producing a reggae rhythm. A keyboard plays chords in the background. This song can be played in a documentary about alleviating poverty.,"['reggae song', 'male voice', 'male backing voice', 'groovy bass', 'reggae guitar', 'percussion', 'keyboard', 'moderate tempo']",test
jazz,C:\Users\user\Downloads\gnn_bert_music_context\data\processed\graphs\jazz\jazz.00085.pkl,C:\Users\user\Downloads\gnn_bert_music_context\data\processed\features\jazz\jazz.00085.npy,DgqPgNqW2hE,"A female singer sings this beautiful vintage French melody. The song is medium tempo with a steady drum rhythm, steady bass line, piano accompaniment , string section harmony and some lush snare play. The song is romantic and cheerful with an avant-garde nature.","['female singer', 'lilting melody', 'vocal vibrato', 'avant-garde', 'string section accompaniment', 'piano accompaniment', 'steady drumming rhythm', 'snare playing', 'retro pop hits', 'avante-garde', 'french jazz', 'retro jazz', 'pleasant', 'emotional', 'it’s a wonderful life', 'carefree', 'love song', 'retro hits', 'vintage pop', 'vintage jazz', 'cheerful', 'romantic']",test
blues,C:\Users\user\Downloads\gnn_bert_music_context\data\processed\graphs\blues\blues.00075.pkl,C:\Users\user\Downloads\gnn_bert_music_context\data\processed\features\blues\blues.00075.npy,cdUk-F-5NCI,"This music is an electric guitar instrumental. The tempo is fast with an enthusiastic electric guitar riff with the voice of a man giving instructions. The music is powerful,emphatic, loud, groovy, youthful, skillful and engaging. This clip is an electric guitar lesson/tutorial.","['instrumental', 'fast tempo', 'male voice speaking', 'demonstration', 'review', 'electric guitar riff', 'loud feed back', 'sonic power', 'amplified guitar', 'stringed instrument', 'rock', 'metal', 'jazz', 'blues', 'intense', 'dense', 'electric guitar lead', 'electric guitar solo', 'electric guitar demo', 'electric guitar lesson', 'tutorial', 'instructional', 'electric guitar', 'smooth', 'skillful', 'passionate']",test
hiphop,C:\Users\user\Downloads\gnn_bert_music_context\data\processed\graphs\hiphop\hiphop.00016.pkl,C:\Users\user\Downloads\gnn_bert_music_context\data\processed\features\hiphop\hiphop.00016.npy,FENJIDecy5s,This song has a catchy synthesizer bassline that is repeating. The electronic drums are playing a four on the floor techno groove with some tambourines and some processed crash sounds. The elements are gently panned to the left and right side of the speakers. The male voice is rapping over the instrumental while a low pitched vocal sample melody is singing a melody and some pieces of that are also panned to the left and right side of the speakers along with some reverb and light delay. This song may be playing in a club or a beach party.,"['electro/pop', 'lower pitched sample', 'singing', 'male voice rapping', 'digital bass sound', 'electronic drums', 'uptempo', 'dance']",test
country,C:\Users\user\Downloads\gnn_bert_music_context\data\processed\graphs\country\country.00043.pkl,C:\Users\user\Downloads\gnn_bert_music_context\data\processed\features\country\country.00043.npy,Ok-ia7ziJy0,This song contains people strumming chords on acoustic guitars while a banjo and a mandolin are taking turns playing a lead melody. In the background you can hear an upright bass playing a fitting bassline. This song may be playing live while having a BBQ with friends.,"['amateur recording', 'folk/country', 'acoustic guitars', 'mandolin', 'banjo', 'upright bass', 'uptempo', 'good mood']",test
metal,C:\Users\user\Downloads\gnn_bert_music_context\data\processed\graphs\metal\metal.00019.pkl,C:\Users\user\Downloads\gnn_bert_music_context\data\processed\features\metal\metal.00019.npy,t5RqDGLiDvo,"A male vocalist sings this violent Rock. The tempo is fast and rigorous with hard hitting drums, intense bass line and aggressive electric guitar lead with synthesiser arrangements. The song is loud, violent, thunderous,passionate, boisterous and aggressive. This song is Death Metal.","['male vocalist', 'fast tempo', 'thunderous percussion', 'aggressive electric guitar', 'hard hitting drums', 'vigorous bass line', 'vigorous', 'goth metal', 'death metal', 'extreme', 'violent', 'thunderous', 'accelerated tempo', 'guttural vocals', 'gruesome', 'angry', 'passionate', 'deep growling', 'screaming', 'loud', 'low tuned guitar', 'aggressive', 'angry', 'passionate', 'intense']",test
jazz,C:\Users\user\Downloads\gnn_bert_music_context\data\processed\graphs\jazz\jazz.00089.pkl,C:\Users\user\Downloads\gnn_bert_music_context\data\processed\features\jazz\jazz.00089.npy,5dG1oPahyto,"The Jazz song features a passionate saxophone melody, followed by an arpeggiated string melody and wide synth pad chords. It sounds passionate, mellow, soft, relaxing and easygoing.","['jazz', 'passionate saxophone melody', 'arpeggiated strings melody', 'wide synth pad chords', 'passionate', 'mellow', 'soft', 'relaxing', 'easygoing']",test
hiphop,C:\Users\user\Downloads\gnn_bert_music_context\data\processed\graphs\hiphop\hiphop.00099.pkl,C:\Users\user\Downloads\gnn_bert_music_context\data\processed\features\hiphop\hiphop.00099.npy,AzGtPHlrlzU,"The low quality recording features an electro song played on a device that produces the mono sound only. The song features a flat male vocal rapping, after which there is a drop that consists of punchy kick and snare hits, shimmering cymbals and synth lead melody. It sounds exciting and energetic, while the recording is noisy and in mono.","['low quality', 'electro', 'flat male vocal', 'punchy kick', 'punchy snare', 'shimmering cymbals', 'synth lead melody', 'energetic', 'exciting', 'noisy', 'mono']",test
pop,C:\Users\user\Downloads\gnn_bert_music_context\data\processed\graphs\pop\pop.00084.pkl,C:\Users\user\Downloads\gnn_bert_music_context\data\processed\features\pop\pop.00084.npy,MKXeCiPtZwo,This is an amateur recording of a young girl singing over a pop music piece in the background. The piece has a female vocal singing melodically while the electric guitar and the bass guitar play in the background. The rhythmic background consists of a very basic 4/4 rock drum beat.,"['karaoke', 'female child vocal', 'female vocal', 'pop music', 'electric guitar', 'bass guitar', 'drums']",test
hiphop,C:\Users\user\Downloads\gnn_bert_music_context\data\processed\graphs\hiphop\hiphop.00054.pkl,C:\Users\user\Downloads\gnn_bert_music_context\data\processed\features\hiphop\hiphop.00054.npy,BgTB_xt11bA,This song contains digital drums playing along with a raw synth bass sound playing a melody while a male voice is rapping in a higher key. Then a female voice takes over singing a melody along to the bass. This song may be playing loud when at home alone.,"['dubstep', 'digital drums', 'synth bass', 'male voice rapping', 'female voice singing', 'uptempo', 'energetic']",test
reggae,C:\Users\user\Downloads\gnn_bert_music_context\data\processed\graphs\reggae\reggae.00079.pkl,C:\Users\user\Downloads\gnn_bert_music_context\data\processed\features\reggae\reggae.00079.npy,yVWk3yq3Abc,"The low quality recording features a reggae song that consists of wide harmonizing low male vocals singing over groovy bass, muffled snare, shimmering hi hats, tinny percussive elements and offbeat piano chords. The recording is noisy and it sounds easygoing and chill.","['reggae', 'low quality', 'wide harmonizing low male vocals', 'offbeat piano chords', 'groovy bass', 'muffled snare', 'tinny percussive elements', 'shimmering hi hats', 'noisy', 'easygoing', 'chill']",test
blues,C:\Users\user\Downloads\gnn_bert_music_context\data\processed\graphs\blues\blues.00020.pkl,C:\Users\user\Downloads\gnn_bert_music_context\data\processed\features\blues\blues.00020.npy,40i3_JH6FYw,This is a recording of an instrumental jam. There is a blues type solo being performed on an overdriven electric guitar. The guitar has an 80s sound. This recording could be sampled for use in beat-making or as an advertisement jingle.,"['jam', 'instrumental', 'single instrument', 'overdriven electric guitar', 'guitar solo', '80s sound', 'blues']",test
classical,C:\Users\user\Downloads\gnn_bert_music_context\data\processed\graphs\classical\classical.00047.pkl,C:\Users\user\Downloads\gnn_bert_music_context\data\processed\features\classical\classical.00047.npy,A2WdjyKQ57A,This is the live performance of a classical music piece. The piece is being performed with a harpsichord. It is in the minor key. The piece is medieval sounding. It could fit perfectly in the soundtrack of a historical drama that takes place in the medieval era.,"['classical music', 'live performance', 'baroque', 'harpsichord', 'medieval sounding']",test
pop,C:\Users\user\Downloads\gnn_bert_music_context\data\processed\graphs\pop\pop.00005.pkl,C:\Users\user\Downloads\gnn_bert_music_context\data\processed\features\pop\pop.00005.npy,-e4wXAy1iVo,Two female voices are singing in harmony to a ukulele strumming chords. One of the voices is deeper and the other one higher. This song may be jamming together at home.,"['pop', 'ukulele', 'female voices singing', 'harmony', 'amateur recording', 'medium to uptempo']",test
blues,C:\Users\user\Downloads\gnn_bert_music_context\data\processed\graphs\blues\blues.00032.pkl,C:\Users\user\Downloads\gnn_bert_music_context\data\processed\features\blues\blues.00032.npy,NlUf1ppoSG4,"This music is instrumental , the tempo is slow with an electric guitar lead and a strong bass guitar accompaniment. The music is assertive and emphatic but sounds sad, melancholic,nostalgic, romantic , wistful and sentimental. This music is Blues Harmony.","['instrumental', 'slow tempo', 'electric guitar lead', 'melancholic', 'nostalgia', 'sad', 'wistful', 'romantic', 'sentimental', 'emotional', 'bass guitar accompaniment', 'groovy', 'blues', 'r&b', 'jazz', 'dissonant harmony', 'melancholic', 'somber', 'blues lessons', 'electric guitar lesson', 'simple melody']",test
reggae,C:\Users\user\Downloads\gnn_bert_music_context\data\processed\graphs\reggae\reggae.00090.pkl,C:\Users\user\Downloads\gnn_bert_music_context\data\processed\features\reggae\reggae.00090.npy,mcAsO331Z9s,"This music is an upbeat instrumental. The tempo is fast with a plethora of instruments like trumpets, congas, bongos, steel drum, accordion,saxophone, keyboard,and electric guitar. The music is perky, buoyant, high spirited, enthusiastic, energetic with complex harmonies. This music is a contemporary take in Traditional Latin folk music.","['instrumental', 'fast tempo', 'trumpets', 'complex harmonies', 'syncopated', 'electronic reggae', 'synthesiser arrangement', 'folk music', 'latin folk', 'world music', 'accordion harmony', 'psychedelic', 'party song', 'dance groove', 'contemporary traditional music', 'trombone', 'conga', 'bongos', 'steel pan', 'saxophone', 'electric guitar', 'groovy bass', 'upbeat', 'cheerful', 'happy merry', 'polyrhythms', 'animated', 'high-spirited', 'lively', 'colourful', 'vivid', 'vivacious']",test
hiphop,C:\Users\user\Downloads\gnn_bert_music_context\data\processed\graphs\hiphop\hiphop.00039.pkl,C:\Users\user\Downloads\gnn_bert_music_context\data\processed\features\hiphop\hiphop.00039.npy,yZRTQX8pcMY,"This music is a percussive instrumental. The tempo is fast with a beatboxing rhythm. The beat is a vigorous, rapid, youthful, energetic, enthusiastic imitation of the drum machine. The audio quality is inferior so the music is muffled.","['instrumental', 'fast tempo', 'percussion', 'beat boating', 'rapid', 'vocal drumming', 'rap', 'hip-hop', 'vocal percussion', 'rhythmic beats', 'home recording', 'amateur recording', 'inferior audio quality', 'digital drum imitation', 'vigorous', 'energetic', 'youthful']",test
country,C:\Users\user\Downloads\gnn_bert_music_context\data\processed\graphs\country\country.00093.pkl,C:\Users\user\Downloads\gnn_bert_music_context\data\processed\features\country\country.00093.npy,kmZFn-CQ19A,This audio contains someone playing an acoustic guitar fingerstyle. An upright bass is playing a line in the background. This song may be playing guitar to someone.,"['amateur recording', 'country', 'acoustic guitar', 'uprightbass', 'uptempo']",test
pop,C:\Users\user\Downloads\gnn_bert_music_context\data\processed\graphs\pop\pop.00076.pkl,C:\Users\user\Downloads\gnn_bert_music_context\data\processed\features\pop\pop.00076.npy,RcfaWoTywcA,The drums is playing a beat that reminds of a slower version of reggaeton along with some shakers and other percussive elements that are slightly panned to the right side of the speakers. An e-bass is helping to create a mood for dancing. A plucked string instrument is playing an oriental melody accompanied by a string-section playing along and adding little melody-licks. You can hear some backing vocals shouting to the rhythm. This song may be playing at a cafe.,"['turkish pop/dancemusic', 'e-bass', 'electronic drums', 'plucked strings', 'male sample shouting', 'strings', 'medium tempo']",test
pop,C:\Users\user\Downloads\gnn_bert_music_context\data\processed\graphs\pop\pop.00025.pkl,C:\Users\user\Downloads\gnn_bert_music_context\data\processed\features\pop\pop.00025.npy,1PKxdTlquCA,"The Pop song features a flat female vocal, supported by wide harmonizing background vocals, singing over groovy acoustic rhythm guitar, offbeat shimmering open hats, claps, offbeat synth keys chords and a simple ""4 on the floor"" kick pattern that perfectly complements the groovy bass. Sounds energetic and uptempo, like something you would hear in clubs, or on a radio.","['pop', '4 on the floor kick', 'offbeat synth keys chords', 'groovy bass', 'claps', 'offbeat shimmering open hats', 'flat female vocal', 'wide background harmonizing vocals', 'groovy acoustic rhythm guitar', 'uptempo', 'energetic']",test
rock,C:\Users\user\Downloads\gnn_bert_music_context\data\processed\graphs\rock\rock.00055.pkl,C:\Users\user\Downloads\gnn_bert_music_context\data\processed\features\rock\rock.00055.npy,GF8QWSW0UbY,This is an isolated vocal track of a rock opera piece. There are no instruments. A passionate male vocalist is singing melodically in the lead. There is a choir in the background providing medium-to-high pitched back vocals. There is an uplifting atmosphere. This piece could be used in remixes. Vocal samples can be lifted for DJ sets or beat-making.,"['rock opera', 'vocal track', 'no instruments', 'male vocal', 'passionate singing', 'choir', 'dramatic', 'uplifting', 'vibrant']",test
disco,C:\Users\user\Downloads\gnn_bert_music_context\data\processed\graphs\disco\disco.00087.pkl,C:\Users\user\Downloads\gnn_bert_music_context\data\processed\features\disco\disco.00087.npy,Q7oWXOByo28,This electropop song features a female voice singing a repetitive melody. The voice seems like it is coming from a distance. This is accompanied by programmed percussion playing a disco beat. The kick is played at every count. The bass plays a funky bass line using octaves and filler notes in between. There are synth layers that are played in this song. One synth layer plays a piano-sounding loop only with chords. Another synth layer plays an ascending and descending loop according to the chords being played. This song has a happy mood and can be played in a club.,"['electropop', 'dance music', 'female voice', 'repetitive vocal melody', 'distant sounding voice', 'disco music', 'funky bass', 'programmed percussion', 'fast tempo', 'synth sounds', 'happy mood', 'club song']",test
rock,C:\Users\user\Downloads\gnn_bert_music_context\data\processed\graphs\rock\rock.00032.pkl,C:\Users\user\Downloads\gnn_bert_music_context\data\processed\features\rock\rock.00032.npy,rnOIXOGfSUE,This is a low quality recording of a rock song. The main lead melody is sung by a male voice. Other male voices sing vocables in the background in between lines. A string ensemble plays fills in the background with an ascending lick in between lines. The percussion plays a simple rock beat in common time with snare strokes on every alternate count. The bass plays the root notes of the chords. The mood of this song is motivational. Other instruments cannot be identified due to the low audio quality. This song can be played at the end credits of a superhero movie.,"['low quality recording', 'rock song', 'male voice', 'strings', 'percussion', 'bass', 'vocables', 'bass', 'moderate tempo', 'motivational']",test
country,C:\Users\user\Downloads\gnn_bert_music_context\data\processed\graphs\country\country.00031.pkl,C:\Users\user\Downloads\gnn_bert_music_context\data\processed\features\country\country.00031.npy,Qu76GhRO9Yk,This song contains a piano playing short rhythmic chords along with an acoustic guitar and an upright bass playing the same melody. A brass melody is opening the scene. sound  A male voice is singing in a higher register. This song may be playing while celebrating with the whole family on a national holiday.,"['country', 'acoustic guitar', 'piano', 'acoustic drums', 'upright bass', 'male voice singing', 'higher key', 'brass', 'uptempo', 'uplifting energy']",test
pop,C:\Users\user\Downloads\gnn_bert_music_context\data\processed\graphs\pop\pop.00062.pkl,C:\Users\user\Downloads\gnn_bert_music_context\data\processed\features\pop\pop.00062.npy,iX_a2Ct0ya8,This is an acapella performance with a beautiful male pop vocal that has a combination of airy and raspy qualities. The song would fit in the pop genre. The clip features non-verbal ad libs such as grunts and other vocal exclamations.,"['acapella', 'pop', 'groovy', 'energetic', 'airy raspy male vocal', 'ad-libs', 'grunts']",test
rock,C:\Users\user\Downloads\gnn_bert_music_context\data\processed\graphs\rock\rock.00021.pkl,C:\Users\user\Downloads\gnn_bert_music_context\data\processed\features\rock\rock.00021.npy,4hulNRgH6cI,"This music is instrumental.the tempo is slow with a boomy, menacing bass and synthesiser arrangements. The music is deliberate, menacing, precarious,threatening, scary, sinister and grim. This music is Hard Rock.","['instrumental', 'boomy bass line', 'synthesiser articulation', 'intense electric guitar feedback', 'slow tempo', 'grim', 'dangerous', 'threatening', 'savage', 'precarious', 'sinister', 'ambiguous', 'hard rock', 'rock']",test
jazz,C:\Users\user\Downloads\gnn_bert_music_context\data\processed\graphs\jazz\jazz.00009.pkl,C:\Users\user\Downloads\gnn_bert_music_context\data\processed\features\jazz\jazz.00009.npy,HLz3N5nG8fQ,An acoustic drum is playing a jazzy groove on the ride along with a bassline while an e-guitar is playing jazz chords with a lot of changes together with an acoustic piano rendering phrases with an uplifting melody. The singer's voice sounds low and romantic. This song may be playing while dancing with a partner.,"['jazz/ballad', 'acoustic piano', 'acoustic drums', 'e-bass', 'e-guitar', 'male deep voice singing', 'crowd cheering and clapping', 'medium to uptempo', 'romantic']",test
rock,C:\Users\user\Downloads\gnn_bert_music_context\data\processed\graphs\rock\rock.00083.pkl,C:\Users\user\Downloads\gnn_bert_music_context\data\processed\features\rock\rock.00083.npy,IiBgER0W8iA,This song contains e-guitars playing melodies and rhythmic strumming that are spread to both sides of the speakers. A male voice is singing a melancholic melody in a higher key sitting in the middle of the track. This song may be playing while walking through the park while listening to this song with headphones.,"['rock', 'e-guitars', 'male voice singing', 'medium tempo', 'melancholic vibe']",test
country,C:\Users\user\Downloads\gnn_bert_music_context\data\processed\graphs\country\country.00037.pkl,C:\Users\user\Downloads\gnn_bert_music_context\data\processed\features\country\country.00037.npy,ymGg5TA2YfM,This is a country/western swing music piece. There is a male vocalist singing melodically in the lead with a story-telling attitude. The main tune is being played by the electric guitar with a bass guitar backing. The rhythm is being played by the acoustic drums. The atmosphere is easygoing. This piece could be playing in the background at an American roadside diner.,"['country music', 'western swing', 'male vocal', 'melodic singing', 'story-telling mood', 'electric guitar', 'bass guitar', 'acoustic drums', 'easygoing', 'groovy']",test
country,C:\Users\user\Downloads\gnn_bert_music_context\data\processed\graphs\country\country.00068.pkl,C:\Users\user\Downloads\gnn_bert_music_context\data\processed\features\country\country.00068.npy,DHo1z0_ZUNA,The song is a slow country song - a country ballad played on a steel guitar. This is the type of song that would be suitable for an old country western movie where a hero character walks into a diner. This is a live recording and the song has a slow tempo.,"['steel guitar', 'country music', 'live recording', 'slow country music', 'country ballad', 'arpeggio', 'intricate steel guitar playing', 'country western', 'vintage country']",test
jazz,C:\Users\user\Downloads\gnn_bert_music_context\data\processed\graphs\jazz\jazz.00048.pkl,C:\Users\user\Downloads\gnn_bert_music_context\data\processed\features\jazz\jazz.00048.npy,YpOHemscGCk,"The low quality recording features a sipping sound effect and some repetitive, weird burping sounds, while the jazz song is playing in the background. It sounds like it is an audio from some cartoon on a TV, as it sounds mono and a bit noisy too - like it was recorded with a phone.","['low quality', 'noisy', 'sipping sound effect', 'repetitive weird burping sounds', 'mono', 'jazz', 'mono']",test
reggae,C:\Users\user\Downloads\gnn_bert_music_context\data\processed\graphs\reggae\reggae.00086.pkl,C:\Users\user\Downloads\gnn_bert_music_context\data\processed\features\reggae\reggae.00086.npy,ChyayWIp_vU,A male voice is singing along to a fast paced reggae instrumental. The drums are playing a reggae-groove along with a harmonica on the offbeat. Two e-guitars are playing a single note melody. Both are following the bassline adding harmonies. A saxophone is adding a little melody after every end of a phrase. The male voice is singing in the mid-range and sounds doubled. Some of the instruments are panned to the left and right side of the speakers. This song may be playing at a local bar.,"['reggae', 'saxophone', 'acoustic guitar', 'e-guitar', 'e-bass', 'acoustic drums', 'harmonica', 'male voice singing', 'positive energy', 'uptempo']",test
rock,C:\Users\user\Downloads\gnn_bert_music_context\data\processed\graphs\rock\rock.00051.pkl,C:\Users\user\Downloads\gnn_bert_music_context\data\processed\features\rock\rock.00051.npy,dw4YwJppiec,"This song has a cool vibe to it. The singer has a warm and suave tone to his voice and vocal delivery. This is an alternative rock song, with a slow tempo. It gives off a cool  and aloof vibe. There's reverb and echo on the singer's vocal.","['alternative rock', 'rock', 'live performance', 'reverb', 'echo vocals', 'warm magnetic male vocal', 'electric guitar sustain', 'simple rock drumming', 'slow tempo', 'chilled song']",test
classical,C:\Users\user\Downloads\gnn_bert_music_context\data\processed\graphs\classical\classical.00072.pkl,C:\Users\user\Downloads\gnn_bert_music_context\data\processed\features\classical\classical.00072.npy,DyPmDDN8m78,"The song is an instrumental. The song is medium tempo with keyboard harmony, string section harmony, piano playing melody and a poignant new age influence to the music. The song is emotional and ethereal in nature.","['instrumental music', 'piano accompaniment', 'philharmonic orchestra', 'mind-bending', 'heart felt', 'emotional', 'connected for ever', 'cosmic bonds', 'new age music', 'ethereal harmony', 'string section harmony', 'special sound effects', 'age of discovery', 'new wonders', 'space travel', 'instrumental music', 'medium tempo', 'supernatural', 'cosmic journey']",test
metal,C:\Users\user\Downloads\gnn_bert_music_context\data\processed\graphs\metal\metal.00090.pkl,C:\Users\user\Downloads\gnn_bert_music_context\data\processed\features\metal\metal.00090.npy,s7VkXHiULz8,This heavy metal song features a male voice singing the main melody. This voice sings in an angry tone. The voice is shrieking. This is accompanied by percussion playing an aggressive rock beat. The distortion guitar plays a riff which starts off on the root note and then plays higher notes in the scale descending back to the root note. The bass plays the root notes of the chords. The mood of this song is anger. This song can be played in an action sequence in a movie.,"['heavy metal song', 'shrieking voice', 'male voice', 'angry voice', 'distortion guitars', 'aggressive percussion', 'bass', 'fast tempo']",test
blues,C:\Users\user\Downloads\gnn_bert_music_context\data\processed\graphs\blues\blues.00087.pkl,C:\Users\user\Downloads\gnn_bert_music_context\data\processed\features\blues\blues.00087.npy,9QwaP-cvdeU,"This song is a Jazz instrumental . The tempo is slow with a lively saxophone harmony, groovy bass line, syncopated piano and slick drumming along with the sound of breeze, some clicking and super mario theme. The song in the background is classic Jazz.","['jazz music', 'instrumental', 'enthusiastic saxophone', 'super mario theme', 'jazz', 'blues', 'wind instrument', 'ambient', 'syncopated piano', 'improvisations', 'super mario tune', 'sound of wave board', 'breeze', 'background chatter', 'groovy bass guitar', 'slick drumming']",test
blues,C:\Users\user\Downloads\gnn_bert_music_context\data\processed\graphs\blues\blues.00001.pkl,C:\Users\user\Downloads\gnn_bert_music_context\data\processed\features\blues\blues.00001.npy,xZSioXdxo4Y,The song is an instrumental. The tempo is medium with an electric guitar playing a blues solo with an effects pedal and amplifier. The solo is heartfelt and has a lot of soul and spirit to it. The audio quality is bad.,"['guitar lead', 'bad audio quality', 'distortion pedal', 'amplifier tone', 'tone fades', 'heartfelt', 'blues solo', 'guitar tone demo', 'online guitar lessons', 'groovy music', 'instrumental song', 'home music video', 'demo video', 'banshee tone', 'medium tempo', 'no other instrumentation', 'no percussions', 'blues solo', 'soloist', 'guitar virtuoso']",test
classical,C:\Users\user\Downloads\gnn_bert_music_context\data\processed\graphs\classical\classical.00036.pkl,C:\Users\user\Downloads\gnn_bert_music_context\data\processed\features\classical\classical.00036.npy,GNjsxLdSwHI,"The low quality recording features a classical music played by orchestra that consists of staccato string melody, woodwinds melody, staccato brass melody and solo, low tuba melody. The recording is a bit noisy and it sounds like background music for old movies.","['live performance', 'orchestra', 'classical', 'noisy', 'low quality', 'staccato strings melody', 'woodwinds melody', 'staccato brass section', 'solo low tuba melody', 'background music']",test
hiphop,C:\Users\user\Downloads\gnn_bert_music_context\data\processed\graphs\hiphop\hiphop.00029.pkl,C:\Users\user\Downloads\gnn_bert_music_context\data\processed\features\hiphop\hiphop.00029.npy,A5fPSkTvjmY,"The low quality recording features a hip hop song that consists of a flat male vocal rapping over punchy kick and snare hits, shimmering hi hats, DJ scratching sound effects and groovy bass. It sounds energetic, upbeat and groovy.","['low quality', 'hip hop', 'punchy snare', 'dj scratching sounds', 'punchy kick', 'groovy bass', 'flat male vocal', 'shimmering hi hats', 'upbeat', 'groovy', 'energetic']",test
country,C:\Users\user\Downloads\gnn_bert_music_context\data\processed\graphs\country\country.00001.pkl,C:\Users\user\Downloads\gnn_bert_music_context\data\processed\features\country\country.00001.npy,3vEsFxolnFs,This clip is an instrumental with a female voice speaking. The tempo is medium with a banjo riff. This is a Banjo lesson on chord progression for country dance music. It is clear and crisp.,"['instrumental', 'medium tempo', 'female voice speaking', 'banjo lesson', 'banjo tutorial', 'country music', 'country string instruments', 'plucked string instrument', 'dance music', 'learning banjo']",test
classical,C:\Users\user\Downloads\gnn_bert_music_context\data\processed\graphs\classical\classical.00006.pkl,C:\Users\user\Downloads\gnn_bert_music_context\data\processed\features\classical\classical.00006.npy,2o1p83UjJFA,"This is the live performance of an orchestral rock piece. There is a male vocalist singing melodically in the lead. The piano is gently playing the main tune of the song. The tempo of the piece is slow. There is a profound, melancholic atmosphere. This piece could be used in the soundtrack of a drama movie/TV series. It could also be playing in the background at a rock/metal bar.","['live performance', 'orchestral rock', 'male vocal', 'melodic singing', 'piano', 'sentimental', 'melancholic', 'profound', 'slow tempo']",test
reggae,C:\Users\user\Downloads\gnn_bert_music_context\data\processed\graphs\reggae\reggae.00098.pkl,C:\Users\user\Downloads\gnn_bert_music_context\data\processed\features\reggae\reggae.00098.npy,GaNjXwElAUE,"An acoustic drum is playing a straight groove while an e-bass is playing a bassline that reminds of reggae. This feeling gets enhanced by a e-guitar strumming a short rhythmic chord on the offbeat giving the song its typical reggae vibe. On top of that, someone is playing a melody on a steeldrums. This song may be playing at beachbar.","['reggae', 'steeldrum', 'e-bass', 'e-guitar', 'acoustic drums', 'slow to medium tempo', 'good vibes']",test
metal,C:\Users\user\Downloads\gnn_bert_music_context\data\processed\graphs\metal\metal.00095.pkl,C:\Users\user\Downloads\gnn_bert_music_context\data\processed\features\metal\metal.00095.npy,P-eIhvCaK-s,"This is an instrumental heavy metal piece. There is a bass guitar gently playing the melody with a clean sound. It is a melodic piece with a touch of melancholy. This piece can be used in the soundtrack of a drama movie or a TV series, especially during flashback scenes. It could also be used in video games during story exposition cutscenes.","['heavy metal', 'no singer', 'single instrument', 'instrumental', 'bass guitar', 'clean sound', 'melodic', 'melancholic', 'soothing']",test
disco,C:\Users\user\Downloads\gnn_bert_music_context\data\processed\graphs\disco\disco.00027.pkl,C:\Users\user\Downloads\gnn_bert_music_context\data\processed\features\disco\disco.00027.npy,yzjbAxCnt7U,"The Disco song features a passionate male vocal, alongside harmonizing background vocals, singing over sustained strings melody, piano melody, brass melody, punchy kick and snare hits, shimmering hi hats and some claps. It sounds funky, addictive and passionate - like something you would hear in clubs during the 70s.","['disco', 'harmonizing background vocals', 'passionate male vocal', 'sustained strings melody', 'piano melody', 'brass melody', 'punchy kick', 'punchy snare', 'shimmering hi hats', 'claps', 'funky', 'addictive', 'passionate']",test
hiphop,C:\Users\user\Downloads\gnn_bert_music_context\data\processed\graphs\hiphop\hiphop.00018.pkl,C:\Users\user\Downloads\gnn_bert_music_context\data\processed\features\hiphop\hiphop.00018.npy,N1Mxns_JJTk,"The song is an advertisement jingle. A male singer sings rapping vocals, with a strong drumming rhythm, piano accompaniment, groovy bass line and a distorted guitar playing an aggressive lead. The song is high on adrenaline and energetic. The song is a soundtrack for an ad and is of poor audio quality.","['instrumental music', 'hard rock music', 'dj', 'poor audio quality', 'glass shattering sounds', 'disc scratching tones', 'medium tempo', 'string rock drumming', 'distorted guitar lead', 'piano accompaniment', 'groovy bass line', 'advertisement jingle', 'high spirited', 'adrenaline rush', 'male rapper']",test
metal,C:\Users\user\Downloads\gnn_bert_music_context\data\processed\graphs\metal\metal.00094.pkl,C:\Users\user\Downloads\gnn_bert_music_context\data\processed\features\metal\metal.00094.npy,Z19W44ZI15Q,"This is a home recording of two electric guitar players jamming some random rock/metal tunes. It is a dated amateur recording so the quality is quite poor. The electric guitars have a distortion effect that gives them a crunchy sound. The sound is hard-hitting, but the atmosphere feels spontaneous and random. Parts of this recording could be lifted as distorted electric guitar samples to be used in beat-making.","['jam', 'rehearsal', 'amateur recording', 'no singer', 'instrumental', 'distorted electric guitar', 'hard-hitting', 'crunchy', 'random']",test
pop,C:\Users\user\Downloads\gnn_bert_music_context\data\processed\graphs\pop\pop.00058.pkl,C:\Users\user\Downloads\gnn_bert_music_context\data\processed\features\pop\pop.00058.npy,92k_81uqMSM,"The song is an acoustic pop song with acoustic guitar strumming chords, a drumset playing a simple steady groove accompanied by a bassline. At every end of a phrase some keys are playing a chord in the middle to higher register. In the foreground are some noises made by a machine.  This song may be playing as background music.","['pop/backgroundmusic', 'acoustic guitar', 'acoustic drums', 'e-bass', 'keys', 'machine noises']",test
disco,C:\Users\user\Downloads\gnn_bert_music_context\data\processed\graphs\disco\disco.00020.pkl,C:\Users\user\Downloads\gnn_bert_music_context\data\processed\features\disco\disco.00020.npy,mpikDeSk-mM,"A female singer sings this cool dance melody. The song is medium-fast tempo with a cool dance groove, percussive bass line, steady dance rhythm, keyboard accompaniment and various percussion hits. The song is groovy and proper electronic dance music hit,","['electronic dance music', 'dj', 'female singer', 'beach party hits', 'retro pop hits', 'diva', 'groovy bas slime', 'strong drumming rhythm', 'various percussion hits', 'exciting', 'cheerful', 'romantic', 'groovy', 'love song', 'party all night', 'party hits', 'dance hits', 'retro dance music', 'miami larry', 'happening paces', 'dance floor', 'keyboard accompaniment', 'disco hits']",test
jazz,C:\Users\user\Downloads\gnn_bert_music_context\data\processed\graphs\jazz\jazz.00006.pkl,C:\Users\user\Downloads\gnn_bert_music_context\data\processed\features\jazz\jazz.00006.npy,MrMXYO2fzJ4,"The low quality recording features a latin jazz song played in the background over which a drums solo is played. The solo consists of shimmering hi hats, punchy snare and kick hits and low tom rolls, while the latin jazz song consists of groovy piano chords and wooden percussion. It sounds energetic and exciting.","['low quality', 'latin jazz', 'groovy piano chords', 'wooden percussion', 'drums solo', 'punchy kick', 'punchy snare', 'low tom roll', 'shimmering hi hats', 'energetic', 'exciting']",test
metal,C:\Users\user\Downloads\gnn_bert_music_context\data\processed\graphs\metal\metal.00097.pkl,C:\Users\user\Downloads\gnn_bert_music_context\data\processed\features\metal\metal.00097.npy,wxKtBDKasgM,"The song is a black metal band which features a heavily distorted, sustained guitar chord. The male voice is croaky, raspy, deep and fuzzy. There is a soft choral vocal in the background.","['metal', 'rock', 'black metal', 'distorted guitar chords', 'haunting', 'mysterious', 'croaky male voice', 'raspy male voice', 'christian choral backing vocals']",test
reggae,C:\Users\user\Downloads\gnn_bert_music_context\data\processed\graphs\reggae\reggae.00042.pkl,C:\Users\user\Downloads\gnn_bert_music_context\data\processed\features\reggae\reggae.00042.npy,gWRfk8nCcPs,"This reggae song features a male voice. He sings the first line and laughs at the end of the first sentence. He continues to sing the melody. The voice is accompanied by programmed percussion playing a simple beat. The bass plays the root notes of the chords. A keyboard plays chords in the background with a reggae feel. Another keyboard plays a fill in between lines. At the end, backing singers sing in harmony. This song has a holiday mood. This song can be played in a holiday movie.","['reggae song', 'male voice', 'holiday mood', 'programmed percussion', 'keyboard', 'shaker', 'moderate tempo']",test
classical,C:\Users\user\Downloads\gnn_bert_music_context\data\processed\graphs\classical\classical.00061.pkl,C:\Users\user\Downloads\gnn_bert_music_context\data\processed\features\classical\classical.00061.npy,x9bcsYF_by8,"This symphonic song features a melody played on a cello. This is accompanied by violins playing in the background. It starts off as a slow tempo song. After a brief pause, the instruments play staccato notes at a faster tempo. There is no percussion in this song. There are no voices in this song. This is a classical instrumental piece. This song can be played in a luxury watch advertisement.","['symphonic song', 'string section', 'cello', 'violins', 'classical song', 'no voices', 'instrumental', 'slow tempo']",test
rock,C:\Users\user\Downloads\gnn_bert_music_context\data\processed\graphs\rock\rock.00092.pkl,C:\Users\user\Downloads\gnn_bert_music_context\data\processed\features\rock\rock.00092.npy,JR-1k8GHYAw,"This is a punk rock piece that is being sung by children. The main vocal is a boy singing in a shouting manner while slightly straying off-key. There is an electric guitar and acoustic drums in the backing track of a song. The piece is clearly targeted for children. Therefore, it would fit perfectly in a play date or birthday party for little kids. The music is also suitable for an advertisement jingle that is targeted at kids.","['punk rock', 'child vocals', 'shouting-like singing', 'electric guitar', 'acoustic drums', 'funny', 'uplifting']",test
country,C:\Users\user\Downloads\gnn_bert_music_context\data\processed\graphs\country\country.00072.pkl,C:\Users\user\Downloads\gnn_bert_music_context\data\processed\features\country\country.00072.npy,nqd7mXvHupU,"The low quality recording features a live performance of a country song and it consists of banjo solo melody and electric guitar melody going back and forth, energetic drums, groovy bass and sustained strings melody playing in the background. The recording is noisy and in mono, and it sounds energetic and passionate.","['low quality', 'mono', 'noisy', 'live performance', 'banjo solo melody', 'electric guitar solo melody', 'energetic drums', 'groovy bass', 'sustained string melody', 'energetic', 'passionate', 'country', 'uptempo']",test
reggae,C:\Users\user\Downloads\gnn_bert_music_context\data\processed\graphs\reggae\reggae.00003.pkl,C:\Users\user\Downloads\gnn_bert_music_context\data\processed\features\reggae\reggae.00003.npy,xt6V3Ic72nE,"This is the live performance of a reggae piece. There is a male vocal hollering while a younger sounding male vocal is singing in a Jamaican accent. An electric guitar is strumming chords in staccato while a bass guitar is playing a groovy bass line. In the rhythmic background, there is an acoustic drum playing a reggae beat. The atmosphere is chill. This piece could be played at beach parties and in the soundtracks of summer vacation-themed movies or TV shows.","['reggae', 'dub', 'live performance', 'male vocal', 'teen male vocal', 'electric guitar', 'bass guitar', 'acoustic guitar', 'groovy', 'laid back', 'fun', 'chill']",test
reggae,C:\Users\user\Downloads\gnn_bert_music_context\data\processed\graphs\reggae\reggae.00022.pkl,C:\Users\user\Downloads\gnn_bert_music_context\data\processed\features\reggae\reggae.00022.npy,s1JHUf3Q_F0,This reggae song features a male voice singing the main melody. Another voice is singing in harmony with the main voice. This is accompanied by reggae percussion. A timbale is played on every third count. Jam blocks are also played in the background. The bass plays a funky bassline with a reggae feel. Synth sounds are played in the background. This song can be played in a bar.,"['reggae song', 'male voice', 'vocal harmony', 'reggae drums', 'funky bass', 'moderate tempo', 'shaker', 'timbale', 'jam block']",test
disco,C:\Users\user\Downloads\gnn_bert_music_context\data\processed\graphs\disco\disco.00097.pkl,C:\Users\user\Downloads\gnn_bert_music_context\data\processed\features\disco\disco.00097.npy,lXrypwLQO3U,"The Disco song features a passionate female vocalist singing over a funky electric guitar melody, groovy bass, punchy kick and claps. It sounds passionate, funky and groovy - like something you would hear in clubs during the 80s.","['disco', 'low quality', 'passionate female vocal', 'funky electric guitar melody', 'groovy bass', 'punchy kick', 'claps', 'passionate', 'funky', 'groovy']",test
disco,C:\Users\user\Downloads\gnn_bert_music_context\data\processed\graphs\disco\disco.00037.pkl,C:\Users\user\Downloads\gnn_bert_music_context\data\processed\features\disco\disco.00037.npy,6YXjJ6ABnZU,"A male singer sings this rapping vocals with a backup singer. The song is medium tempo with a groovy drum rhythm, disc scratching sounds, strong bass line and string accompaniment. The song is groovy and has a dance rhythm. The song audio quality is poor.","['techno pop music', 'male vocals', 'rapping vocals', 'dance party', 'all night party', 'discotheque', 'dance floor', 'dance rhythm', 'energetic', 'exciting', 'medium tempo', 'dj turntable', 'ambient noises', 'poor audio quality', 'dance music', 'electronic dance music', 'groovy music', 'dj face off', 'disc scratching noises']",test
